{"total_rows":13,"offset":0,"rows":[
{"id":"territory_warfare_rankings:101","key":101,"value":{"type":1,"min":1,"max":1,"warXun":5000,"groupCapital":20000}},
{"id":"territory_warfare_rankings:102","key":102,"value":{"type":1,"min":2,"max":5,"warXun":4000,"groupCapital":15000}},
{"id":"territory_warfare_rankings:103","key":103,"value":{"type":1,"min":6,"max":20,"warXun":3000,"groupCapital":10000}},
{"id":"territory_warfare_rankings:104","key":104,"value":{"type":1,"min":21,"max":50,"warXun":2500,"groupCapital":8000}},
{"id":"territory_warfare_rankings:105","key":105,"value":{"type":1,"min":51,"max":100,"warXun":2000,"groupCapital":5000}},
{"id":"territory_warfare_rankings:106","key":106,"value":{"type":1,"min":101,"max":-1,"warXun":1000,"groupCapital":4000}},
{"id":"territory_warfare_rankings:201","key":201,"value":{"type":2,"min":1,"max":1,"warXun":1500}},
{"id":"territory_warfare_rankings:202","key":202,"value":{"type":2,"min":2,"max":2,"warXun":1200}},
{"id":"territory_warfare_rankings:203","key":203,"value":{"type":2,"min":3,"max":5,"warXun":1000}},
{"id":"territory_warfare_rankings:204","key":204,"value":{"type":2,"min":6,"max":10,"warXun":800}},
{"id":"territory_warfare_rankings:205","key":205,"value":{"type":2,"min":11,"max":20,"warXun":600}},
{"id":"territory_warfare_rankings:206","key":206,"value":{"type":2,"min":21,"max":50,"warXun":500}},
{"id":"territory_warfare_rankings:207","key":207,"value":{"type":2,"min":51,"max":-1,"warXun":500}}
]}
