{"total_rows":57,"offset":0,"rows":[
{"id":"devil_shop:10101","key":10101,"value":{"item":206020101,"bind":true,"amount":1,"layer":1,"price":30,"currency":"et"}},
{"id":"devil_shop:10102","key":10102,"value":{"item":206030101,"bind":true,"amount":1,"layer":1,"price":20,"currency":"et"}},
{"id":"devil_shop:10103","key":10103,"value":{"item":206030201,"bind":true,"amount":1,"layer":1,"price":20,"currency":"et"}},
{"id":"devil_shop:10104","key":10104,"value":{"item":206030301,"bind":true,"amount":1,"layer":1,"price":20,"currency":"et"}},
{"id":"devil_shop:10110","key":10110,"value":{"item":206020102,"bind":true,"amount":1,"layer":20,"price":80,"currency":"et"}},
{"id":"devil_shop:10111","key":10111,"value":{"item":206030102,"bind":true,"amount":1,"layer":20,"price":58,"currency":"et"}},
{"id":"devil_shop:10112","key":10112,"value":{"item":206030202,"bind":true,"amount":1,"layer":20,"price":58,"currency":"et"}},
{"id":"devil_shop:10113","key":10113,"value":{"item":206030302,"bind":true,"amount":1,"layer":20,"price":58,"currency":"et"}},
{"id":"devil_shop:10114","key":10114,"value":{"item":206030402,"bind":true,"amount":1,"layer":20,"price":68,"currency":"et"}},
{"id":"devil_shop:10115","key":10115,"value":{"item":206030502,"bind":true,"amount":1,"layer":20,"price":68,"currency":"et"}},
{"id":"devil_shop:10116","key":10116,"value":{"item":206030602,"bind":true,"amount":1,"layer":20,"price":68,"currency":"et"}},
{"id":"devil_shop:10117","key":10117,"value":{"item":206030702,"bind":true,"amount":1,"layer":20,"price":68,"currency":"et"}},
{"id":"devil_shop:10119","key":10119,"value":{"item":206020103,"bind":true,"amount":1,"layer":50,"price":120,"currency":"et"}},
{"id":"devil_shop:10120","key":10120,"value":{"item":206020104,"bind":true,"amount":1,"layer":70,"price":280,"currency":"et"}},
{"id":"devil_shop:10121","key":10121,"value":{"item":206030103,"bind":true,"amount":1,"layer":50,"price":80,"currency":"et"}},
{"id":"devil_shop:10122","key":10122,"value":{"item":206030203,"bind":true,"amount":1,"layer":50,"price":80,"currency":"et"}},
{"id":"devil_shop:10123","key":10123,"value":{"item":206030303,"bind":true,"amount":1,"layer":50,"price":80,"currency":"et"}},
{"id":"devil_shop:10124","key":10124,"value":{"item":206030403,"bind":true,"amount":1,"layer":50,"price":100,"currency":"et"}},
{"id":"devil_shop:10125","key":10125,"value":{"item":206030503,"bind":true,"amount":1,"layer":50,"price":100,"currency":"et"}},
{"id":"devil_shop:10126","key":10126,"value":{"item":206030603,"bind":true,"amount":1,"layer":50,"price":100,"currency":"et"}},
{"id":"devil_shop:10127","key":10127,"value":{"item":206030703,"bind":true,"amount":1,"layer":50,"price":100,"currency":"et"}},
{"id":"devil_shop:10128","key":10128,"value":{"item":206030803,"bind":true,"amount":1,"layer":50,"price":100,"currency":"et"}},
{"id":"devil_shop:10129","key":10129,"value":{"item":206020105,"bind":true,"amount":1,"layer":90,"price":380,"currency":"et"}},
{"id":"devil_shop:10130","key":10130,"value":{"item":206030104,"bind":true,"amount":1,"layer":70,"price":180,"currency":"et"}},
{"id":"devil_shop:10131","key":10131,"value":{"item":206030204,"bind":true,"amount":1,"layer":70,"price":180,"currency":"et"}},
{"id":"devil_shop:10132","key":10132,"value":{"item":206030304,"bind":true,"amount":1,"layer":70,"price":180,"currency":"et"}},
{"id":"devil_shop:10133","key":10133,"value":{"item":206030404,"bind":true,"amount":1,"layer":70,"price":230,"currency":"et"}},
{"id":"devil_shop:10134","key":10134,"value":{"item":206030504,"bind":true,"amount":1,"layer":70,"price":230,"currency":"et"}},
{"id":"devil_shop:10135","key":10135,"value":{"item":206030604,"bind":true,"amount":1,"layer":70,"price":230,"currency":"et"}},
{"id":"devil_shop:10136","key":10136,"value":{"item":206030704,"bind":true,"amount":1,"layer":70,"price":230,"currency":"et"}},
{"id":"devil_shop:10137","key":10137,"value":{"item":206030804,"bind":true,"amount":1,"layer":70,"price":230,"currency":"et"}},
{"id":"devil_shop:10138","key":10138,"value":{"item":206020106,"bind":true,"amount":1,"layer":120,"price":680,"currency":"et"}},
{"id":"devil_shop:10139","key":10139,"value":{"item":206030105,"bind":true,"amount":1,"layer":90,"price":260,"currency":"et"}},
{"id":"devil_shop:10140","key":10140,"value":{"item":206030205,"bind":true,"amount":1,"layer":90,"price":260,"currency":"et"}},
{"id":"devil_shop:10141","key":10141,"value":{"item":206030305,"bind":true,"amount":1,"layer":90,"price":260,"currency":"et"}},
{"id":"devil_shop:10142","key":10142,"value":{"item":206030405,"bind":true,"amount":1,"layer":90,"price":320,"currency":"et"}},
{"id":"devil_shop:10143","key":10143,"value":{"item":206030505,"bind":true,"amount":1,"layer":90,"price":320,"currency":"et"}},
{"id":"devil_shop:10144","key":10144,"value":{"item":206030605,"bind":true,"amount":1,"layer":90,"price":320,"currency":"et"}},
{"id":"devil_shop:10145","key":10145,"value":{"item":206030705,"bind":true,"amount":1,"layer":90,"price":320,"currency":"et"}},
{"id":"devil_shop:10146","key":10146,"value":{"item":206030805,"bind":true,"amount":1,"layer":90,"price":320,"currency":"et"}},
{"id":"devil_shop:10147","key":10147,"value":{"item":206020107,"bind":true,"amount":1,"layer":140,"price":880,"currency":"et"}},
{"id":"devil_shop:10148","key":10148,"value":{"item":206030106,"bind":true,"amount":1,"layer":120,"price":450,"currency":"et"}},
{"id":"devil_shop:10149","key":10149,"value":{"item":206030206,"bind":true,"amount":1,"layer":120,"price":450,"currency":"et"}},
{"id":"devil_shop:10150","key":10150,"value":{"item":206030306,"bind":true,"amount":1,"layer":120,"price":450,"currency":"et"}},
{"id":"devil_shop:10151","key":10151,"value":{"item":206030406,"bind":true,"amount":1,"layer":120,"price":580,"currency":"et"}},
{"id":"devil_shop:10152","key":10152,"value":{"item":206030506,"bind":true,"amount":1,"layer":120,"price":580,"currency":"et"}},
{"id":"devil_shop:10153","key":10153,"value":{"item":206030606,"bind":true,"amount":1,"layer":120,"price":580,"currency":"et"}},
{"id":"devil_shop:10154","key":10154,"value":{"item":206030706,"bind":true,"amount":1,"layer":120,"price":580,"currency":"et"}},
{"id":"devil_shop:10155","key":10155,"value":{"item":206030806,"bind":true,"amount":1,"layer":120,"price":580,"currency":"et"}},
{"id":"devil_shop:10157","key":10157,"value":{"item":206030107,"bind":true,"amount":1,"layer":140,"price":580,"currency":"et"}},
{"id":"devil_shop:10158","key":10158,"value":{"item":206030207,"bind":true,"amount":1,"layer":140,"price":580,"currency":"et"}},
{"id":"devil_shop:10159","key":10159,"value":{"item":206030307,"bind":true,"amount":1,"layer":140,"price":580,"currency":"et"}},
{"id":"devil_shop:10160","key":10160,"value":{"item":206030407,"bind":true,"amount":1,"layer":140,"price":750,"currency":"et"}},
{"id":"devil_shop:10161","key":10161,"value":{"item":206030507,"bind":true,"amount":1,"layer":140,"price":750,"currency":"et"}},
{"id":"devil_shop:10162","key":10162,"value":{"item":206030607,"bind":true,"amount":1,"layer":140,"price":750,"currency":"et"}},
{"id":"devil_shop:10163","key":10163,"value":{"item":206030707,"bind":true,"amount":1,"layer":140,"price":750,"currency":"et"}},
{"id":"devil_shop:10164","key":10164,"value":{"item":206030807,"bind":true,"amount":1,"layer":140,"price":750,"currency":"et"}}
]}
