{"total_rows":5,"offset":0,"rows":[
{"id":"liveness_rewards:1","key":1,"value":{"liveness":180,"rewards":[["item",208021101,1,true]]}},
{"id":"liveness_rewards:2","key":2,"value":{"liveness":360,"rewards":[["item",208020421,1,true]]}},
{"id":"liveness_rewards:3","key":3,"value":{"liveness":540,"rewards":[["item",208100101,1,true]]}},
{"id":"liveness_rewards:4","key":4,"value":{"liveness":720,"rewards":[["item",208020902,1,true]]}},
{"id":"liveness_rewards:6","key":6,"value":{"liveness":900,"rewards":[["item",208021710,1,true]]}}
]}
