{"total_rows":365,"offset":0,"rows":[
{"id":"checkin:101","key":101,"value":{"rewards":[["item",208021602,1,true]]}},
{"id":"checkin:102","key":102,"value":{"rewards":[["item",206020101,1,true]]}},
{"id":"checkin:103","key":103,"value":{"rewards":[["item",208030303,3,true]]}},
{"id":"checkin:104","key":104,"value":{"rewards":[["item",208030601,3,true]],"vip":{"level":1,"bonus":2}}},
{"id":"checkin:105","key":105,"value":{"rewards":[["item",208021706,2,true]]}},
{"id":"checkin:106","key":106,"value":{"rewards":[["item",208030201,2,true]]}},
{"id":"checkin:107","key":107,"value":{"rewards":[["item",208040301,1,true]],"vip":{"level":4,"bonus":2}}},
{"id":"checkin:108","key":108,"value":{"rewards":[["item",208030101,2,true]],"vip":{"level":2,"bonus":2}}},
{"id":"checkin:109","key":109,"value":{"rewards":[["item",208021602,2,true]]}},
{"id":"checkin:110","key":110,"value":{"rewards":[["item",206020101,2,true]]}},
{"id":"checkin:111","key":111,"value":{"rewards":[["item",208030303,5,true]]}},
{"id":"checkin:112","key":112,"value":{"rewards":[["item",208030601,3,true]],"vip":{"level":1,"bonus":2}}},
{"id":"checkin:113","key":113,"value":{"rewards":[["item",208021706,4,true]]}},
{"id":"checkin:114","key":114,"value":{"rewards":[["item",208030201,3,true]],"vip":{"level":5,"bonus":2}}},
{"id":"checkin:115","key":115,"value":{"rewards":[["item",208040301,2,true]],"vip":{"level":4,"bonus":2}}},
{"id":"checkin:116","key":116,"value":{"rewards":[["item",208030101,2,true]],"vip":{"level":2,"bonus":2}}},
{"id":"checkin:117","key":117,"value":{"rewards":[["item",208021602,3,true]],"vip":{"level":3,"bonus":2}}},
{"id":"checkin:118","key":118,"value":{"rewards":[["item",206020102,1,true]]}},
{"id":"checkin:119","key":119,"value":{"rewards":[["item",208030303,8,true]]}},
{"id":"checkin:120","key":120,"value":{"rewards":[["item",208021706,5,true]]}},
{"id":"checkin:121","key":121,"value":{"rewards":[["item",208030201,4,true]],"vip":{"level":5,"bonus":2}}},
{"id":"checkin:122","key":122,"value":{"rewards":[["item",208030101,4,true]]}},
{"id":"checkin:123","key":123,"value":{"rewards":[["item",208021602,4,true]],"vip":{"level":3,"bonus":2}}},
{"id":"checkin:124","key":124,"value":{"rewards":[["item",206020103,1,true]]}},
{"id":"checkin:125","key":125,"value":{"rewards":[["item",208030303,12,true]]}},
{"id":"checkin:126","key":126,"value":{"rewards":[["item",208021711,1,true]]}},
{"id":"checkin:127","key":127,"value":{"rewards":[["item",208030201,5,true]]}},
{"id":"checkin:128","key":128,"value":{"rewards":[["item",208030101,4,true]]}},
{"id":"checkin:129","key":129,"value":{"rewards":[["item",208040303,1,true]],"vip":{"level":7,"bonus":2}}},
{"id":"checkin:130","key":130,"value":{"rewards":[["item",208021605,1,true]],"vip":{"level":6,"bonus":2}}},
{"id":"checkin:131","key":131,"value":{"rewards":[["item",206020102,2,true]]}},
{"id":"checkin:201","key":201,"value":{"rewards":[["item",208021602,1,true]]}},
{"id":"checkin:202","key":202,"value":{"rewards":[["item",206020101,1,true]]}},
{"id":"checkin:203","key":203,"value":{"rewards":[["item",208030303,3,true]]}},
{"id":"checkin:204","key":204,"value":{"rewards":[["item",208030601,3,true]],"vip":{"level":1,"bonus":2}}},
{"id":"checkin:205","key":205,"value":{"rewards":[["item",208021706,2,true]]}},
{"id":"checkin:206","key":206,"value":{"rewards":[["item",208030201,2,true]]}},
{"id":"checkin:207","key":207,"value":{"rewards":[["item",208040301,1,true]],"vip":{"level":4,"bonus":2}}},
{"id":"checkin:208","key":208,"value":{"rewards":[["item",208030101,2,true]],"vip":{"level":2,"bonus":2}}},
{"id":"checkin:209","key":209,"value":{"rewards":[["item",208021602,2,true]]}},
{"id":"checkin:210","key":210,"value":{"rewards":[["item",206020101,2,true]]}},
{"id":"checkin:211","key":211,"value":{"rewards":[["item",208030303,5,true]]}},
{"id":"checkin:212","key":212,"value":{"rewards":[["item",208030601,3,true]],"vip":{"level":1,"bonus":2}}},
{"id":"checkin:213","key":213,"value":{"rewards":[["item",208021706,4,true]]}},
{"id":"checkin:214","key":214,"value":{"rewards":[["item",208030201,3,true]],"vip":{"level":5,"bonus":2}}},
{"id":"checkin:215","key":215,"value":{"rewards":[["item",208040301,2,true]],"vip":{"level":4,"bonus":2}}},
{"id":"checkin:216","key":216,"value":{"rewards":[["item",208030101,2,true]],"vip":{"level":2,"bonus":2}}},
{"id":"checkin:217","key":217,"value":{"rewards":[["item",208021602,3,true]],"vip":{"level":3,"bonus":2}}},
{"id":"checkin:218","key":218,"value":{"rewards":[["item",206020102,1,true]]}},
{"id":"checkin:219","key":219,"value":{"rewards":[["item",208030303,8,true]]}},
{"id":"checkin:220","key":220,"value":{"rewards":[["item",208021706,5,true]]}},
{"id":"checkin:221","key":221,"value":{"rewards":[["item",208030201,4,true]],"vip":{"level":5,"bonus":2}}},
{"id":"checkin:222","key":222,"value":{"rewards":[["item",208030101,4,true]]}},
{"id":"checkin:223","key":223,"value":{"rewards":[["item",208021602,4,true]],"vip":{"level":3,"bonus":2}}},
{"id":"checkin:224","key":224,"value":{"rewards":[["item",206020103,1,true]]}},
{"id":"checkin:225","key":225,"value":{"rewards":[["item",208030303,12,true]]}},
{"id":"checkin:226","key":226,"value":{"rewards":[["item",208021711,1,true]]}},
{"id":"checkin:227","key":227,"value":{"rewards":[["item",208030201,5,true]]}},
{"id":"checkin:228","key":228,"value":{"rewards":[["item",208030101,4,true]]}},
{"id":"checkin:301","key":301,"value":{"rewards":[["item",208021602,1,true]]}},
{"id":"checkin:302","key":302,"value":{"rewards":[["item",206020101,1,true]]}},
{"id":"checkin:303","key":303,"value":{"rewards":[["item",208030303,3,true]]}},
{"id":"checkin:304","key":304,"value":{"rewards":[["item",208030601,3,true]],"vip":{"level":1,"bonus":2}}},
{"id":"checkin:305","key":305,"value":{"rewards":[["item",208021706,2,true]]}},
{"id":"checkin:306","key":306,"value":{"rewards":[["item",208030201,2,true]]}},
{"id":"checkin:307","key":307,"value":{"rewards":[["item",208040301,1,true]],"vip":{"level":4,"bonus":2}}},
{"id":"checkin:308","key":308,"value":{"rewards":[["item",208030101,2,true]],"vip":{"level":2,"bonus":2}}},
{"id":"checkin:309","key":309,"value":{"rewards":[["item",208021602,2,true]]}},
{"id":"checkin:310","key":310,"value":{"rewards":[["item",206020101,2,true]]}},
{"id":"checkin:311","key":311,"value":{"rewards":[["item",208030303,5,true]]}},
{"id":"checkin:312","key":312,"value":{"rewards":[["item",208030601,3,true]],"vip":{"level":1,"bonus":2}}},
{"id":"checkin:313","key":313,"value":{"rewards":[["item",208021706,4,true]]}},
{"id":"checkin:314","key":314,"value":{"rewards":[["item",208030201,3,true]],"vip":{"level":5,"bonus":2}}},
{"id":"checkin:315","key":315,"value":{"rewards":[["item",208040301,2,true]],"vip":{"level":4,"bonus":2}}},
{"id":"checkin:316","key":316,"value":{"rewards":[["item",208030101,2,true]],"vip":{"level":2,"bonus":2}}},
{"id":"checkin:317","key":317,"value":{"rewards":[["item",208021602,3,true]],"vip":{"level":3,"bonus":2}}},
{"id":"checkin:318","key":318,"value":{"rewards":[["item",206020102,1,true]]}},
{"id":"checkin:319","key":319,"value":{"rewards":[["item",208030303,8,true]]}},
{"id":"checkin:320","key":320,"value":{"rewards":[["item",208021706,5,true]]}},
{"id":"checkin:321","key":321,"value":{"rewards":[["item",208030201,4,true]],"vip":{"level":5,"bonus":2}}},
{"id":"checkin:322","key":322,"value":{"rewards":[["item",208030101,4,true]]}},
{"id":"checkin:323","key":323,"value":{"rewards":[["item",208021602,4,true]],"vip":{"level":3,"bonus":2}}},
{"id":"checkin:324","key":324,"value":{"rewards":[["item",206020103,1,true]]}},
{"id":"checkin:325","key":325,"value":{"rewards":[["item",208030303,12,true]]}},
{"id":"checkin:326","key":326,"value":{"rewards":[["item",208021711,1,true]]}},
{"id":"checkin:327","key":327,"value":{"rewards":[["item",208030201,5,true]]}},
{"id":"checkin:328","key":328,"value":{"rewards":[["item",208030101,4,true]]}},
{"id":"checkin:329","key":329,"value":{"rewards":[["item",208040303,1,true]],"vip":{"level":7,"bonus":2}}},
{"id":"checkin:330","key":330,"value":{"rewards":[["item",208021605,1,true]],"vip":{"level":6,"bonus":2}}},
{"id":"checkin:331","key":331,"value":{"rewards":[["item",206020102,2,true]]}},
{"id":"checkin:401","key":401,"value":{"rewards":[["item",208021602,1,true]]}},
{"id":"checkin:402","key":402,"value":{"rewards":[["item",206020101,1,true]]}},
{"id":"checkin:403","key":403,"value":{"rewards":[["item",208030303,3,true]]}},
{"id":"checkin:404","key":404,"value":{"rewards":[["item",208030601,3,true]],"vip":{"level":1,"bonus":2}}},
{"id":"checkin:405","key":405,"value":{"rewards":[["item",208021706,2,true]]}},
{"id":"checkin:406","key":406,"value":{"rewards":[["item",208030201,2,true]]}},
{"id":"checkin:407","key":407,"value":{"rewards":[["item",208040301,1,true]],"vip":{"level":4,"bonus":2}}},
{"id":"checkin:408","key":408,"value":{"rewards":[["item",208030101,2,true]],"vip":{"level":2,"bonus":2}}},
{"id":"checkin:409","key":409,"value":{"rewards":[["item",208021602,2,true]]}},
{"id":"checkin:410","key":410,"value":{"rewards":[["item",206020101,2,true]]}},
{"id":"checkin:411","key":411,"value":{"rewards":[["item",208030303,5,true]]}},
{"id":"checkin:412","key":412,"value":{"rewards":[["item",208030601,3,true]],"vip":{"level":1,"bonus":2}}},
{"id":"checkin:413","key":413,"value":{"rewards":[["item",208021706,4,true]]}},
{"id":"checkin:414","key":414,"value":{"rewards":[["item",208030201,3,true]],"vip":{"level":5,"bonus":2}}},
{"id":"checkin:415","key":415,"value":{"rewards":[["item",208040301,2,true]],"vip":{"level":4,"bonus":2}}},
{"id":"checkin:416","key":416,"value":{"rewards":[["item",208030101,2,true]],"vip":{"level":2,"bonus":2}}},
{"id":"checkin:417","key":417,"value":{"rewards":[["item",208021602,3,true]],"vip":{"level":3,"bonus":2}}},
{"id":"checkin:418","key":418,"value":{"rewards":[["item",206020102,1,true]]}},
{"id":"checkin:419","key":419,"value":{"rewards":[["item",208030303,8,true]]}},
{"id":"checkin:420","key":420,"value":{"rewards":[["item",208021706,5,true]]}},
{"id":"checkin:421","key":421,"value":{"rewards":[["item",208030201,4,true]],"vip":{"level":5,"bonus":2}}},
{"id":"checkin:422","key":422,"value":{"rewards":[["item",208030101,4,true]]}},
{"id":"checkin:423","key":423,"value":{"rewards":[["item",208021602,4,true]],"vip":{"level":3,"bonus":2}}},
{"id":"checkin:424","key":424,"value":{"rewards":[["item",206020103,1,true]]}},
{"id":"checkin:425","key":425,"value":{"rewards":[["item",208030303,12,true]]}},
{"id":"checkin:426","key":426,"value":{"rewards":[["item",208021711,1,true]]}},
{"id":"checkin:427","key":427,"value":{"rewards":[["item",208030201,5,true]]}},
{"id":"checkin:428","key":428,"value":{"rewards":[["item",208030101,4,true]]}},
{"id":"checkin:429","key":429,"value":{"rewards":[["item",208040303,1,true]],"vip":{"level":7,"bonus":2}}},
{"id":"checkin:430","key":430,"value":{"rewards":[["item",208021605,1,true]],"vip":{"level":6,"bonus":2}}},
{"id":"checkin:501","key":501,"value":{"rewards":[["item",208021602,1,true]]}},
{"id":"checkin:502","key":502,"value":{"rewards":[["item",206020101,1,true]]}},
{"id":"checkin:503","key":503,"value":{"rewards":[["item",208030303,3,true]]}},
{"id":"checkin:504","key":504,"value":{"rewards":[["item",208030601,3,true]],"vip":{"level":1,"bonus":2}}},
{"id":"checkin:505","key":505,"value":{"rewards":[["item",208021706,2,true]]}},
{"id":"checkin:506","key":506,"value":{"rewards":[["item",208030201,2,true]]}},
{"id":"checkin:507","key":507,"value":{"rewards":[["item",208040301,1,true]],"vip":{"level":4,"bonus":2}}},
{"id":"checkin:508","key":508,"value":{"rewards":[["item",208030101,2,true]],"vip":{"level":2,"bonus":2}}},
{"id":"checkin:509","key":509,"value":{"rewards":[["item",208021602,2,true]]}},
{"id":"checkin:510","key":510,"value":{"rewards":[["item",206020101,2,true]]}},
{"id":"checkin:511","key":511,"value":{"rewards":[["item",208030303,5,true]]}},
{"id":"checkin:512","key":512,"value":{"rewards":[["item",208030601,3,true]],"vip":{"level":1,"bonus":2}}},
{"id":"checkin:513","key":513,"value":{"rewards":[["item",208021706,4,true]]}},
{"id":"checkin:514","key":514,"value":{"rewards":[["item",208030201,3,true]],"vip":{"level":5,"bonus":2}}},
{"id":"checkin:515","key":515,"value":{"rewards":[["item",208040301,2,true]],"vip":{"level":4,"bonus":2}}},
{"id":"checkin:516","key":516,"value":{"rewards":[["item",208030101,2,true]],"vip":{"level":2,"bonus":2}}},
{"id":"checkin:517","key":517,"value":{"rewards":[["item",208021602,3,true]],"vip":{"level":3,"bonus":2}}},
{"id":"checkin:518","key":518,"value":{"rewards":[["item",206020102,1,true]]}},
{"id":"checkin:519","key":519,"value":{"rewards":[["item",208030303,8,true]]}},
{"id":"checkin:520","key":520,"value":{"rewards":[["item",208021706,5,true]]}},
{"id":"checkin:521","key":521,"value":{"rewards":[["item",208030201,4,true]],"vip":{"level":5,"bonus":2}}},
{"id":"checkin:522","key":522,"value":{"rewards":[["item",208030101,4,true]]}},
{"id":"checkin:523","key":523,"value":{"rewards":[["item",208021602,4,true]],"vip":{"level":3,"bonus":2}}},
{"id":"checkin:524","key":524,"value":{"rewards":[["item",206020103,1,true]]}},
{"id":"checkin:525","key":525,"value":{"rewards":[["item",208030303,12,true]]}},
{"id":"checkin:526","key":526,"value":{"rewards":[["item",208021711,1,true]]}},
{"id":"checkin:527","key":527,"value":{"rewards":[["item",208030201,5,true]]}},
{"id":"checkin:528","key":528,"value":{"rewards":[["item",208030101,4,true]]}},
{"id":"checkin:529","key":529,"value":{"rewards":[["item",208040303,1,true]],"vip":{"level":7,"bonus":2}}},
{"id":"checkin:530","key":530,"value":{"rewards":[["item",208021605,1,true]],"vip":{"level":6,"bonus":2}}},
{"id":"checkin:531","key":531,"value":{"rewards":[["item",206020102,2,true]]}},
{"id":"checkin:601","key":601,"value":{"rewards":[["item",208021602,1,true]]}},
{"id":"checkin:602","key":602,"value":{"rewards":[["item",206020101,1,true]]}},
{"id":"checkin:603","key":603,"value":{"rewards":[["item",208030303,3,true]]}},
{"id":"checkin:604","key":604,"value":{"rewards":[["item",208030601,3,true]],"vip":{"level":1,"bonus":2}}},
{"id":"checkin:605","key":605,"value":{"rewards":[["item",208021706,2,true]]}},
{"id":"checkin:606","key":606,"value":{"rewards":[["item",208030201,2,true]]}},
{"id":"checkin:607","key":607,"value":{"rewards":[["item",208040301,1,true]],"vip":{"level":4,"bonus":2}}},
{"id":"checkin:608","key":608,"value":{"rewards":[["item",208030101,2,true]],"vip":{"level":2,"bonus":2}}},
{"id":"checkin:609","key":609,"value":{"rewards":[["item",208021602,2,true]]}},
{"id":"checkin:610","key":610,"value":{"rewards":[["item",206020101,2,true]]}},
{"id":"checkin:611","key":611,"value":{"rewards":[["item",208030303,5,true]]}},
{"id":"checkin:612","key":612,"value":{"rewards":[["item",208030601,3,true]],"vip":{"level":1,"bonus":2}}},
{"id":"checkin:613","key":613,"value":{"rewards":[["item",208021706,4,true]]}},
{"id":"checkin:614","key":614,"value":{"rewards":[["item",208030201,3,true]],"vip":{"level":5,"bonus":2}}},
{"id":"checkin:615","key":615,"value":{"rewards":[["item",208040301,2,true]],"vip":{"level":4,"bonus":2}}},
{"id":"checkin:616","key":616,"value":{"rewards":[["item",208030101,2,true]],"vip":{"level":2,"bonus":2}}},
{"id":"checkin:617","key":617,"value":{"rewards":[["item",208021602,3,true]],"vip":{"level":3,"bonus":2}}},
{"id":"checkin:618","key":618,"value":{"rewards":[["item",206020102,1,true]]}},
{"id":"checkin:619","key":619,"value":{"rewards":[["item",208030303,8,true]]}},
{"id":"checkin:620","key":620,"value":{"rewards":[["item",208021706,5,true]]}},
{"id":"checkin:621","key":621,"value":{"rewards":[["item",208030201,4,true]],"vip":{"level":5,"bonus":2}}},
{"id":"checkin:622","key":622,"value":{"rewards":[["item",208030101,4,true]]}},
{"id":"checkin:623","key":623,"value":{"rewards":[["item",208021602,4,true]],"vip":{"level":3,"bonus":2}}},
{"id":"checkin:624","key":624,"value":{"rewards":[["item",206020103,1,true]]}},
{"id":"checkin:625","key":625,"value":{"rewards":[["item",208030303,12,true]]}},
{"id":"checkin:626","key":626,"value":{"rewards":[["item",208021711,1,true]]}},
{"id":"checkin:627","key":627,"value":{"rewards":[["item",208030201,5,true]]}},
{"id":"checkin:628","key":628,"value":{"rewards":[["item",208030101,4,true]]}},
{"id":"checkin:629","key":629,"value":{"rewards":[["item",208040303,1,true]],"vip":{"level":7,"bonus":2}}},
{"id":"checkin:630","key":630,"value":{"rewards":[["item",208021605,1,true]],"vip":{"level":6,"bonus":2}}},
{"id":"checkin:701","key":701,"value":{"rewards":[["item",208021602,1,true]]}},
{"id":"checkin:702","key":702,"value":{"rewards":[["item",206020101,1,true]]}},
{"id":"checkin:703","key":703,"value":{"rewards":[["item",208030303,3,true]]}},
{"id":"checkin:704","key":704,"value":{"rewards":[["item",208030601,3,true]],"vip":{"level":1,"bonus":2}}},
{"id":"checkin:705","key":705,"value":{"rewards":[["item",208021706,2,true]]}},
{"id":"checkin:706","key":706,"value":{"rewards":[["item",208030201,2,true]]}},
{"id":"checkin:707","key":707,"value":{"rewards":[["item",208040301,1,true]],"vip":{"level":4,"bonus":2}}},
{"id":"checkin:708","key":708,"value":{"rewards":[["item",208030101,2,true]],"vip":{"level":2,"bonus":2}}},
{"id":"checkin:709","key":709,"value":{"rewards":[["item",208021602,2,true]]}},
{"id":"checkin:710","key":710,"value":{"rewards":[["item",206020101,2,true]]}},
{"id":"checkin:711","key":711,"value":{"rewards":[["item",208030303,5,true]]}},
{"id":"checkin:712","key":712,"value":{"rewards":[["item",208030601,3,true]],"vip":{"level":1,"bonus":2}}},
{"id":"checkin:713","key":713,"value":{"rewards":[["item",208021706,4,true]]}},
{"id":"checkin:714","key":714,"value":{"rewards":[["item",208030201,3,true]],"vip":{"level":5,"bonus":2}}},
{"id":"checkin:715","key":715,"value":{"rewards":[["item",208040301,2,true]],"vip":{"level":4,"bonus":2}}},
{"id":"checkin:716","key":716,"value":{"rewards":[["item",208030101,2,true]],"vip":{"level":2,"bonus":2}}},
{"id":"checkin:717","key":717,"value":{"rewards":[["item",208021602,3,true]],"vip":{"level":3,"bonus":2}}},
{"id":"checkin:718","key":718,"value":{"rewards":[["item",206020102,1,true]]}},
{"id":"checkin:719","key":719,"value":{"rewards":[["item",208030303,8,true]]}},
{"id":"checkin:720","key":720,"value":{"rewards":[["item",208021706,5,true]]}},
{"id":"checkin:721","key":721,"value":{"rewards":[["item",208030201,4,true]],"vip":{"level":5,"bonus":2}}},
{"id":"checkin:722","key":722,"value":{"rewards":[["item",208030101,4,true]]}},
{"id":"checkin:723","key":723,"value":{"rewards":[["item",208021602,4,true]],"vip":{"level":3,"bonus":2}}},
{"id":"checkin:724","key":724,"value":{"rewards":[["item",206020103,1,true]]}},
{"id":"checkin:725","key":725,"value":{"rewards":[["item",208030303,12,true]]}},
{"id":"checkin:726","key":726,"value":{"rewards":[["item",208021711,1,true]]}},
{"id":"checkin:727","key":727,"value":{"rewards":[["item",208030201,5,true]]}},
{"id":"checkin:728","key":728,"value":{"rewards":[["item",208030101,4,true]]}},
{"id":"checkin:729","key":729,"value":{"rewards":[["item",208040303,1,true]],"vip":{"level":7,"bonus":2}}},
{"id":"checkin:730","key":730,"value":{"rewards":[["item",208021605,1,true]],"vip":{"level":6,"bonus":2}}},
{"id":"checkin:731","key":731,"value":{"rewards":[["item",206020102,2,true]]}},
{"id":"checkin:801","key":801,"value":{"rewards":[["item",208021602,1,true]]}},
{"id":"checkin:802","key":802,"value":{"rewards":[["item",206020101,1,true]]}},
{"id":"checkin:803","key":803,"value":{"rewards":[["item",208030303,3,true]]}},
{"id":"checkin:804","key":804,"value":{"rewards":[["item",208030601,3,true]],"vip":{"level":1,"bonus":2}}},
{"id":"checkin:805","key":805,"value":{"rewards":[["item",208021706,2,true]]}},
{"id":"checkin:806","key":806,"value":{"rewards":[["item",208030201,2,true]]}},
{"id":"checkin:807","key":807,"value":{"rewards":[["item",208040301,1,true]],"vip":{"level":4,"bonus":2}}},
{"id":"checkin:808","key":808,"value":{"rewards":[["item",208030101,2,true]],"vip":{"level":2,"bonus":2}}},
{"id":"checkin:809","key":809,"value":{"rewards":[["item",208021602,2,true]]}},
{"id":"checkin:810","key":810,"value":{"rewards":[["item",206020101,2,true]]}},
{"id":"checkin:811","key":811,"value":{"rewards":[["item",208030303,5,true]]}},
{"id":"checkin:812","key":812,"value":{"rewards":[["item",208030601,3,true]],"vip":{"level":1,"bonus":2}}},
{"id":"checkin:813","key":813,"value":{"rewards":[["item",208021706,4,true]]}},
{"id":"checkin:814","key":814,"value":{"rewards":[["item",208030201,3,true]],"vip":{"level":5,"bonus":2}}},
{"id":"checkin:815","key":815,"value":{"rewards":[["item",208040301,2,true]],"vip":{"level":4,"bonus":2}}},
{"id":"checkin:816","key":816,"value":{"rewards":[["item",208030101,2,true]],"vip":{"level":2,"bonus":2}}},
{"id":"checkin:817","key":817,"value":{"rewards":[["item",208021602,3,true]],"vip":{"level":3,"bonus":2}}},
{"id":"checkin:818","key":818,"value":{"rewards":[["item",206020102,1,true]]}},
{"id":"checkin:819","key":819,"value":{"rewards":[["item",208030303,8,true]]}},
{"id":"checkin:820","key":820,"value":{"rewards":[["item",208021706,5,true]]}},
{"id":"checkin:821","key":821,"value":{"rewards":[["item",208030201,4,true]],"vip":{"level":5,"bonus":2}}},
{"id":"checkin:822","key":822,"value":{"rewards":[["item",208030101,4,true]]}},
{"id":"checkin:823","key":823,"value":{"rewards":[["item",208021602,4,true]],"vip":{"level":3,"bonus":2}}},
{"id":"checkin:824","key":824,"value":{"rewards":[["item",206020103,1,true]]}},
{"id":"checkin:825","key":825,"value":{"rewards":[["item",208030303,12,true]]}},
{"id":"checkin:826","key":826,"value":{"rewards":[["item",208021711,1,true]]}},
{"id":"checkin:827","key":827,"value":{"rewards":[["item",208030201,5,true]]}},
{"id":"checkin:828","key":828,"value":{"rewards":[["item",208030101,4,true]]}},
{"id":"checkin:829","key":829,"value":{"rewards":[["item",208040303,1,true]],"vip":{"level":7,"bonus":2}}},
{"id":"checkin:830","key":830,"value":{"rewards":[["item",208021605,1,true]],"vip":{"level":6,"bonus":2}}},
{"id":"checkin:831","key":831,"value":{"rewards":[["item",206020102,2,true]]}},
{"id":"checkin:901","key":901,"value":{"rewards":[["item",208021602,1,true]]}},
{"id":"checkin:902","key":902,"value":{"rewards":[["item",206020101,1,true]]}},
{"id":"checkin:903","key":903,"value":{"rewards":[["item",208030303,3,true]]}},
{"id":"checkin:904","key":904,"value":{"rewards":[["item",208030601,3,true]],"vip":{"level":1,"bonus":2}}},
{"id":"checkin:905","key":905,"value":{"rewards":[["item",208021706,2,true]]}},
{"id":"checkin:906","key":906,"value":{"rewards":[["item",208030201,2,true]]}},
{"id":"checkin:907","key":907,"value":{"rewards":[["item",208040301,1,true]],"vip":{"level":4,"bonus":2}}},
{"id":"checkin:908","key":908,"value":{"rewards":[["item",208030101,2,true]],"vip":{"level":2,"bonus":2}}},
{"id":"checkin:909","key":909,"value":{"rewards":[["item",208021602,2,true]]}},
{"id":"checkin:910","key":910,"value":{"rewards":[["item",206020101,2,true]]}},
{"id":"checkin:911","key":911,"value":{"rewards":[["item",208030303,5,true]]}},
{"id":"checkin:912","key":912,"value":{"rewards":[["item",208030601,3,true]],"vip":{"level":1,"bonus":2}}},
{"id":"checkin:913","key":913,"value":{"rewards":[["item",208021706,4,true]]}},
{"id":"checkin:914","key":914,"value":{"rewards":[["item",208030201,3,true]],"vip":{"level":5,"bonus":2}}},
{"id":"checkin:915","key":915,"value":{"rewards":[["item",208040301,2,true]],"vip":{"level":4,"bonus":2}}},
{"id":"checkin:916","key":916,"value":{"rewards":[["item",208030101,2,true]],"vip":{"level":2,"bonus":2}}},
{"id":"checkin:917","key":917,"value":{"rewards":[["item",208021602,3,true]],"vip":{"level":3,"bonus":2}}},
{"id":"checkin:918","key":918,"value":{"rewards":[["item",206020102,1,true]]}},
{"id":"checkin:919","key":919,"value":{"rewards":[["item",208030303,8,true]]}},
{"id":"checkin:920","key":920,"value":{"rewards":[["item",208021706,5,true]]}},
{"id":"checkin:921","key":921,"value":{"rewards":[["item",208030201,4,true]],"vip":{"level":5,"bonus":2}}},
{"id":"checkin:922","key":922,"value":{"rewards":[["item",208030101,4,true]]}},
{"id":"checkin:923","key":923,"value":{"rewards":[["item",208021602,4,true]],"vip":{"level":3,"bonus":2}}},
{"id":"checkin:924","key":924,"value":{"rewards":[["item",206020103,1,true]]}},
{"id":"checkin:925","key":925,"value":{"rewards":[["item",208030303,12,true]]}},
{"id":"checkin:926","key":926,"value":{"rewards":[["item",208021711,1,true]]}},
{"id":"checkin:927","key":927,"value":{"rewards":[["item",208030201,5,true]]}},
{"id":"checkin:928","key":928,"value":{"rewards":[["item",208030101,4,true]]}},
{"id":"checkin:929","key":929,"value":{"rewards":[["item",208040303,1,true]],"vip":{"level":7,"bonus":2}}},
{"id":"checkin:930","key":930,"value":{"rewards":[["item",208021605,1,true]],"vip":{"level":6,"bonus":2}}},
{"id":"checkin:1001","key":1001,"value":{"rewards":[["item",208021602,1,true]]}},
{"id":"checkin:1002","key":1002,"value":{"rewards":[["item",206020101,1,true]]}},
{"id":"checkin:1003","key":1003,"value":{"rewards":[["item",208030303,3,true]]}},
{"id":"checkin:1004","key":1004,"value":{"rewards":[["item",208030601,3,true]],"vip":{"level":1,"bonus":2}}},
{"id":"checkin:1005","key":1005,"value":{"rewards":[["item",208021706,2,true]]}},
{"id":"checkin:1006","key":1006,"value":{"rewards":[["item",208030201,2,true]]}},
{"id":"checkin:1007","key":1007,"value":{"rewards":[["item",208040301,1,true]],"vip":{"level":4,"bonus":2}}},
{"id":"checkin:1008","key":1008,"value":{"rewards":[["item",208030101,2,true]],"vip":{"level":2,"bonus":2}}},
{"id":"checkin:1009","key":1009,"value":{"rewards":[["item",208021602,2,true]]}},
{"id":"checkin:1010","key":1010,"value":{"rewards":[["item",206020101,2,true]]}},
{"id":"checkin:1011","key":1011,"value":{"rewards":[["item",208030303,5,true]]}},
{"id":"checkin:1012","key":1012,"value":{"rewards":[["item",208030601,3,true]],"vip":{"level":1,"bonus":2}}},
{"id":"checkin:1013","key":1013,"value":{"rewards":[["item",208021706,4,true]]}},
{"id":"checkin:1014","key":1014,"value":{"rewards":[["item",208030201,3,true]],"vip":{"level":5,"bonus":2}}},
{"id":"checkin:1015","key":1015,"value":{"rewards":[["item",208040301,2,true]],"vip":{"level":4,"bonus":2}}},
{"id":"checkin:1016","key":1016,"value":{"rewards":[["item",208030101,2,true]],"vip":{"level":2,"bonus":2}}},
{"id":"checkin:1017","key":1017,"value":{"rewards":[["item",208021602,3,true]],"vip":{"level":3,"bonus":2}}},
{"id":"checkin:1018","key":1018,"value":{"rewards":[["item",206020102,1,true]]}},
{"id":"checkin:1019","key":1019,"value":{"rewards":[["item",208030303,8,true]]}},
{"id":"checkin:1020","key":1020,"value":{"rewards":[["item",208021706,5,true]]}},
{"id":"checkin:1021","key":1021,"value":{"rewards":[["item",208030201,4,true]],"vip":{"level":5,"bonus":2}}},
{"id":"checkin:1022","key":1022,"value":{"rewards":[["item",208030101,4,true]]}},
{"id":"checkin:1023","key":1023,"value":{"rewards":[["item",208021602,4,true]],"vip":{"level":3,"bonus":2}}},
{"id":"checkin:1024","key":1024,"value":{"rewards":[["item",206020103,1,true]]}},
{"id":"checkin:1025","key":1025,"value":{"rewards":[["item",208030303,12,true]]}},
{"id":"checkin:1026","key":1026,"value":{"rewards":[["item",208021711,1,true]]}},
{"id":"checkin:1027","key":1027,"value":{"rewards":[["item",208030201,5,true]]}},
{"id":"checkin:1028","key":1028,"value":{"rewards":[["item",208030101,4,true]]}},
{"id":"checkin:1029","key":1029,"value":{"rewards":[["item",208040303,1,true]],"vip":{"level":7,"bonus":2}}},
{"id":"checkin:1030","key":1030,"value":{"rewards":[["item",208021605,1,true]],"vip":{"level":6,"bonus":2}}},
{"id":"checkin:1031","key":1031,"value":{"rewards":[["item",206020102,2,true]]}},
{"id":"checkin:1101","key":1101,"value":{"rewards":[["item",208021602,1,true]]}},
{"id":"checkin:1102","key":1102,"value":{"rewards":[["item",206020101,1,true]]}},
{"id":"checkin:1103","key":1103,"value":{"rewards":[["item",208030303,3,true]]}},
{"id":"checkin:1104","key":1104,"value":{"rewards":[["item",208030601,3,true]],"vip":{"level":1,"bonus":2}}},
{"id":"checkin:1105","key":1105,"value":{"rewards":[["item",208021706,2,true]]}},
{"id":"checkin:1106","key":1106,"value":{"rewards":[["item",208030201,2,true]]}},
{"id":"checkin:1107","key":1107,"value":{"rewards":[["item",208040301,1,true]],"vip":{"level":4,"bonus":2}}},
{"id":"checkin:1108","key":1108,"value":{"rewards":[["item",208030101,2,true]],"vip":{"level":2,"bonus":2}}},
{"id":"checkin:1109","key":1109,"value":{"rewards":[["item",208021602,2,true]]}},
{"id":"checkin:1110","key":1110,"value":{"rewards":[["item",206020101,2,true]]}},
{"id":"checkin:1111","key":1111,"value":{"rewards":[["item",208030303,5,true]]}},
{"id":"checkin:1112","key":1112,"value":{"rewards":[["item",208030601,3,true]],"vip":{"level":1,"bonus":2}}},
{"id":"checkin:1113","key":1113,"value":{"rewards":[["item",208021706,4,true]]}},
{"id":"checkin:1114","key":1114,"value":{"rewards":[["item",208030201,3,true]],"vip":{"level":5,"bonus":2}}},
{"id":"checkin:1115","key":1115,"value":{"rewards":[["item",208040301,2,true]],"vip":{"level":4,"bonus":2}}},
{"id":"checkin:1116","key":1116,"value":{"rewards":[["item",208030101,2,true]],"vip":{"level":2,"bonus":2}}},
{"id":"checkin:1117","key":1117,"value":{"rewards":[["item",208021602,3,true]],"vip":{"level":3,"bonus":2}}},
{"id":"checkin:1118","key":1118,"value":{"rewards":[["item",206020102,1,true]]}},
{"id":"checkin:1119","key":1119,"value":{"rewards":[["item",208030303,8,true]]}},
{"id":"checkin:1120","key":1120,"value":{"rewards":[["item",208021706,5,true]]}},
{"id":"checkin:1121","key":1121,"value":{"rewards":[["item",208030201,4,true]],"vip":{"level":5,"bonus":2}}},
{"id":"checkin:1122","key":1122,"value":{"rewards":[["item",208030101,4,true]]}},
{"id":"checkin:1123","key":1123,"value":{"rewards":[["item",208021602,4,true]],"vip":{"level":3,"bonus":2}}},
{"id":"checkin:1124","key":1124,"value":{"rewards":[["item",206020103,1,true]]}},
{"id":"checkin:1125","key":1125,"value":{"rewards":[["item",208030303,12,true]]}},
{"id":"checkin:1126","key":1126,"value":{"rewards":[["item",208021711,1,true]]}},
{"id":"checkin:1127","key":1127,"value":{"rewards":[["item",208030201,5,true]]}},
{"id":"checkin:1128","key":1128,"value":{"rewards":[["item",208030101,4,true]]}},
{"id":"checkin:1129","key":1129,"value":{"rewards":[["item",208040303,1,true]],"vip":{"level":7,"bonus":2}}},
{"id":"checkin:1130","key":1130,"value":{"rewards":[["item",208021605,1,true]],"vip":{"level":6,"bonus":2}}},
{"id":"checkin:1201","key":1201,"value":{"rewards":[["item",208021602,1,true]]}},
{"id":"checkin:1202","key":1202,"value":{"rewards":[["item",206020101,1,true]]}},
{"id":"checkin:1203","key":1203,"value":{"rewards":[["item",208030303,3,true]]}},
{"id":"checkin:1204","key":1204,"value":{"rewards":[["item",208030601,3,true]],"vip":{"level":1,"bonus":2}}},
{"id":"checkin:1205","key":1205,"value":{"rewards":[["item",208021706,2,true]]}},
{"id":"checkin:1206","key":1206,"value":{"rewards":[["item",208030201,2,true]]}},
{"id":"checkin:1207","key":1207,"value":{"rewards":[["item",208040301,1,true]],"vip":{"level":4,"bonus":2}}},
{"id":"checkin:1208","key":1208,"value":{"rewards":[["item",208030101,2,true]],"vip":{"level":2,"bonus":2}}},
{"id":"checkin:1209","key":1209,"value":{"rewards":[["item",208021602,2,true]]}},
{"id":"checkin:1210","key":1210,"value":{"rewards":[["item",206020101,2,true]]}},
{"id":"checkin:1211","key":1211,"value":{"rewards":[["item",208030303,5,true]]}},
{"id":"checkin:1212","key":1212,"value":{"rewards":[["item",208030601,3,true]],"vip":{"level":1,"bonus":2}}},
{"id":"checkin:1213","key":1213,"value":{"rewards":[["item",208021706,4,true]]}},
{"id":"checkin:1214","key":1214,"value":{"rewards":[["item",208030201,3,true]],"vip":{"level":5,"bonus":2}}},
{"id":"checkin:1215","key":1215,"value":{"rewards":[["item",208040301,2,true]],"vip":{"level":4,"bonus":2}}},
{"id":"checkin:1216","key":1216,"value":{"rewards":[["item",208030101,2,true]],"vip":{"level":2,"bonus":2}}},
{"id":"checkin:1217","key":1217,"value":{"rewards":[["item",208021602,3,true]],"vip":{"level":3,"bonus":2}}},
{"id":"checkin:1218","key":1218,"value":{"rewards":[["item",206020102,1,true]]}},
{"id":"checkin:1219","key":1219,"value":{"rewards":[["item",208030303,8,true]]}},
{"id":"checkin:1220","key":1220,"value":{"rewards":[["item",208021706,5,true]]}},
{"id":"checkin:1221","key":1221,"value":{"rewards":[["item",208030201,4,true]],"vip":{"level":5,"bonus":2}}},
{"id":"checkin:1222","key":1222,"value":{"rewards":[["item",208030101,4,true]]}},
{"id":"checkin:1223","key":1223,"value":{"rewards":[["item",208021602,4,true]],"vip":{"level":3,"bonus":2}}},
{"id":"checkin:1224","key":1224,"value":{"rewards":[["item",206020103,1,true]]}},
{"id":"checkin:1225","key":1225,"value":{"rewards":[["item",208030303,12,true]]}},
{"id":"checkin:1226","key":1226,"value":{"rewards":[["item",208021711,1,true]]}},
{"id":"checkin:1227","key":1227,"value":{"rewards":[["item",208030201,5,true]]}},
{"id":"checkin:1228","key":1228,"value":{"rewards":[["item",208030101,4,true]]}},
{"id":"checkin:1229","key":1229,"value":{"rewards":[["item",208040303,1,true]],"vip":{"level":7,"bonus":2}}},
{"id":"checkin:1230","key":1230,"value":{"rewards":[["item",208021605,1,true]],"vip":{"level":6,"bonus":2}}},
{"id":"checkin:1231","key":1231,"value":{"rewards":[["item",206020102,2,true]]}}
]}
