{"total_rows":15,"offset":0,"rows":[
{"id":"novice_guide:1","key":1,"value":{"pause":false}},
{"id":"novice_guide:2","key":2,"value":{"pause":false}},
{"id":"novice_guide:3","key":3,"value":{"pause":false}},
{"id":"novice_guide:4","key":4,"value":{"pause":true}},
{"id":"novice_guide:5","key":5,"value":{"pause":true}},
{"id":"novice_guide:6","key":6,"value":{"pause":false}},
{"id":"novice_guide:7","key":7,"value":{"pause":false}},
{"id":"novice_guide:8","key":8,"value":{"pause":false}},
{"id":"novice_guide:9","key":9,"value":{"pause":false}},
{"id":"novice_guide:10","key":10,"value":{"pause":false}},
{"id":"novice_guide:11","key":11,"value":{"pause":false}},
{"id":"novice_guide:12","key":12,"value":{"pause":false}},
{"id":"novice_guide:13","key":13,"value":{"pause":false}},
{"id":"novice_guide:14","key":14,"value":{"pause":false}},
{"id":"novice_guide:15","key":15,"value":{"pause":false}}
]}
