{"total_rows":1,"offset":0,"rows":[
{"id":"trial_rewards","key":"trial_rewards","value":{"group1":{"10101":{"id":10101,"worldTop":1,"worldLow":300,"rankTop":1,"rankLow":2,"rewardType":1,"warXun":300,"itemBind":1,"groupCapital":3000},"10102":{"id":10102,"worldTop":1,"worldLow":300,"rankTop":2,"rankLow":5,"rewardType":1,"warXun":250,"itemBind":1,"groupCapital":2000},"10103":{"id":10103,"worldTop":1,"worldLow":300,"rankTop":5,"rankLow":10,"rewardType":1,"warXun":230,"itemBind":1,"groupCapital":1500},"10104":{"id":10104,"worldTop":1,"worldLow":300,"rankTop":10,"rankLow":999999,"rewardType":1,"warXun":200,"itemBind":1,"groupCapital":1000}},"group2":{"20101":{"id":20101,"worldTop":1,"worldLow":300,"rankTop":1,"rankLow":2,"rewardType":2,"prestige":300,"valueLow":3000,"valueAvarage":180,"randomType":101,"itemBind":false,"guarantee":[206010503,2,false]},"20102":{"id":20102,"worldTop":1,"worldLow":300,"rankTop":2,"rankLow":3,"rewardType":2,"prestige":250,"valueLow":3500,"valueAvarage":150,"randomType":102,"itemBind":false,"guarantee":[206010503,1,false]},"20103":{"id":20103,"worldTop":1,"worldLow":300,"rankTop":3,"rankLow":4,"rewardType":2,"prestige":230,"valueLow":3000,"valueAvarage":120,"randomType":103,"itemBind":false},"20104":{"id":20104,"worldTop":1,"worldLow":300,"rankTop":4,"rankLow":99,"rewardType":2,"prestige":200,"valueLow":600,"valueAvarage":60,"randomType":104,"itemBind":false}}}}
]}
