{"total_rows":3,"offset":0,"rows":[
{"id":"vip_boss:1","key":1,"value":{"times":1,"map":407002,"bosses":[{"id":607301,"low":1,"high":60,"reward":827110101},{"id":607302,"low":61,"high":90,"reward":827110102},{"id":607303,"low":91,"high":120,"reward":827110103},{"id":607304,"low":121,"high":150,"reward":827110104},{"id":607305,"low":151,"high":180,"reward":827110105},{"id":607306,"low":181,"high":210,"reward":827110106},{"id":607307,"low":211,"high":240,"reward":827110107},{"id":607308,"low":241,"high":260,"reward":827110108},{"id":607309,"low":261,"high":280,"reward":827110109},{"id":607310,"low":281,"high":300,"reward":827110110}]}},
{"id":"vip_boss:4","key":4,"value":{"times":2,"map":407002,"bosses":[{"id":607311,"low":1,"high":60,"reward":827120101},{"id":607312,"low":61,"high":90,"reward":827120102},{"id":607313,"low":91,"high":120,"reward":827120103},{"id":607314,"low":121,"high":150,"reward":827120104},{"id":607315,"low":151,"high":180,"reward":827120105},{"id":607316,"low":181,"high":210,"reward":827120106},{"id":607317,"low":211,"high":240,"reward":827120107},{"id":607318,"low":241,"high":260,"reward":827120108},{"id":607319,"low":261,"high":280,"reward":827120109},{"id":607320,"low":281,"high":300,"reward":827120110}]}},
{"id":"vip_boss:7","key":7,"value":{"times":3,"map":407002,"bosses":[{"id":607321,"low":1,"high":60,"reward":827130101},{"id":607322,"low":61,"high":90,"reward":827130102},{"id":607323,"low":91,"high":120,"reward":827130103},{"id":607324,"low":121,"high":150,"reward":827130104},{"id":607325,"low":151,"high":180,"reward":827130105},{"id":607326,"low":181,"high":210,"reward":827130106},{"id":607327,"low":211,"high":240,"reward":827130107},{"id":607328,"low":241,"high":260,"reward":827130108},{"id":607329,"low":261,"high":280,"reward":827130109},{"id":607330,"low":281,"high":300,"reward":827130110}]}}
]}
