{"total_rows":30,"offset":0,"rows":[
{"id":"boss_nest:616101","key":616101,"value":{"level":60,"sharedDrop":826100111,"privateDrop":0,"monsterPositions":[15,52],"map":411001,"layer":1}},
{"id":"boss_nest:616102","key":616102,"value":{"level":70,"sharedDrop":826100121,"privateDrop":0,"monsterPositions":[15,89],"map":411001,"layer":1}},
{"id":"boss_nest:616103","key":616103,"value":{"level":80,"sharedDrop":826100131,"privateDrop":0,"monsterPositions":[58,89],"map":411001,"layer":1}},
{"id":"boss_nest:616104","key":616104,"value":{"level":90,"sharedDrop":826100141,"privateDrop":0,"monsterPositions":[101,89],"map":411001,"layer":1}},
{"id":"boss_nest:616105","key":616105,"value":{"level":100,"sharedDrop":826100151,"privateDrop":0,"monsterPositions":[101,53],"map":411001,"layer":1}},
{"id":"boss_nest:616106","key":616106,"value":{"level":110,"sharedDrop":826100161,"privateDrop":0,"monsterPositions":[101,15],"map":411001,"layer":1}},
{"id":"boss_nest:616107","key":616107,"value":{"level":120,"sharedDrop":826100171,"privateDrop":0,"monsterPositions":[58,15],"map":411001,"layer":1}},
{"id":"boss_nest:616108","key":616108,"value":{"level":130,"sharedDrop":826100181,"privateDrop":0,"monsterPositions":[15,15],"map":411001,"layer":1}},
{"id":"boss_nest:616201","key":616201,"value":{"level":140,"sharedDrop":826100211,"privateDrop":0,"monsterPositions":[15,52],"map":411002,"layer":2}},
{"id":"boss_nest:616202","key":616202,"value":{"level":150,"sharedDrop":826100221,"privateDrop":0,"monsterPositions":[15,89],"map":411002,"layer":2}},
{"id":"boss_nest:616203","key":616203,"value":{"level":160,"sharedDrop":826100231,"privateDrop":0,"monsterPositions":[58,89],"map":411002,"layer":2}},
{"id":"boss_nest:616204","key":616204,"value":{"level":170,"sharedDrop":826100241,"privateDrop":0,"monsterPositions":[101,89],"map":411002,"layer":2}},
{"id":"boss_nest:616205","key":616205,"value":{"level":180,"sharedDrop":826100251,"privateDrop":0,"monsterPositions":[101,53],"map":411002,"layer":2}},
{"id":"boss_nest:616206","key":616206,"value":{"level":190,"sharedDrop":826100261,"privateDrop":0,"monsterPositions":[101,15],"map":411002,"layer":2}},
{"id":"boss_nest:616207","key":616207,"value":{"level":200,"sharedDrop":826100271,"privateDrop":0,"monsterPositions":[58,15],"map":411002,"layer":2}},
{"id":"boss_nest:616208","key":616208,"value":{"level":210,"sharedDrop":826100281,"privateDrop":0,"monsterPositions":[15,15],"map":411002,"layer":2}},
{"id":"boss_nest:616301","key":616301,"value":{"level":220,"sharedDrop":826100311,"privateDrop":0,"monsterPositions":[15,52],"map":411003,"layer":3}},
{"id":"boss_nest:616302","key":616302,"value":{"level":230,"sharedDrop":826100321,"privateDrop":0,"monsterPositions":[15,89],"map":411003,"layer":3}},
{"id":"boss_nest:616303","key":616303,"value":{"level":240,"sharedDrop":826100331,"privateDrop":0,"monsterPositions":[58,89],"map":411003,"layer":3}},
{"id":"boss_nest:616304","key":616304,"value":{"level":250,"sharedDrop":826100341,"privateDrop":0,"monsterPositions":[101,89],"map":411003,"layer":3}},
{"id":"boss_nest:616305","key":616305,"value":{"level":255,"sharedDrop":826100351,"privateDrop":0,"monsterPositions":[101,53],"map":411003,"layer":3}},
{"id":"boss_nest:616306","key":616306,"value":{"level":260,"sharedDrop":826100361,"privateDrop":0,"monsterPositions":[101,15],"map":411003,"layer":3}},
{"id":"boss_nest:616307","key":616307,"value":{"level":270,"sharedDrop":826100371,"privateDrop":0,"monsterPositions":[58,15],"map":411003,"layer":3}},
{"id":"boss_nest:616308","key":616308,"value":{"level":275,"sharedDrop":826100381,"privateDrop":0,"monsterPositions":[15,15],"map":411003,"layer":3}},
{"id":"boss_nest:616401","key":616401,"value":{"level":280,"sharedDrop":826100411,"privateDrop":0,"monsterPositions":[15,52],"map":411004,"layer":4}},
{"id":"boss_nest:616402","key":616402,"value":{"level":290,"sharedDrop":826100421,"privateDrop":0,"monsterPositions":[15,89],"map":411004,"layer":4}},
{"id":"boss_nest:616403","key":616403,"value":{"level":295,"sharedDrop":826100431,"privateDrop":0,"monsterPositions":[58,89],"map":411004,"layer":4}},
{"id":"boss_nest:616404","key":616404,"value":{"level":300,"sharedDrop":826100441,"privateDrop":0,"monsterPositions":[101,89],"map":411004,"layer":4}},
{"id":"boss_nest:616405","key":616405,"value":{"level":310,"sharedDrop":826100451,"privateDrop":0,"monsterPositions":[101,53],"map":411004,"layer":4}},
{"id":"boss_nest:616406","key":616406,"value":{"level":315,"sharedDrop":826100461,"privateDrop":0,"monsterPositions":[101,15],"map":411004,"layer":4}}
]}
