{"total_rows":446,"offset":0,"rows":[
{"id":"quiz_lib","key":10001,"value":{"rating":1,"answer":1}},
{"id":"quiz_lib","key":10002,"value":{"rating":1,"answer":1}},
{"id":"quiz_lib","key":10003,"value":{"rating":1,"answer":1}},
{"id":"quiz_lib","key":10004,"value":{"rating":1,"answer":1}},
{"id":"quiz_lib","key":10005,"value":{"rating":1,"answer":1}},
{"id":"quiz_lib","key":10006,"value":{"rating":1,"answer":1}},
{"id":"quiz_lib","key":10007,"value":{"rating":1,"answer":1}},
{"id":"quiz_lib","key":10008,"value":{"rating":1,"answer":1}},
{"id":"quiz_lib","key":10009,"value":{"rating":1,"answer":1}},
{"id":"quiz_lib","key":10010,"value":{"rating":1,"answer":1}},
{"id":"quiz_lib","key":10011,"value":{"rating":1,"answer":2}},
{"id":"quiz_lib","key":10012,"value":{"rating":1,"answer":2}},
{"id":"quiz_lib","key":10013,"value":{"rating":1,"answer":2}},
{"id":"quiz_lib","key":10014,"value":{"rating":1,"answer":2}},
{"id":"quiz_lib","key":10015,"value":{"rating":1,"answer":2}},
{"id":"quiz_lib","key":10016,"value":{"rating":1,"answer":2}},
{"id":"quiz_lib","key":10017,"value":{"rating":1,"answer":2}},
{"id":"quiz_lib","key":10018,"value":{"rating":1,"answer":2}},
{"id":"quiz_lib","key":10019,"value":{"rating":1,"answer":2}},
{"id":"quiz_lib","key":10020,"value":{"rating":1,"answer":2}},
{"id":"quiz_lib","key":10021,"value":{"rating":1,"answer":3}},
{"id":"quiz_lib","key":10022,"value":{"rating":1,"answer":3}},
{"id":"quiz_lib","key":10023,"value":{"rating":1,"answer":3}},
{"id":"quiz_lib","key":10024,"value":{"rating":1,"answer":3}},
{"id":"quiz_lib","key":10025,"value":{"rating":1,"answer":3}},
{"id":"quiz_lib","key":10026,"value":{"rating":1,"answer":3}},
{"id":"quiz_lib","key":10027,"value":{"rating":1,"answer":3}},
{"id":"quiz_lib","key":10028,"value":{"rating":1,"answer":3}},
{"id":"quiz_lib","key":10029,"value":{"rating":1,"answer":3}},
{"id":"quiz_lib","key":10030,"value":{"rating":1,"answer":3}},
{"id":"quiz_lib","key":10031,"value":{"rating":1,"answer":4}},
{"id":"quiz_lib","key":10032,"value":{"rating":1,"answer":4}},
{"id":"quiz_lib","key":10033,"value":{"rating":1,"answer":4}},
{"id":"quiz_lib","key":10034,"value":{"rating":1,"answer":4}},
{"id":"quiz_lib","key":10035,"value":{"rating":1,"answer":4}},
{"id":"quiz_lib","key":10036,"value":{"rating":1,"answer":4}},
{"id":"quiz_lib","key":10037,"value":{"rating":1,"answer":4}},
{"id":"quiz_lib","key":10038,"value":{"rating":1,"answer":4}},
{"id":"quiz_lib","key":10039,"value":{"rating":1,"answer":4}},
{"id":"quiz_lib","key":10040,"value":{"rating":1,"answer":4}},
{"id":"quiz_lib","key":10041,"value":{"rating":1,"answer":1}},
{"id":"quiz_lib","key":10042,"value":{"rating":1,"answer":1}},
{"id":"quiz_lib","key":10043,"value":{"rating":1,"answer":1}},
{"id":"quiz_lib","key":10044,"value":{"rating":1,"answer":1}},
{"id":"quiz_lib","key":10045,"value":{"rating":1,"answer":1}},
{"id":"quiz_lib","key":10046,"value":{"rating":1,"answer":1}},
{"id":"quiz_lib","key":10047,"value":{"rating":1,"answer":1}},
{"id":"quiz_lib","key":10048,"value":{"rating":1,"answer":1}},
{"id":"quiz_lib","key":10049,"value":{"rating":1,"answer":1}},
{"id":"quiz_lib","key":10050,"value":{"rating":1,"answer":1}},
{"id":"quiz_lib","key":10051,"value":{"rating":1,"answer":2}},
{"id":"quiz_lib","key":10052,"value":{"rating":1,"answer":2}},
{"id":"quiz_lib","key":10053,"value":{"rating":1,"answer":2}},
{"id":"quiz_lib","key":10054,"value":{"rating":1,"answer":2}},
{"id":"quiz_lib","key":10055,"value":{"rating":1,"answer":2}},
{"id":"quiz_lib","key":10056,"value":{"rating":1,"answer":2}},
{"id":"quiz_lib","key":10057,"value":{"rating":1,"answer":2}},
{"id":"quiz_lib","key":10058,"value":{"rating":1,"answer":2}},
{"id":"quiz_lib","key":10059,"value":{"rating":1,"answer":2}},
{"id":"quiz_lib","key":10060,"value":{"rating":1,"answer":2}},
{"id":"quiz_lib","key":10061,"value":{"rating":1,"answer":3}},
{"id":"quiz_lib","key":10062,"value":{"rating":1,"answer":3}},
{"id":"quiz_lib","key":10063,"value":{"rating":1,"answer":3}},
{"id":"quiz_lib","key":10064,"value":{"rating":1,"answer":3}},
{"id":"quiz_lib","key":10065,"value":{"rating":1,"answer":3}},
{"id":"quiz_lib","key":10066,"value":{"rating":1,"answer":3}},
{"id":"quiz_lib","key":10067,"value":{"rating":1,"answer":3}},
{"id":"quiz_lib","key":10068,"value":{"rating":1,"answer":3}},
{"id":"quiz_lib","key":10069,"value":{"rating":1,"answer":3}},
{"id":"quiz_lib","key":10070,"value":{"rating":1,"answer":3}},
{"id":"quiz_lib","key":10071,"value":{"rating":1,"answer":4}},
{"id":"quiz_lib","key":10072,"value":{"rating":1,"answer":4}},
{"id":"quiz_lib","key":10073,"value":{"rating":1,"answer":4}},
{"id":"quiz_lib","key":10074,"value":{"rating":1,"answer":4}},
{"id":"quiz_lib","key":10075,"value":{"rating":1,"answer":4}},
{"id":"quiz_lib","key":10076,"value":{"rating":1,"answer":4}},
{"id":"quiz_lib","key":10077,"value":{"rating":1,"answer":4}},
{"id":"quiz_lib","key":10078,"value":{"rating":1,"answer":4}},
{"id":"quiz_lib","key":10079,"value":{"rating":1,"answer":4}},
{"id":"quiz_lib","key":10080,"value":{"rating":1,"answer":4}},
{"id":"quiz_lib","key":10081,"value":{"rating":1,"answer":1}},
{"id":"quiz_lib","key":10082,"value":{"rating":1,"answer":1}},
{"id":"quiz_lib","key":10083,"value":{"rating":1,"answer":1}},
{"id":"quiz_lib","key":10084,"value":{"rating":1,"answer":1}},
{"id":"quiz_lib","key":10085,"value":{"rating":1,"answer":1}},
{"id":"quiz_lib","key":10086,"value":{"rating":1,"answer":1}},
{"id":"quiz_lib","key":10087,"value":{"rating":1,"answer":1}},
{"id":"quiz_lib","key":10088,"value":{"rating":1,"answer":1}},
{"id":"quiz_lib","key":10089,"value":{"rating":1,"answer":1}},
{"id":"quiz_lib","key":10090,"value":{"rating":1,"answer":1}},
{"id":"quiz_lib","key":10091,"value":{"rating":1,"answer":2}},
{"id":"quiz_lib","key":10092,"value":{"rating":1,"answer":2}},
{"id":"quiz_lib","key":10093,"value":{"rating":1,"answer":2}},
{"id":"quiz_lib","key":10094,"value":{"rating":1,"answer":2}},
{"id":"quiz_lib","key":10095,"value":{"rating":1,"answer":2}},
{"id":"quiz_lib","key":10096,"value":{"rating":1,"answer":2}},
{"id":"quiz_lib","key":10097,"value":{"rating":1,"answer":2}},
{"id":"quiz_lib","key":10098,"value":{"rating":1,"answer":2}},
{"id":"quiz_lib","key":10099,"value":{"rating":1,"answer":2}},
{"id":"quiz_lib","key":10100,"value":{"rating":1,"answer":2}},
{"id":"quiz_lib","key":10101,"value":{"rating":1,"answer":3}},
{"id":"quiz_lib","key":10102,"value":{"rating":1,"answer":3}},
{"id":"quiz_lib","key":10103,"value":{"rating":1,"answer":3}},
{"id":"quiz_lib","key":10104,"value":{"rating":1,"answer":3}},
{"id":"quiz_lib","key":10105,"value":{"rating":1,"answer":3}},
{"id":"quiz_lib","key":10106,"value":{"rating":1,"answer":3}},
{"id":"quiz_lib","key":10107,"value":{"rating":1,"answer":3}},
{"id":"quiz_lib","key":10108,"value":{"rating":1,"answer":3}},
{"id":"quiz_lib","key":10109,"value":{"rating":1,"answer":3}},
{"id":"quiz_lib","key":10110,"value":{"rating":1,"answer":3}},
{"id":"quiz_lib","key":10111,"value":{"rating":1,"answer":4}},
{"id":"quiz_lib","key":10112,"value":{"rating":1,"answer":4}},
{"id":"quiz_lib","key":10113,"value":{"rating":1,"answer":4}},
{"id":"quiz_lib","key":10114,"value":{"rating":1,"answer":4}},
{"id":"quiz_lib","key":10115,"value":{"rating":1,"answer":4}},
{"id":"quiz_lib","key":10116,"value":{"rating":1,"answer":4}},
{"id":"quiz_lib","key":10117,"value":{"rating":1,"answer":4}},
{"id":"quiz_lib","key":10118,"value":{"rating":1,"answer":4}},
{"id":"quiz_lib","key":10119,"value":{"rating":1,"answer":4}},
{"id":"quiz_lib","key":10120,"value":{"rating":1,"answer":4}},
{"id":"quiz_lib","key":10121,"value":{"rating":1,"answer":1}},
{"id":"quiz_lib","key":10122,"value":{"rating":1,"answer":1}},
{"id":"quiz_lib","key":10123,"value":{"rating":1,"answer":1}},
{"id":"quiz_lib","key":10124,"value":{"rating":1,"answer":1}},
{"id":"quiz_lib","key":10125,"value":{"rating":1,"answer":1}},
{"id":"quiz_lib","key":10126,"value":{"rating":1,"answer":1}},
{"id":"quiz_lib","key":10127,"value":{"rating":1,"answer":1}},
{"id":"quiz_lib","key":10128,"value":{"rating":1,"answer":1}},
{"id":"quiz_lib","key":10129,"value":{"rating":1,"answer":1}},
{"id":"quiz_lib","key":10130,"value":{"rating":1,"answer":1}},
{"id":"quiz_lib","key":10131,"value":{"rating":1,"answer":2}},
{"id":"quiz_lib","key":10132,"value":{"rating":1,"answer":2}},
{"id":"quiz_lib","key":10133,"value":{"rating":1,"answer":2}},
{"id":"quiz_lib","key":10134,"value":{"rating":1,"answer":2}},
{"id":"quiz_lib","key":10135,"value":{"rating":1,"answer":2}},
{"id":"quiz_lib","key":10136,"value":{"rating":1,"answer":2}},
{"id":"quiz_lib","key":10137,"value":{"rating":1,"answer":2}},
{"id":"quiz_lib","key":10138,"value":{"rating":1,"answer":2}},
{"id":"quiz_lib","key":10139,"value":{"rating":1,"answer":2}},
{"id":"quiz_lib","key":10140,"value":{"rating":1,"answer":2}},
{"id":"quiz_lib","key":10141,"value":{"rating":1,"answer":3}},
{"id":"quiz_lib","key":10142,"value":{"rating":1,"answer":3}},
{"id":"quiz_lib","key":10143,"value":{"rating":1,"answer":3}},
{"id":"quiz_lib","key":10144,"value":{"rating":1,"answer":3}},
{"id":"quiz_lib","key":10145,"value":{"rating":1,"answer":3}},
{"id":"quiz_lib","key":10146,"value":{"rating":1,"answer":3}},
{"id":"quiz_lib","key":10147,"value":{"rating":1,"answer":3}},
{"id":"quiz_lib","key":10148,"value":{"rating":1,"answer":3}},
{"id":"quiz_lib","key":10149,"value":{"rating":1,"answer":3}},
{"id":"quiz_lib","key":10150,"value":{"rating":1,"answer":3}},
{"id":"quiz_lib","key":10151,"value":{"rating":1,"answer":4}},
{"id":"quiz_lib","key":10152,"value":{"rating":1,"answer":4}},
{"id":"quiz_lib","key":10153,"value":{"rating":1,"answer":4}},
{"id":"quiz_lib","key":10154,"value":{"rating":1,"answer":4}},
{"id":"quiz_lib","key":10155,"value":{"rating":1,"answer":4}},
{"id":"quiz_lib","key":10156,"value":{"rating":1,"answer":4}},
{"id":"quiz_lib","key":10157,"value":{"rating":1,"answer":4}},
{"id":"quiz_lib","key":10158,"value":{"rating":1,"answer":4}},
{"id":"quiz_lib","key":10159,"value":{"rating":1,"answer":4}},
{"id":"quiz_lib","key":10160,"value":{"rating":1,"answer":4}},
{"id":"quiz_lib","key":10161,"value":{"rating":1,"answer":1}},
{"id":"quiz_lib","key":10162,"value":{"rating":1,"answer":1}},
{"id":"quiz_lib","key":10163,"value":{"rating":1,"answer":1}},
{"id":"quiz_lib","key":10164,"value":{"rating":1,"answer":1}},
{"id":"quiz_lib","key":10165,"value":{"rating":1,"answer":1}},
{"id":"quiz_lib","key":10166,"value":{"rating":1,"answer":1}},
{"id":"quiz_lib","key":10167,"value":{"rating":1,"answer":1}},
{"id":"quiz_lib","key":10168,"value":{"rating":1,"answer":1}},
{"id":"quiz_lib","key":10169,"value":{"rating":1,"answer":1}},
{"id":"quiz_lib","key":10170,"value":{"rating":1,"answer":1}},
{"id":"quiz_lib","key":10171,"value":{"rating":1,"answer":2}},
{"id":"quiz_lib","key":10172,"value":{"rating":1,"answer":2}},
{"id":"quiz_lib","key":10173,"value":{"rating":1,"answer":2}},
{"id":"quiz_lib","key":10174,"value":{"rating":1,"answer":2}},
{"id":"quiz_lib","key":10175,"value":{"rating":1,"answer":2}},
{"id":"quiz_lib","key":10176,"value":{"rating":1,"answer":2}},
{"id":"quiz_lib","key":10177,"value":{"rating":1,"answer":2}},
{"id":"quiz_lib","key":10178,"value":{"rating":1,"answer":2}},
{"id":"quiz_lib","key":10179,"value":{"rating":1,"answer":2}},
{"id":"quiz_lib","key":10180,"value":{"rating":1,"answer":2}},
{"id":"quiz_lib","key":10181,"value":{"rating":1,"answer":3}},
{"id":"quiz_lib","key":10182,"value":{"rating":1,"answer":3}},
{"id":"quiz_lib","key":10183,"value":{"rating":1,"answer":3}},
{"id":"quiz_lib","key":10184,"value":{"rating":1,"answer":3}},
{"id":"quiz_lib","key":10185,"value":{"rating":1,"answer":3}},
{"id":"quiz_lib","key":10186,"value":{"rating":1,"answer":3}},
{"id":"quiz_lib","key":10187,"value":{"rating":1,"answer":3}},
{"id":"quiz_lib","key":10188,"value":{"rating":1,"answer":3}},
{"id":"quiz_lib","key":10189,"value":{"rating":1,"answer":3}},
{"id":"quiz_lib","key":10190,"value":{"rating":1,"answer":3}},
{"id":"quiz_lib","key":10191,"value":{"rating":1,"answer":4}},
{"id":"quiz_lib","key":10192,"value":{"rating":1,"answer":4}},
{"id":"quiz_lib","key":10193,"value":{"rating":1,"answer":4}},
{"id":"quiz_lib","key":10194,"value":{"rating":1,"answer":4}},
{"id":"quiz_lib","key":10195,"value":{"rating":1,"answer":4}},
{"id":"quiz_lib","key":10196,"value":{"rating":1,"answer":4}},
{"id":"quiz_lib","key":10197,"value":{"rating":1,"answer":4}},
{"id":"quiz_lib","key":10198,"value":{"rating":1,"answer":4}},
{"id":"quiz_lib","key":10199,"value":{"rating":1,"answer":4}},
{"id":"quiz_lib","key":10200,"value":{"rating":1,"answer":4}},
{"id":"quiz_lib","key":10201,"value":{"rating":1,"answer":1}},
{"id":"quiz_lib","key":10202,"value":{"rating":1,"answer":1}},
{"id":"quiz_lib","key":10203,"value":{"rating":1,"answer":1}},
{"id":"quiz_lib","key":10204,"value":{"rating":1,"answer":1}},
{"id":"quiz_lib","key":10205,"value":{"rating":1,"answer":1}},
{"id":"quiz_lib","key":10206,"value":{"rating":1,"answer":1}},
{"id":"quiz_lib","key":10207,"value":{"rating":1,"answer":1}},
{"id":"quiz_lib","key":10208,"value":{"rating":1,"answer":1}},
{"id":"quiz_lib","key":10209,"value":{"rating":1,"answer":1}},
{"id":"quiz_lib","key":10210,"value":{"rating":1,"answer":1}},
{"id":"quiz_lib","key":10211,"value":{"rating":1,"answer":2}},
{"id":"quiz_lib","key":10212,"value":{"rating":1,"answer":2}},
{"id":"quiz_lib","key":10213,"value":{"rating":1,"answer":2}},
{"id":"quiz_lib","key":10214,"value":{"rating":1,"answer":2}},
{"id":"quiz_lib","key":10215,"value":{"rating":1,"answer":2}},
{"id":"quiz_lib","key":10216,"value":{"rating":1,"answer":2}},
{"id":"quiz_lib","key":10217,"value":{"rating":1,"answer":2}},
{"id":"quiz_lib","key":10218,"value":{"rating":1,"answer":2}},
{"id":"quiz_lib","key":10219,"value":{"rating":1,"answer":2}},
{"id":"quiz_lib","key":10220,"value":{"rating":1,"answer":2}},
{"id":"quiz_lib","key":10221,"value":{"rating":1,"answer":3}},
{"id":"quiz_lib","key":10222,"value":{"rating":1,"answer":3}},
{"id":"quiz_lib","key":10223,"value":{"rating":1,"answer":3}},
{"id":"quiz_lib","key":10224,"value":{"rating":1,"answer":3}},
{"id":"quiz_lib","key":10225,"value":{"rating":1,"answer":3}},
{"id":"quiz_lib","key":10226,"value":{"rating":1,"answer":3}},
{"id":"quiz_lib","key":10227,"value":{"rating":1,"answer":3}},
{"id":"quiz_lib","key":10228,"value":{"rating":1,"answer":3}},
{"id":"quiz_lib","key":10229,"value":{"rating":1,"answer":3}},
{"id":"quiz_lib","key":10230,"value":{"rating":1,"answer":3}},
{"id":"quiz_lib","key":10231,"value":{"rating":1,"answer":4}},
{"id":"quiz_lib","key":10232,"value":{"rating":1,"answer":4}},
{"id":"quiz_lib","key":10233,"value":{"rating":1,"answer":4}},
{"id":"quiz_lib","key":10234,"value":{"rating":1,"answer":4}},
{"id":"quiz_lib","key":10235,"value":{"rating":1,"answer":4}},
{"id":"quiz_lib","key":10236,"value":{"rating":1,"answer":4}},
{"id":"quiz_lib","key":10237,"value":{"rating":1,"answer":4}},
{"id":"quiz_lib","key":10238,"value":{"rating":1,"answer":4}},
{"id":"quiz_lib","key":10239,"value":{"rating":1,"answer":4}},
{"id":"quiz_lib","key":10240,"value":{"rating":1,"answer":4}},
{"id":"quiz_lib","key":10241,"value":{"rating":1,"answer":1}},
{"id":"quiz_lib","key":10242,"value":{"rating":1,"answer":1}},
{"id":"quiz_lib","key":10243,"value":{"rating":1,"answer":1}},
{"id":"quiz_lib","key":10244,"value":{"rating":1,"answer":1}},
{"id":"quiz_lib","key":10245,"value":{"rating":1,"answer":1}},
{"id":"quiz_lib","key":10246,"value":{"rating":1,"answer":1}},
{"id":"quiz_lib","key":10247,"value":{"rating":1,"answer":1}},
{"id":"quiz_lib","key":10248,"value":{"rating":1,"answer":1}},
{"id":"quiz_lib","key":10249,"value":{"rating":1,"answer":1}},
{"id":"quiz_lib","key":10250,"value":{"rating":1,"answer":1}},
{"id":"quiz_lib","key":10251,"value":{"rating":1,"answer":2}},
{"id":"quiz_lib","key":10252,"value":{"rating":1,"answer":2}},
{"id":"quiz_lib","key":10253,"value":{"rating":1,"answer":2}},
{"id":"quiz_lib","key":10254,"value":{"rating":1,"answer":2}},
{"id":"quiz_lib","key":10255,"value":{"rating":1,"answer":2}},
{"id":"quiz_lib","key":10256,"value":{"rating":1,"answer":2}},
{"id":"quiz_lib","key":10257,"value":{"rating":1,"answer":2}},
{"id":"quiz_lib","key":10258,"value":{"rating":1,"answer":2}},
{"id":"quiz_lib","key":10259,"value":{"rating":1,"answer":2}},
{"id":"quiz_lib","key":10260,"value":{"rating":1,"answer":2}},
{"id":"quiz_lib","key":10261,"value":{"rating":1,"answer":3}},
{"id":"quiz_lib","key":10262,"value":{"rating":1,"answer":3}},
{"id":"quiz_lib","key":10263,"value":{"rating":1,"answer":3}},
{"id":"quiz_lib","key":10264,"value":{"rating":1,"answer":3}},
{"id":"quiz_lib","key":10265,"value":{"rating":1,"answer":3}},
{"id":"quiz_lib","key":10266,"value":{"rating":1,"answer":3}},
{"id":"quiz_lib","key":10267,"value":{"rating":1,"answer":3}},
{"id":"quiz_lib","key":10268,"value":{"rating":1,"answer":3}},
{"id":"quiz_lib","key":10269,"value":{"rating":1,"answer":3}},
{"id":"quiz_lib","key":10270,"value":{"rating":1,"answer":3}},
{"id":"quiz_lib","key":10271,"value":{"rating":1,"answer":4}},
{"id":"quiz_lib","key":10272,"value":{"rating":1,"answer":4}},
{"id":"quiz_lib","key":10273,"value":{"rating":1,"answer":4}},
{"id":"quiz_lib","key":10274,"value":{"rating":1,"answer":4}},
{"id":"quiz_lib","key":10275,"value":{"rating":1,"answer":4}},
{"id":"quiz_lib","key":10276,"value":{"rating":1,"answer":4}},
{"id":"quiz_lib","key":10277,"value":{"rating":1,"answer":4}},
{"id":"quiz_lib","key":10278,"value":{"rating":1,"answer":4}},
{"id":"quiz_lib","key":10279,"value":{"rating":1,"answer":4}},
{"id":"quiz_lib","key":10280,"value":{"rating":1,"answer":4}},
{"id":"quiz_lib","key":10281,"value":{"rating":1,"answer":1}},
{"id":"quiz_lib","key":10282,"value":{"rating":1,"answer":1}},
{"id":"quiz_lib","key":10283,"value":{"rating":1,"answer":1}},
{"id":"quiz_lib","key":10284,"value":{"rating":1,"answer":1}},
{"id":"quiz_lib","key":20001,"value":{"rating":2,"answer":1}},
{"id":"quiz_lib","key":20002,"value":{"rating":2,"answer":1}},
{"id":"quiz_lib","key":20003,"value":{"rating":2,"answer":1}},
{"id":"quiz_lib","key":20004,"value":{"rating":2,"answer":1}},
{"id":"quiz_lib","key":20005,"value":{"rating":2,"answer":1}},
{"id":"quiz_lib","key":20006,"value":{"rating":2,"answer":1}},
{"id":"quiz_lib","key":20007,"value":{"rating":2,"answer":2}},
{"id":"quiz_lib","key":20008,"value":{"rating":2,"answer":2}},
{"id":"quiz_lib","key":20009,"value":{"rating":2,"answer":2}},
{"id":"quiz_lib","key":20010,"value":{"rating":2,"answer":2}},
{"id":"quiz_lib","key":20011,"value":{"rating":2,"answer":2}},
{"id":"quiz_lib","key":20012,"value":{"rating":2,"answer":2}},
{"id":"quiz_lib","key":20013,"value":{"rating":2,"answer":2}},
{"id":"quiz_lib","key":20014,"value":{"rating":2,"answer":2}},
{"id":"quiz_lib","key":20015,"value":{"rating":2,"answer":2}},
{"id":"quiz_lib","key":20016,"value":{"rating":2,"answer":2}},
{"id":"quiz_lib","key":20017,"value":{"rating":2,"answer":3}},
{"id":"quiz_lib","key":20018,"value":{"rating":2,"answer":3}},
{"id":"quiz_lib","key":20019,"value":{"rating":2,"answer":3}},
{"id":"quiz_lib","key":20020,"value":{"rating":2,"answer":3}},
{"id":"quiz_lib","key":20021,"value":{"rating":2,"answer":3}},
{"id":"quiz_lib","key":20022,"value":{"rating":2,"answer":3}},
{"id":"quiz_lib","key":20023,"value":{"rating":2,"answer":3}},
{"id":"quiz_lib","key":20024,"value":{"rating":2,"answer":3}},
{"id":"quiz_lib","key":20025,"value":{"rating":2,"answer":3}},
{"id":"quiz_lib","key":20026,"value":{"rating":2,"answer":3}},
{"id":"quiz_lib","key":20027,"value":{"rating":2,"answer":4}},
{"id":"quiz_lib","key":20028,"value":{"rating":2,"answer":4}},
{"id":"quiz_lib","key":20029,"value":{"rating":2,"answer":4}},
{"id":"quiz_lib","key":20030,"value":{"rating":2,"answer":4}},
{"id":"quiz_lib","key":20031,"value":{"rating":2,"answer":4}},
{"id":"quiz_lib","key":20032,"value":{"rating":2,"answer":4}},
{"id":"quiz_lib","key":20033,"value":{"rating":2,"answer":4}},
{"id":"quiz_lib","key":20034,"value":{"rating":2,"answer":4}},
{"id":"quiz_lib","key":20035,"value":{"rating":2,"answer":4}},
{"id":"quiz_lib","key":30001,"value":{"rating":3,"answer":4}},
{"id":"quiz_lib","key":30002,"value":{"rating":3,"answer":1}},
{"id":"quiz_lib","key":30003,"value":{"rating":3,"answer":1}},
{"id":"quiz_lib","key":30004,"value":{"rating":3,"answer":1}},
{"id":"quiz_lib","key":30005,"value":{"rating":3,"answer":1}},
{"id":"quiz_lib","key":30006,"value":{"rating":3,"answer":1}},
{"id":"quiz_lib","key":30007,"value":{"rating":3,"answer":1}},
{"id":"quiz_lib","key":30008,"value":{"rating":3,"answer":1}},
{"id":"quiz_lib","key":30009,"value":{"rating":3,"answer":1}},
{"id":"quiz_lib","key":30010,"value":{"rating":3,"answer":1}},
{"id":"quiz_lib","key":30011,"value":{"rating":3,"answer":1}},
{"id":"quiz_lib","key":30012,"value":{"rating":3,"answer":2}},
{"id":"quiz_lib","key":30013,"value":{"rating":3,"answer":2}},
{"id":"quiz_lib","key":30014,"value":{"rating":3,"answer":2}},
{"id":"quiz_lib","key":30015,"value":{"rating":3,"answer":2}},
{"id":"quiz_lib","key":30016,"value":{"rating":3,"answer":2}},
{"id":"quiz_lib","key":30017,"value":{"rating":3,"answer":2}},
{"id":"quiz_lib","key":30018,"value":{"rating":3,"answer":2}},
{"id":"quiz_lib","key":30019,"value":{"rating":3,"answer":2}},
{"id":"quiz_lib","key":30020,"value":{"rating":3,"answer":2}},
{"id":"quiz_lib","key":30021,"value":{"rating":3,"answer":2}},
{"id":"quiz_lib","key":30022,"value":{"rating":3,"answer":3}},
{"id":"quiz_lib","key":30023,"value":{"rating":3,"answer":3}},
{"id":"quiz_lib","key":30024,"value":{"rating":3,"answer":3}},
{"id":"quiz_lib","key":30025,"value":{"rating":3,"answer":3}},
{"id":"quiz_lib","key":30026,"value":{"rating":3,"answer":3}},
{"id":"quiz_lib","key":30027,"value":{"rating":3,"answer":3}},
{"id":"quiz_lib","key":30028,"value":{"rating":3,"answer":3}},
{"id":"quiz_lib","key":40001,"value":{"rating":4,"answer":3}},
{"id":"quiz_lib","key":40002,"value":{"rating":4,"answer":3}},
{"id":"quiz_lib","key":40003,"value":{"rating":4,"answer":3}},
{"id":"quiz_lib","key":40004,"value":{"rating":4,"answer":4}},
{"id":"quiz_lib","key":40005,"value":{"rating":4,"answer":4}},
{"id":"quiz_lib","key":40006,"value":{"rating":4,"answer":4}},
{"id":"quiz_lib","key":40007,"value":{"rating":4,"answer":4}},
{"id":"quiz_lib","key":40008,"value":{"rating":4,"answer":4}},
{"id":"quiz_lib","key":40009,"value":{"rating":4,"answer":4}},
{"id":"quiz_lib","key":40010,"value":{"rating":4,"answer":4}},
{"id":"quiz_lib","key":40011,"value":{"rating":4,"answer":4}},
{"id":"quiz_lib","key":40012,"value":{"rating":4,"answer":4}},
{"id":"quiz_lib","key":40013,"value":{"rating":4,"answer":4}},
{"id":"quiz_lib","key":40014,"value":{"rating":4,"answer":1}},
{"id":"quiz_lib","key":40015,"value":{"rating":4,"answer":1}},
{"id":"quiz_lib","key":40016,"value":{"rating":4,"answer":1}},
{"id":"quiz_lib","key":40017,"value":{"rating":4,"answer":1}},
{"id":"quiz_lib","key":40018,"value":{"rating":4,"answer":1}},
{"id":"quiz_lib","key":40019,"value":{"rating":4,"answer":1}},
{"id":"quiz_lib","key":40020,"value":{"rating":4,"answer":1}},
{"id":"quiz_lib","key":40021,"value":{"rating":4,"answer":1}},
{"id":"quiz_lib","key":40022,"value":{"rating":4,"answer":1}},
{"id":"quiz_lib","key":40023,"value":{"rating":4,"answer":1}},
{"id":"quiz_lib","key":40024,"value":{"rating":4,"answer":2}},
{"id":"quiz_lib","key":40025,"value":{"rating":4,"answer":2}},
{"id":"quiz_lib","key":40026,"value":{"rating":4,"answer":2}},
{"id":"quiz_lib","key":40027,"value":{"rating":4,"answer":2}},
{"id":"quiz_lib","key":40028,"value":{"rating":4,"answer":2}},
{"id":"quiz_lib","key":40029,"value":{"rating":4,"answer":2}},
{"id":"quiz_lib","key":40030,"value":{"rating":4,"answer":2}},
{"id":"quiz_lib","key":40031,"value":{"rating":4,"answer":2}},
{"id":"quiz_lib","key":40032,"value":{"rating":4,"answer":2}},
{"id":"quiz_lib","key":40033,"value":{"rating":4,"answer":2}},
{"id":"quiz_lib","key":40034,"value":{"rating":4,"answer":3}},
{"id":"quiz_lib","key":40035,"value":{"rating":4,"answer":3}},
{"id":"quiz_lib","key":40036,"value":{"rating":4,"answer":3}},
{"id":"quiz_lib","key":40037,"value":{"rating":4,"answer":3}},
{"id":"quiz_lib","key":40038,"value":{"rating":4,"answer":3}},
{"id":"quiz_lib","key":40039,"value":{"rating":4,"answer":3}},
{"id":"quiz_lib","key":40040,"value":{"rating":4,"answer":3}},
{"id":"quiz_lib","key":40041,"value":{"rating":4,"answer":3}},
{"id":"quiz_lib","key":40042,"value":{"rating":4,"answer":3}},
{"id":"quiz_lib","key":40043,"value":{"rating":4,"answer":3}},
{"id":"quiz_lib","key":40044,"value":{"rating":4,"answer":4}},
{"id":"quiz_lib","key":40045,"value":{"rating":4,"answer":4}},
{"id":"quiz_lib","key":40046,"value":{"rating":4,"answer":4}},
{"id":"quiz_lib","key":40047,"value":{"rating":4,"answer":4}},
{"id":"quiz_lib","key":40048,"value":{"rating":4,"answer":4}},
{"id":"quiz_lib","key":40049,"value":{"rating":4,"answer":4}},
{"id":"quiz_lib","key":40050,"value":{"rating":4,"answer":4}},
{"id":"quiz_lib","key":40051,"value":{"rating":4,"answer":4}},
{"id":"quiz_lib","key":40052,"value":{"rating":4,"answer":4}},
{"id":"quiz_lib","key":40053,"value":{"rating":4,"answer":4}},
{"id":"quiz_lib","key":40054,"value":{"rating":4,"answer":1}},
{"id":"quiz_lib","key":40055,"value":{"rating":4,"answer":1}},
{"id":"quiz_lib","key":40056,"value":{"rating":4,"answer":1}},
{"id":"quiz_lib","key":40057,"value":{"rating":4,"answer":1}},
{"id":"quiz_lib","key":40058,"value":{"rating":4,"answer":1}},
{"id":"quiz_lib","key":40059,"value":{"rating":4,"answer":1}},
{"id":"quiz_lib","key":40060,"value":{"rating":4,"answer":1}},
{"id":"quiz_lib","key":40061,"value":{"rating":4,"answer":1}},
{"id":"quiz_lib","key":40062,"value":{"rating":4,"answer":1}},
{"id":"quiz_lib","key":40063,"value":{"rating":4,"answer":1}},
{"id":"quiz_lib","key":40064,"value":{"rating":4,"answer":1}},
{"id":"quiz_lib","key":40065,"value":{"rating":4,"answer":1}},
{"id":"quiz_lib","key":40066,"value":{"rating":4,"answer":2}},
{"id":"quiz_lib","key":40067,"value":{"rating":4,"answer":2}},
{"id":"quiz_lib","key":40068,"value":{"rating":4,"answer":2}},
{"id":"quiz_lib","key":40069,"value":{"rating":4,"answer":2}},
{"id":"quiz_lib","key":40070,"value":{"rating":4,"answer":2}},
{"id":"quiz_lib","key":40071,"value":{"rating":4,"answer":2}},
{"id":"quiz_lib","key":40072,"value":{"rating":4,"answer":2}},
{"id":"quiz_lib","key":40073,"value":{"rating":4,"answer":3}},
{"id":"quiz_lib","key":40074,"value":{"rating":4,"answer":3}},
{"id":"quiz_lib","key":40075,"value":{"rating":4,"answer":3}},
{"id":"quiz_lib","key":40076,"value":{"rating":4,"answer":1}},
{"id":"quiz_lib","key":40077,"value":{"rating":4,"answer":1}},
{"id":"quiz_lib","key":40078,"value":{"rating":4,"answer":1}},
{"id":"quiz_lib","key":40079,"value":{"rating":4,"answer":1}},
{"id":"quiz_lib","key":40080,"value":{"rating":4,"answer":2}},
{"id":"quiz_lib","key":40081,"value":{"rating":4,"answer":2}},
{"id":"quiz_lib","key":40082,"value":{"rating":4,"answer":3}},
{"id":"quiz_lib","key":40083,"value":{"rating":4,"answer":4}},
{"id":"quiz_lib","key":40084,"value":{"rating":4,"answer":1}},
{"id":"quiz_lib","key":40085,"value":{"rating":4,"answer":1}},
{"id":"quiz_lib","key":40086,"value":{"rating":4,"answer":1}},
{"id":"quiz_lib","key":40087,"value":{"rating":4,"answer":1}},
{"id":"quiz_lib","key":40088,"value":{"rating":4,"answer":1}},
{"id":"quiz_lib","key":40089,"value":{"rating":4,"answer":2}},
{"id":"quiz_lib","key":40090,"value":{"rating":4,"answer":2}},
{"id":"quiz_lib","key":40091,"value":{"rating":4,"answer":2}},
{"id":"quiz_lib","key":40092,"value":{"rating":4,"answer":3}},
{"id":"quiz_lib","key":40093,"value":{"rating":4,"answer":3}},
{"id":"quiz_lib","key":40094,"value":{"rating":4,"answer":3}},
{"id":"quiz_lib","key":40095,"value":{"rating":4,"answer":3}},
{"id":"quiz_lib","key":40096,"value":{"rating":4,"answer":4}},
{"id":"quiz_lib","key":40097,"value":{"rating":4,"answer":4}},
{"id":"quiz_lib","key":40098,"value":{"rating":4,"answer":4}},
{"id":"quiz_lib","key":40099,"value":{"rating":4,"answer":4}}
]}
