{"total_rows":7,"offset":0,"rows":[
{"id":"storm_cellar:1","key":1,"value":{"map":410001,"unlockLevel":60,"prepareTime":5,"duration":300,"slowDownCost":50,"slowDownDuration":15,"positions":[{"x":14,"y":24},{"x":39,"y":41},{"x":20,"y":48},{"x":32,"y":19},{"x":20,"y":18},{"x":35,"y":48},{"x":10,"y":41},{"x":41,"y":27}],"stages":[{"time":[0,100],"ratio":[{"id":1,"num":20},{"id":2,"num":5},{"id":3,"num":0},{"id":4,"num":2},{"id":5,"num":2},{"id":6,"num":2}]},{"time":[101,200],"ratio":[{"id":1,"num":40},{"id":2,"num":10},{"id":3,"num":1},{"id":4,"num":2},{"id":5,"num":2},{"id":6,"num":2}]},{"time":[201,300],"ratio":[{"id":1,"num":60},{"id":2,"num":20},{"id":3,"num":2},{"id":4,"num":2},{"id":5,"num":2},{"id":6,"num":2}]}],"monstersPoints":{"1":{"id":611101,"points":20},"2":{"id":611102,"points":30},"3":{"id":611103,"points":50},"4":{"id":611111,"points":50},"5":{"id":611112,"points":50},"6":{"id":611113,"points":50}},"pointsRewards":[{"points":2000,"dropId":836020001},{"points":4000,"dropId":836020002},{"points":8000,"dropId":836020003}],"consumeItem":208021501,"consumeAmount":1,"disappearPos":[[26,34,3]]}},
{"id":"storm_cellar:2","key":2,"value":{"map":410001,"unlockLevel":120,"prepareTime":5,"duration":300,"slowDownCost":50,"slowDownDuration":15,"positions":[{"x":14,"y":24},{"x":39,"y":41},{"x":20,"y":48},{"x":32,"y":19},{"x":20,"y":18},{"x":35,"y":48},{"x":10,"y":41},{"x":41,"y":27}],"stages":[{"time":[0,100],"ratio":[{"id":1,"num":20},{"id":2,"num":5},{"id":3,"num":0},{"id":4,"num":2},{"id":5,"num":2},{"id":6,"num":2}]},{"time":[101,200],"ratio":[{"id":1,"num":40},{"id":2,"num":10},{"id":3,"num":1},{"id":4,"num":2},{"id":5,"num":2},{"id":6,"num":2}]},{"time":[201,300],"ratio":[{"id":1,"num":60},{"id":2,"num":20},{"id":3,"num":2},{"id":4,"num":2},{"id":5,"num":2},{"id":6,"num":2}]}],"monstersPoints":{"1":{"id":611101,"points":20},"2":{"id":611102,"points":30},"3":{"id":611103,"points":50},"4":{"id":611111,"points":50},"5":{"id":611112,"points":50},"6":{"id":611113,"points":50}},"pointsRewards":[{"points":2000,"dropId":836040001},{"points":4000,"dropId":836040002},{"points":8000,"dropId":836040003}],"consumeItem":208021501,"consumeAmount":1,"disappearPos":[[26,34,3]]}},
{"id":"storm_cellar:3","key":3,"value":{"map":410001,"unlockLevel":180,"prepareTime":5,"duration":300,"slowDownCost":50,"slowDownDuration":15,"positions":[{"x":14,"y":24},{"x":39,"y":41},{"x":20,"y":48},{"x":32,"y":19},{"x":20,"y":18},{"x":35,"y":48},{"x":10,"y":41},{"x":41,"y":27}],"stages":[{"time":[0,100],"ratio":[{"id":1,"num":20},{"id":2,"num":5},{"id":3,"num":0},{"id":4,"num":2},{"id":5,"num":2},{"id":6,"num":2}]},{"time":[101,200],"ratio":[{"id":1,"num":40},{"id":2,"num":10},{"id":3,"num":1},{"id":4,"num":2},{"id":5,"num":2},{"id":6,"num":2}]},{"time":[201,300],"ratio":[{"id":1,"num":60},{"id":2,"num":20},{"id":3,"num":2},{"id":4,"num":2},{"id":5,"num":2},{"id":6,"num":2}]}],"monstersPoints":{"1":{"id":611101,"points":20},"2":{"id":611102,"points":30},"3":{"id":611103,"points":50},"4":{"id":611111,"points":50},"5":{"id":611112,"points":50},"6":{"id":611113,"points":50}},"pointsRewards":[{"points":2000,"dropId":836060001},{"points":4000,"dropId":836060002},{"points":8000,"dropId":836060003}],"consumeItem":208021501,"consumeAmount":1,"disappearPos":[[26,34,3]]}},
{"id":"storm_cellar:4","key":4,"value":{"map":410001,"unlockLevel":240,"prepareTime":5,"duration":300,"slowDownCost":50,"slowDownDuration":15,"positions":[{"x":14,"y":24},{"x":39,"y":41},{"x":20,"y":48},{"x":32,"y":19},{"x":20,"y":18},{"x":35,"y":48},{"x":10,"y":41},{"x":41,"y":27}],"stages":[{"time":[0,100],"ratio":[{"id":1,"num":20},{"id":2,"num":5},{"id":3,"num":0},{"id":4,"num":2},{"id":5,"num":2},{"id":6,"num":2}]},{"time":[101,200],"ratio":[{"id":1,"num":40},{"id":2,"num":10},{"id":3,"num":1},{"id":4,"num":2},{"id":5,"num":2},{"id":6,"num":2}]},{"time":[201,300],"ratio":[{"id":1,"num":60},{"id":2,"num":20},{"id":3,"num":2},{"id":4,"num":2},{"id":5,"num":2},{"id":6,"num":2}]}],"monstersPoints":{"1":{"id":611101,"points":20},"2":{"id":611102,"points":30},"3":{"id":611103,"points":50},"4":{"id":611111,"points":50},"5":{"id":611112,"points":50},"6":{"id":611113,"points":50}},"pointsRewards":[{"points":2000,"dropId":836080001},{"points":4000,"dropId":836080002},{"points":8000,"dropId":836080003}],"consumeItem":208021501,"consumeAmount":1,"disappearPos":[[26,34,3]]}},
{"id":"storm_cellar:5","key":5,"value":{"map":410001,"unlockLevel":300,"prepareTime":5,"duration":300,"slowDownCost":50,"slowDownDuration":15,"positions":[{"x":14,"y":24},{"x":39,"y":41},{"x":20,"y":48},{"x":32,"y":19},{"x":20,"y":18},{"x":35,"y":48},{"x":10,"y":41},{"x":41,"y":27}],"stages":[{"time":[0,100],"ratio":[{"id":1,"num":20},{"id":2,"num":5},{"id":3,"num":0},{"id":4,"num":2},{"id":5,"num":2},{"id":6,"num":2}]},{"time":[101,200],"ratio":[{"id":1,"num":40},{"id":2,"num":10},{"id":3,"num":1},{"id":4,"num":2},{"id":5,"num":2},{"id":6,"num":2}]},{"time":[201,300],"ratio":[{"id":1,"num":60},{"id":2,"num":20},{"id":3,"num":2},{"id":4,"num":2},{"id":5,"num":2},{"id":6,"num":2}]}],"monstersPoints":{"1":{"id":611101,"points":20},"2":{"id":611102,"points":30},"3":{"id":611103,"points":50},"4":{"id":611111,"points":50},"5":{"id":611112,"points":50},"6":{"id":611113,"points":50}},"pointsRewards":[{"points":2000,"dropId":836100001},{"points":4000,"dropId":836100002},{"points":8000,"dropId":836100003}],"consumeItem":208021501,"consumeAmount":1,"disappearPos":[[26,34,3]]}},
{"id":"storm_cellar:6","key":6,"value":{"map":410001,"unlockLevel":330,"prepareTime":5,"duration":300,"slowDownCost":50,"slowDownDuration":15,"positions":[{"x":14,"y":24},{"x":39,"y":41},{"x":20,"y":48},{"x":32,"y":19},{"x":20,"y":18},{"x":35,"y":48},{"x":10,"y":41},{"x":41,"y":27}],"stages":[{"time":[0,100],"ratio":[{"id":1,"num":20},{"id":2,"num":5},{"id":3,"num":0},{"id":4,"num":2},{"id":5,"num":2},{"id":6,"num":2}]},{"time":[101,200],"ratio":[{"id":1,"num":40},{"id":2,"num":10},{"id":3,"num":1},{"id":4,"num":2},{"id":5,"num":2},{"id":6,"num":2}]},{"time":[201,300],"ratio":[{"id":1,"num":60},{"id":2,"num":20},{"id":3,"num":2},{"id":4,"num":2},{"id":5,"num":2},{"id":6,"num":2}]}],"monstersPoints":{"1":{"id":611101,"points":20},"2":{"id":611102,"points":30},"3":{"id":611103,"points":50},"4":{"id":611111,"points":50},"5":{"id":611112,"points":50},"6":{"id":611113,"points":50}},"pointsRewards":[{"points":2000,"dropId":836110001},{"points":4000,"dropId":836110002},{"points":8000,"dropId":836110003}],"consumeItem":208021501,"consumeAmount":1,"disappearPos":[[26,34,3]]}},
{"id":"storm_cellar:7","key":7,"value":{"map":410001,"unlockLevel":360,"prepareTime":5,"duration":300,"slowDownCost":50,"slowDownDuration":15,"positions":[{"x":14,"y":24},{"x":39,"y":41},{"x":20,"y":48},{"x":32,"y":19},{"x":20,"y":18},{"x":35,"y":48},{"x":10,"y":41},{"x":41,"y":27}],"stages":[{"time":[0,100],"ratio":[{"id":1,"num":20},{"id":2,"num":5},{"id":3,"num":0},{"id":4,"num":2},{"id":5,"num":2},{"id":6,"num":2}]},{"time":[101,200],"ratio":[{"id":1,"num":40},{"id":2,"num":10},{"id":3,"num":1},{"id":4,"num":2},{"id":5,"num":2},{"id":6,"num":2}]},{"time":[201,300],"ratio":[{"id":1,"num":60},{"id":2,"num":20},{"id":3,"num":2},{"id":4,"num":2},{"id":5,"num":2},{"id":6,"num":2}]}],"monstersPoints":{"1":{"id":611101,"points":20},"2":{"id":611102,"points":30},"3":{"id":611103,"points":50},"4":{"id":611111,"points":50},"5":{"id":611112,"points":50},"6":{"id":611113,"points":50}},"pointsRewards":[{"points":2000,"dropId":836120001},{"points":4000,"dropId":836120002},{"points":8000,"dropId":836120003}],"consumeItem":208021501,"consumeAmount":1,"disappearPos":[[26,34,3]]}}
]}
