{"total_rows":1,"offset":0,"rows":[
{"id":"famehall_rewards","key":0,"value":[{"rank":[1,1],"rewards":[["item",208020602,7,true],["item",208020601,30,true]]},{"rank":[10,2],"rewards":[["item",208020602,6,true],["item",208020601,30,true]]},{"rank":[50,11],"rewards":[["item",208020602,5,true],["item",208020601,30,true]]},{"rank":[100,51],"rewards":[["item",208020602,4,true],["item",208020601,30,true]]},{"rank":[200,101],"rewards":[["item",208020601,45,true]]},{"rank":[1000,201],"rewards":[["item",208020601,40,true]]},{"rank":[10000,1001],"rewards":[["item",208020601,35,true]]}]}
]}
