{"total_rows":29,"offset":0,"rows":[
{"id":"quiz_rewards:1001","key":1001,"value":{"type":"答题奖励","exp":1000000,"gold":50000,"appellation":0,"items":[]}},
{"id":"quiz_rewards:1002","key":1002,"value":{"type":"答题奖励","exp":800000,"gold":40000,"appellation":0,"items":[]}},
{"id":"quiz_rewards:2001","key":2001,"value":{"type":"结算奖励","exp":0,"gold":0,"appellation":0,"items":[]}},
{"id":"quiz_rewards:2002","key":2002,"value":{"type":"结算奖励","exp":0,"gold":50000,"appellation":0,"items":[]}},
{"id":"quiz_rewards:2003","key":2003,"value":{"type":"结算奖励","exp":0,"gold":100000,"appellation":0,"items":[]}},
{"id":"quiz_rewards:2004","key":2004,"value":{"type":"结算奖励","exp":0,"gold":150000,"appellation":0,"items":[]}},
{"id":"quiz_rewards:2005","key":2005,"value":{"type":"结算奖励","exp":0,"gold":200000,"appellation":0,"items":[]}},
{"id":"quiz_rewards:2006","key":2006,"value":{"type":"结算奖励","exp":0,"gold":250000,"appellation":0,"items":[]}},
{"id":"quiz_rewards:2007","key":2007,"value":{"type":"结算奖励","exp":0,"gold":300000,"appellation":0,"items":[]}},
{"id":"quiz_rewards:2008","key":2008,"value":{"type":"结算奖励","exp":0,"gold":350000,"appellation":0,"items":[]}},
{"id":"quiz_rewards:2009","key":2009,"value":{"type":"结算奖励","exp":0,"gold":400000,"appellation":0,"items":[]}},
{"id":"quiz_rewards:2010","key":2010,"value":{"type":"结算奖励","exp":0,"gold":450000,"appellation":0,"items":[]}},
{"id":"quiz_rewards:2011","key":2011,"value":{"type":"结算奖励","exp":0,"gold":500000,"appellation":0,"items":[]}},
{"id":"quiz_rewards:2012","key":2012,"value":{"type":"结算奖励","exp":0,"gold":550000,"appellation":0,"items":[]}},
{"id":"quiz_rewards:2013","key":2013,"value":{"type":"结算奖励","exp":0,"gold":600000,"appellation":0,"items":[]}},
{"id":"quiz_rewards:2014","key":2014,"value":{"type":"结算奖励","exp":0,"gold":650000,"appellation":0,"items":[]}},
{"id":"quiz_rewards:2015","key":2015,"value":{"type":"结算奖励","exp":0,"gold":700000,"appellation":0,"items":[]}},
{"id":"quiz_rewards:2016","key":2016,"value":{"type":"结算奖励","exp":0,"gold":750000,"appellation":0,"items":[]}},
{"id":"quiz_rewards:2017","key":2017,"value":{"type":"结算奖励","exp":0,"gold":800000,"appellation":0,"items":[]}},
{"id":"quiz_rewards:2018","key":2018,"value":{"type":"结算奖励","exp":0,"gold":850000,"appellation":0,"items":[]}},
{"id":"quiz_rewards:2019","key":2019,"value":{"type":"结算奖励","exp":0,"gold":900000,"appellation":0,"items":[]}},
{"id":"quiz_rewards:2020","key":2020,"value":{"type":"结算奖励","exp":0,"gold":950000,"appellation":0,"items":[]}},
{"id":"quiz_rewards:2021","key":2021,"value":{"type":"结算奖励","exp":0,"gold":1000000,"appellation":0,"items":[]}},
{"id":"quiz_rewards:3001","key":3001,"value":{"type":"排行奖励","exp":0,"gold":500000,"appellation":20011,"items":[]}},
{"id":"quiz_rewards:3002","key":3002,"value":{"type":"排行奖励","exp":0,"gold":400000,"appellation":20012,"items":[]}},
{"id":"quiz_rewards:3003","key":3003,"value":{"type":"排行奖励","exp":0,"gold":300000,"appellation":20013,"items":[]}},
{"id":"quiz_rewards:3004","key":3004,"value":{"type":"排行奖励","exp":0,"gold":200000,"appellation":0,"items":[]}},
{"id":"quiz_rewards:3005","key":3005,"value":{"type":"排行奖励","exp":0,"gold":150000,"appellation":0,"items":[]}},
{"id":"quiz_rewards:3006","key":3006,"value":{"type":"排行奖励","exp":0,"gold":100000,"appellation":0,"items":[]}}
]}
