{"total_rows":1,"offset":0,"rows":[
{"id":"battle_ground_3v3:1","key":1,"value":{"ready_map":403000,"battle_map":403001,"wait_time":30,"match_time":130,"single_duration":300,"coin":20,"items":{"0":[810000001],"1":[810000001],"2":[810000001],"3":[810000001],"4":[810000001],"5":[810000001]},"fight_counter":5,"round":2,"des":"3V3小队竞技\r\n从黑铁段位开始随机匹配同段位的队伍。\r\n每战胜一场升一个段位，失败保留原段位。\r\n共进行10轮比赛。\r\n看看你在荣耀角斗场里能否赢得最荣耀的称号！"}}
]}
