{"total_rows":15,"offset":0,"rows":[
{"id":"star_instance_rewards:302001","key":302001,"value":{"stages":[[0,300,1],[300,600,2],[600,900,3]],"drops":{},"passRewards":[838010001,838010002,838010003],"monsters":[]}},
{"id":"star_instance_rewards:302011","key":302011,"value":{"stages":[[0,300,1],[300,600,2],[600,900,3]],"drops":{},"passRewards":[838011001,838011002,838011003],"monsters":[]}},
{"id":"star_instance_rewards:302021","key":302021,"value":{"stages":[[0,300,1],[300,600,2],[600,900,3]],"drops":{},"passRewards":[838012001,838012002,838012003],"monsters":[]}},
{"id":"star_instance_rewards:312002","key":312002,"value":{"stages":[[0,300,1],[300,600,2],[600,900,3]],"drops":{},"passRewards":[838020001,838020002,838020003],"monsters":[]}},
{"id":"star_instance_rewards:312012","key":312012,"value":{"stages":[[0,300,1],[300,600,2],[600,900,3]],"drops":{},"passRewards":[838021001,838021002,838021003],"monsters":[]}},
{"id":"star_instance_rewards:312022","key":312022,"value":{"stages":[[0,300,1],[300,600,2],[600,900,3]],"drops":{},"passRewards":[838022001,838022002,838022003],"monsters":[]}},
{"id":"star_instance_rewards:322003","key":322003,"value":{"stages":[[0,300,1],[300,600,2],[600,900,3]],"drops":{},"passRewards":[838030001,838030002,838030003],"monsters":[]}},
{"id":"star_instance_rewards:322013","key":322013,"value":{"stages":[[0,300,1],[300,600,2],[600,900,3]],"drops":{},"passRewards":[838031001,838031002,838031003],"monsters":[]}},
{"id":"star_instance_rewards:322023","key":322023,"value":{"stages":[[0,300,1],[300,600,2],[600,900,3]],"drops":{},"passRewards":[838032001,838032002,838032003],"monsters":[]}},
{"id":"star_instance_rewards:332001","key":332001,"value":{"stages":[[0,300,1],[300,600,2],[600,900,3]],"drops":{},"passRewards":[838050001,838050002,838050003],"monsters":[]}},
{"id":"star_instance_rewards:332011","key":332011,"value":{"stages":[[0,300,1],[300,600,2],[600,900,3]],"drops":{},"passRewards":[838051001,838051002,838051003],"monsters":[]}},
{"id":"star_instance_rewards:332021","key":332021,"value":{"stages":[[0,300,1],[300,600,2],[600,900,3]],"drops":{},"passRewards":[838052001,838052002,838052003],"monsters":[]}},
{"id":"star_instance_rewards:342001","key":342001,"value":{"stages":[[0,300,1],[300,600,2],[600,900,3]],"drops":{},"passRewards":[838090001,838090002,838090003],"monsters":[]}},
{"id":"star_instance_rewards:342011","key":342011,"value":{"stages":[[0,300,1],[300,600,2],[600,900,3]],"drops":{},"passRewards":[838091001,838091002,838091003],"monsters":[]}},
{"id":"star_instance_rewards:342021","key":342021,"value":{"stages":[[0,300,1],[300,600,2],[600,900,3]],"drops":{},"passRewards":[838092001,838092002,838092003],"monsters":[]}}
]}
