{"total_rows":1,"offset":0,"rows":[
{"id":"battle_ground_config:1","key":1,"value":{"map":404001,"readyMap":404000,"duration":600,"applyTime":[[0,600],[600,1200]],"applyTimes":2,"playerLow":20,"dividePlayers":40,"description":"15V15战场","rewardId":[208020611,208020621,208020701,208020702],"readyTime":10,"resourceLootTime":[[30,210],[210,390],[390,570]],"resourceRadius":7,"singleRewardScore":5,"killEnemyScore":10,"assistKillScore":3,"vdRewardId":810000008,"personageRewardId":810000005,"resPosition":[{"index":2,"events":[2,3],"position":[116,21]},{"index":1,"events":[4,5],"position":[80,52]},{"index":0,"events":[6,7],"position":[43,84]}]}}
]}
