{"total_rows":64,"offset":0,"rows":[
{"id":"steel_wing:619001","key":619001,"value":{"level":120,"monsterType":0,"sharedDrop":839010101,"privateDrop":0,"monsterPositions":[53,127],"map":417001,"layer":1}},
{"id":"steel_wing:619002","key":619002,"value":{"level":125,"monsterType":0,"sharedDrop":839010102,"privateDrop":0,"monsterPositions":[84,106],"map":417001,"layer":1}},
{"id":"steel_wing:619003","key":619003,"value":{"level":135,"monsterType":0,"sharedDrop":839010103,"privateDrop":0,"monsterPositions":[137,102],"map":417001,"layer":1}},
{"id":"steel_wing:619004","key":619004,"value":{"level":140,"monsterType":0,"sharedDrop":839010104,"privateDrop":0,"monsterPositions":[164,67],"map":417001,"layer":1}},
{"id":"steel_wing:619005","key":619005,"value":{"level":150,"monsterType":0,"sharedDrop":839010105,"privateDrop":0,"monsterPositions":[84,47],"map":417001,"layer":1}},
{"id":"steel_wing:619006","key":619006,"value":{"level":155,"monsterType":0,"sharedDrop":839010106,"privateDrop":0,"monsterPositions":[30,56],"map":417001,"layer":1}},
{"id":"steel_wing:619007","key":619007,"value":{"level":160,"monsterType":0,"sharedDrop":839010107,"privateDrop":0,"monsterPositions":[188,136],"map":417001,"layer":1}},
{"id":"steel_wing:619008","key":619008,"value":{"level":170,"monsterType":0,"sharedDrop":839010108,"privateDrop":0,"monsterPositions":[125,173],"map":417001,"layer":1}},
{"id":"steel_wing:619009","key":619009,"value":{"level":180,"monsterType":0,"sharedDrop":839010201,"privateDrop":0,"monsterPositions":[53,127],"map":417002,"layer":2}},
{"id":"steel_wing:619010","key":619010,"value":{"level":185,"monsterType":0,"sharedDrop":839010202,"privateDrop":0,"monsterPositions":[84,106],"map":417002,"layer":2}},
{"id":"steel_wing:619011","key":619011,"value":{"level":190,"monsterType":0,"sharedDrop":839010203,"privateDrop":0,"monsterPositions":[137,102],"map":417002,"layer":2}},
{"id":"steel_wing:619012","key":619012,"value":{"level":200,"monsterType":0,"sharedDrop":839010204,"privateDrop":0,"monsterPositions":[164,67],"map":417002,"layer":2}},
{"id":"steel_wing:619013","key":619013,"value":{"level":210,"monsterType":0,"sharedDrop":839010205,"privateDrop":0,"monsterPositions":[84,47],"map":417002,"layer":2}},
{"id":"steel_wing:619014","key":619014,"value":{"level":215,"monsterType":0,"sharedDrop":839010206,"privateDrop":0,"monsterPositions":[30,56],"map":417002,"layer":2}},
{"id":"steel_wing:619015","key":619015,"value":{"level":220,"monsterType":0,"sharedDrop":839010207,"privateDrop":0,"monsterPositions":[188,136],"map":417002,"layer":2}},
{"id":"steel_wing:619016","key":619016,"value":{"level":230,"monsterType":0,"sharedDrop":839010208,"privateDrop":0,"monsterPositions":[125,173],"map":417002,"layer":2}},
{"id":"steel_wing:619017","key":619017,"value":{"level":240,"monsterType":0,"sharedDrop":839010101,"privateDrop":0,"monsterPositions":[53,127],"map":417003,"layer":3}},
{"id":"steel_wing:619018","key":619018,"value":{"level":245,"monsterType":0,"sharedDrop":839010102,"privateDrop":0,"monsterPositions":[84,106],"map":417003,"layer":3}},
{"id":"steel_wing:619019","key":619019,"value":{"level":250,"monsterType":0,"sharedDrop":839010103,"privateDrop":0,"monsterPositions":[137,102],"map":417003,"layer":3}},
{"id":"steel_wing:619020","key":619020,"value":{"level":255,"monsterType":0,"sharedDrop":839010104,"privateDrop":0,"monsterPositions":[164,67],"map":417003,"layer":3}},
{"id":"steel_wing:619021","key":619021,"value":{"level":260,"monsterType":0,"sharedDrop":839010105,"privateDrop":0,"monsterPositions":[84,47],"map":417003,"layer":3}},
{"id":"steel_wing:619022","key":619022,"value":{"level":265,"monsterType":0,"sharedDrop":839010106,"privateDrop":0,"monsterPositions":[30,56],"map":417003,"layer":3}},
{"id":"steel_wing:619023","key":619023,"value":{"level":270,"monsterType":0,"sharedDrop":839010107,"privateDrop":0,"monsterPositions":[188,136],"map":417003,"layer":3}},
{"id":"steel_wing:619024","key":619024,"value":{"level":275,"monsterType":0,"sharedDrop":839010108,"privateDrop":0,"monsterPositions":[125,173],"map":417003,"layer":3}},
{"id":"steel_wing:619025","key":619025,"value":{"level":280,"monsterType":0,"sharedDrop":839010201,"privateDrop":0,"monsterPositions":[53,127],"map":417004,"layer":4}},
{"id":"steel_wing:619026","key":619026,"value":{"level":285,"monsterType":0,"sharedDrop":839010202,"privateDrop":0,"monsterPositions":[84,106],"map":417004,"layer":4}},
{"id":"steel_wing:619027","key":619027,"value":{"level":290,"monsterType":0,"sharedDrop":839010203,"privateDrop":0,"monsterPositions":[137,102],"map":417004,"layer":4}},
{"id":"steel_wing:619028","key":619028,"value":{"level":295,"monsterType":0,"sharedDrop":839010204,"privateDrop":0,"monsterPositions":[164,67],"map":417004,"layer":4}},
{"id":"steel_wing:619029","key":619029,"value":{"level":300,"monsterType":0,"sharedDrop":839010205,"privateDrop":0,"monsterPositions":[84,47],"map":417004,"layer":4}},
{"id":"steel_wing:619030","key":619030,"value":{"level":305,"monsterType":0,"sharedDrop":839010206,"privateDrop":0,"monsterPositions":[30,56],"map":417004,"layer":4}},
{"id":"steel_wing:619031","key":619031,"value":{"level":310,"monsterType":0,"sharedDrop":839010207,"privateDrop":0,"monsterPositions":[188,136],"map":417004,"layer":4}},
{"id":"steel_wing:619032","key":619032,"value":{"level":315,"monsterType":0,"sharedDrop":839010208,"privateDrop":0,"monsterPositions":[125,173],"map":417004,"layer":4}},
{"id":"steel_wing:619501","key":619501,"value":{"level":120,"monsterType":1,"sharedDrop":839020111,"privateDrop":0,"monsterPositions":[34,103],"map":417001,"layer":1,"refreshTime":1800}},
{"id":"steel_wing:619502","key":619502,"value":{"level":125,"monsterType":1,"sharedDrop":839020121,"privateDrop":0,"monsterPositions":[42,171],"map":417001,"layer":1,"refreshTime":1800}},
{"id":"steel_wing:619503","key":619503,"value":{"level":135,"monsterType":1,"sharedDrop":839020131,"privateDrop":0,"monsterPositions":[84,148],"map":417001,"layer":1,"refreshTime":1800}},
{"id":"steel_wing:619504","key":619504,"value":{"level":140,"monsterType":1,"sharedDrop":839020141,"privateDrop":0,"monsterPositions":[178,179],"map":417001,"layer":1,"refreshTime":1800}},
{"id":"steel_wing:619505","key":619505,"value":{"level":150,"monsterType":1,"sharedDrop":839020151,"privateDrop":0,"monsterPositions":[202,103],"map":417001,"layer":1,"refreshTime":1800}},
{"id":"steel_wing:619506","key":619506,"value":{"level":155,"monsterType":1,"sharedDrop":839020161,"privateDrop":0,"monsterPositions":[199,46],"map":417001,"layer":1,"refreshTime":1800}},
{"id":"steel_wing:619507","key":619507,"value":{"level":160,"monsterType":1,"sharedDrop":839020171,"privateDrop":0,"monsterPositions":[124,54],"map":417001,"layer":1,"refreshTime":1800}},
{"id":"steel_wing:619508","key":619508,"value":{"level":170,"monsterType":1,"sharedDrop":839020181,"privateDrop":0,"monsterPositions":[142,144],"map":417001,"layer":1,"refreshTime":1800}},
{"id":"steel_wing:619509","key":619509,"value":{"level":180,"monsterType":1,"sharedDrop":839020211,"privateDrop":0,"monsterPositions":[34,103],"map":417002,"layer":2,"refreshTime":3600}},
{"id":"steel_wing:619510","key":619510,"value":{"level":185,"monsterType":1,"sharedDrop":839020221,"privateDrop":0,"monsterPositions":[42,171],"map":417002,"layer":2,"refreshTime":3600}},
{"id":"steel_wing:619511","key":619511,"value":{"level":190,"monsterType":1,"sharedDrop":839020231,"privateDrop":0,"monsterPositions":[84,148],"map":417002,"layer":2,"refreshTime":3600}},
{"id":"steel_wing:619512","key":619512,"value":{"level":200,"monsterType":1,"sharedDrop":839020241,"privateDrop":0,"monsterPositions":[178,179],"map":417002,"layer":2,"refreshTime":3600}},
{"id":"steel_wing:619513","key":619513,"value":{"level":210,"monsterType":1,"sharedDrop":839020251,"privateDrop":0,"monsterPositions":[202,103],"map":417002,"layer":2,"refreshTime":3600}},
{"id":"steel_wing:619514","key":619514,"value":{"level":215,"monsterType":1,"sharedDrop":839020261,"privateDrop":0,"monsterPositions":[199,46],"map":417002,"layer":2,"refreshTime":3600}},
{"id":"steel_wing:619515","key":619515,"value":{"level":220,"monsterType":1,"sharedDrop":839020271,"privateDrop":0,"monsterPositions":[124,54],"map":417002,"layer":2,"refreshTime":3600}},
{"id":"steel_wing:619516","key":619516,"value":{"level":230,"monsterType":1,"sharedDrop":839020281,"privateDrop":0,"monsterPositions":[142,144],"map":417002,"layer":2,"refreshTime":3600}},
{"id":"steel_wing:619517","key":619517,"value":{"level":240,"monsterType":1,"sharedDrop":839020311,"privateDrop":0,"monsterPositions":[34,103],"map":417003,"layer":3,"refreshTime":5400}},
{"id":"steel_wing:619518","key":619518,"value":{"level":245,"monsterType":1,"sharedDrop":839020321,"privateDrop":0,"monsterPositions":[42,171],"map":417003,"layer":3,"refreshTime":5400}},
{"id":"steel_wing:619519","key":619519,"value":{"level":250,"monsterType":1,"sharedDrop":839020331,"privateDrop":0,"monsterPositions":[84,148],"map":417003,"layer":3,"refreshTime":5400}},
{"id":"steel_wing:619520","key":619520,"value":{"level":255,"monsterType":1,"sharedDrop":839020341,"privateDrop":0,"monsterPositions":[178,179],"map":417003,"layer":3,"refreshTime":5400}},
{"id":"steel_wing:619521","key":619521,"value":{"level":260,"monsterType":1,"sharedDrop":839020351,"privateDrop":0,"monsterPositions":[202,103],"map":417003,"layer":3,"refreshTime":5400}},
{"id":"steel_wing:619522","key":619522,"value":{"level":265,"monsterType":1,"sharedDrop":839020361,"privateDrop":0,"monsterPositions":[199,46],"map":417003,"layer":3,"refreshTime":5400}},
{"id":"steel_wing:619523","key":619523,"value":{"level":270,"monsterType":1,"sharedDrop":839020371,"privateDrop":0,"monsterPositions":[124,54],"map":417003,"layer":3,"refreshTime":5400}},
{"id":"steel_wing:619524","key":619524,"value":{"level":275,"monsterType":1,"sharedDrop":839020381,"privateDrop":0,"monsterPositions":[142,144],"map":417003,"layer":3,"refreshTime":5400}},
{"id":"steel_wing:619525","key":619525,"value":{"level":280,"monsterType":1,"sharedDrop":839020411,"privateDrop":0,"monsterPositions":[34,103],"map":417004,"layer":4,"refreshTime":7200}},
{"id":"steel_wing:619526","key":619526,"value":{"level":285,"monsterType":1,"sharedDrop":839020421,"privateDrop":0,"monsterPositions":[42,171],"map":417004,"layer":4,"refreshTime":7200}},
{"id":"steel_wing:619527","key":619527,"value":{"level":290,"monsterType":1,"sharedDrop":839020431,"privateDrop":0,"monsterPositions":[84,148],"map":417004,"layer":4,"refreshTime":7200}},
{"id":"steel_wing:619528","key":619528,"value":{"level":295,"monsterType":1,"sharedDrop":839020441,"privateDrop":0,"monsterPositions":[178,179],"map":417004,"layer":4,"refreshTime":7200}},
{"id":"steel_wing:619529","key":619529,"value":{"level":300,"monsterType":1,"sharedDrop":839020451,"privateDrop":0,"monsterPositions":[202,103],"map":417004,"layer":4,"refreshTime":7200}},
{"id":"steel_wing:619530","key":619530,"value":{"level":305,"monsterType":1,"sharedDrop":839020461,"privateDrop":0,"monsterPositions":[199,46],"map":417004,"layer":4,"refreshTime":7200}},
{"id":"steel_wing:619531","key":619531,"value":{"level":310,"monsterType":1,"sharedDrop":839020471,"privateDrop":0,"monsterPositions":[124,54],"map":417004,"layer":4,"refreshTime":7200}},
{"id":"steel_wing:619532","key":619532,"value":{"level":315,"monsterType":1,"sharedDrop":839020481,"privateDrop":0,"monsterPositions":[142,144],"map":417004,"layer":4,"refreshTime":7200}}
]}
