{"total_rows":145,"offset":0,"rows":[
{"id":"qa_quiz_lib:10001","key":10001,"value":{"rating":1,"answer":4}},
{"id":"qa_quiz_lib:10002","key":10002,"value":{"rating":1,"answer":2}},
{"id":"qa_quiz_lib:10003","key":10003,"value":{"rating":1,"answer":2}},
{"id":"qa_quiz_lib:10004","key":10004,"value":{"rating":1,"answer":1}},
{"id":"qa_quiz_lib:10005","key":10005,"value":{"rating":1,"answer":2}},
{"id":"qa_quiz_lib:10006","key":10006,"value":{"rating":1,"answer":2}},
{"id":"qa_quiz_lib:10007","key":10007,"value":{"rating":1,"answer":3}},
{"id":"qa_quiz_lib:10008","key":10008,"value":{"rating":1,"answer":1}},
{"id":"qa_quiz_lib:10009","key":10009,"value":{"rating":1,"answer":2}},
{"id":"qa_quiz_lib:10010","key":10010,"value":{"rating":1,"answer":3}},
{"id":"qa_quiz_lib:10011","key":10011,"value":{"rating":1,"answer":2}},
{"id":"qa_quiz_lib:10012","key":10012,"value":{"rating":1,"answer":2}},
{"id":"qa_quiz_lib:10013","key":10013,"value":{"rating":1,"answer":4}},
{"id":"qa_quiz_lib:10014","key":10014,"value":{"rating":1,"answer":2}},
{"id":"qa_quiz_lib:10015","key":10015,"value":{"rating":1,"answer":2}},
{"id":"qa_quiz_lib:10016","key":10016,"value":{"rating":1,"answer":2}},
{"id":"qa_quiz_lib:10017","key":10017,"value":{"rating":1,"answer":3}},
{"id":"qa_quiz_lib:10018","key":10018,"value":{"rating":1,"answer":3}},
{"id":"qa_quiz_lib:10019","key":10019,"value":{"rating":1,"answer":2}},
{"id":"qa_quiz_lib:10020","key":10020,"value":{"rating":1,"answer":2}},
{"id":"qa_quiz_lib:10021","key":10021,"value":{"rating":1,"answer":1}},
{"id":"qa_quiz_lib:10022","key":10022,"value":{"rating":1,"answer":1}},
{"id":"qa_quiz_lib:10023","key":10023,"value":{"rating":1,"answer":4}},
{"id":"qa_quiz_lib:10024","key":10024,"value":{"rating":1,"answer":3}},
{"id":"qa_quiz_lib:10025","key":10025,"value":{"rating":1,"answer":2}},
{"id":"qa_quiz_lib:10026","key":10026,"value":{"rating":1,"answer":2}},
{"id":"qa_quiz_lib:10027","key":10027,"value":{"rating":1,"answer":2}},
{"id":"qa_quiz_lib:10028","key":10028,"value":{"rating":1,"answer":3}},
{"id":"qa_quiz_lib:10029","key":10029,"value":{"rating":1,"answer":4}},
{"id":"qa_quiz_lib:10030","key":10030,"value":{"rating":1,"answer":1}},
{"id":"qa_quiz_lib:10031","key":10031,"value":{"rating":1,"answer":3}},
{"id":"qa_quiz_lib:10032","key":10032,"value":{"rating":1,"answer":4}},
{"id":"qa_quiz_lib:10033","key":10033,"value":{"rating":1,"answer":2}},
{"id":"qa_quiz_lib:10034","key":10034,"value":{"rating":1,"answer":1}},
{"id":"qa_quiz_lib:10035","key":10035,"value":{"rating":1,"answer":1}},
{"id":"qa_quiz_lib:10036","key":10036,"value":{"rating":1,"answer":2}},
{"id":"qa_quiz_lib:10037","key":10037,"value":{"rating":1,"answer":2}},
{"id":"qa_quiz_lib:10044","key":10044,"value":{"rating":1,"answer":1}},
{"id":"qa_quiz_lib:10045","key":10045,"value":{"rating":1,"answer":3}},
{"id":"qa_quiz_lib:10046","key":10046,"value":{"rating":1,"answer":3}},
{"id":"qa_quiz_lib:10047","key":10047,"value":{"rating":1,"answer":3}},
{"id":"qa_quiz_lib:10048","key":10048,"value":{"rating":1,"answer":4}},
{"id":"qa_quiz_lib:10049","key":10049,"value":{"rating":1,"answer":1}},
{"id":"qa_quiz_lib:10050","key":10050,"value":{"rating":1,"answer":4}},
{"id":"qa_quiz_lib:10051","key":10051,"value":{"rating":1,"answer":3}},
{"id":"qa_quiz_lib:10052","key":10052,"value":{"rating":1,"answer":2}},
{"id":"qa_quiz_lib:10053","key":10053,"value":{"rating":1,"answer":1}},
{"id":"qa_quiz_lib:10054","key":10054,"value":{"rating":1,"answer":4}},
{"id":"qa_quiz_lib:10055","key":10055,"value":{"rating":1,"answer":2}},
{"id":"qa_quiz_lib:10056","key":10056,"value":{"rating":1,"answer":4}},
{"id":"qa_quiz_lib:10057","key":10057,"value":{"rating":1,"answer":4}},
{"id":"qa_quiz_lib:10058","key":10058,"value":{"rating":1,"answer":1}},
{"id":"qa_quiz_lib:10059","key":10059,"value":{"rating":1,"answer":3}},
{"id":"qa_quiz_lib:10060","key":10060,"value":{"rating":1,"answer":2}},
{"id":"qa_quiz_lib:10061","key":10061,"value":{"rating":1,"answer":4}},
{"id":"qa_quiz_lib:10062","key":10062,"value":{"rating":1,"answer":2}},
{"id":"qa_quiz_lib:10063","key":10063,"value":{"rating":1,"answer":3}},
{"id":"qa_quiz_lib:10064","key":10064,"value":{"rating":1,"answer":3}},
{"id":"qa_quiz_lib:10065","key":10065,"value":{"rating":1,"answer":2}},
{"id":"qa_quiz_lib:10066","key":10066,"value":{"rating":1,"answer":2}},
{"id":"qa_quiz_lib:10067","key":10067,"value":{"rating":1,"answer":1}},
{"id":"qa_quiz_lib:10068","key":10068,"value":{"rating":1,"answer":3}},
{"id":"qa_quiz_lib:10069","key":10069,"value":{"rating":1,"answer":4}},
{"id":"qa_quiz_lib:10071","key":10071,"value":{"rating":1,"answer":3}},
{"id":"qa_quiz_lib:10072","key":10072,"value":{"rating":1,"answer":2}},
{"id":"qa_quiz_lib:10073","key":10073,"value":{"rating":1,"answer":2}},
{"id":"qa_quiz_lib:10074","key":10074,"value":{"rating":1,"answer":3}},
{"id":"qa_quiz_lib:10075","key":10075,"value":{"rating":1,"answer":1}},
{"id":"qa_quiz_lib:10076","key":10076,"value":{"rating":3,"answer":2}},
{"id":"qa_quiz_lib:10078","key":10078,"value":{"rating":3,"answer":3}},
{"id":"qa_quiz_lib:10079","key":10079,"value":{"rating":3,"answer":4}},
{"id":"qa_quiz_lib:10080","key":10080,"value":{"rating":3,"answer":4}},
{"id":"qa_quiz_lib:10081","key":10081,"value":{"rating":3,"answer":1}},
{"id":"qa_quiz_lib:10082","key":10082,"value":{"rating":3,"answer":2}},
{"id":"qa_quiz_lib:10083","key":10083,"value":{"rating":3,"answer":3}},
{"id":"qa_quiz_lib:10084","key":10084,"value":{"rating":3,"answer":4}},
{"id":"qa_quiz_lib:10085","key":10085,"value":{"rating":3,"answer":4}},
{"id":"qa_quiz_lib:10086","key":10086,"value":{"rating":3,"answer":4}},
{"id":"qa_quiz_lib:10087","key":10087,"value":{"rating":3,"answer":3}},
{"id":"qa_quiz_lib:10088","key":10088,"value":{"rating":3,"answer":1}},
{"id":"qa_quiz_lib:10089","key":10089,"value":{"rating":3,"answer":3}},
{"id":"qa_quiz_lib:10090","key":10090,"value":{"rating":3,"answer":2}},
{"id":"qa_quiz_lib:10091","key":10091,"value":{"rating":3,"answer":2}},
{"id":"qa_quiz_lib:10092","key":10092,"value":{"rating":3,"answer":2}},
{"id":"qa_quiz_lib:10093","key":10093,"value":{"rating":3,"answer":3}},
{"id":"qa_quiz_lib:10094","key":10094,"value":{"rating":3,"answer":4}},
{"id":"qa_quiz_lib:10095","key":10095,"value":{"rating":3,"answer":1}},
{"id":"qa_quiz_lib:10096","key":10096,"value":{"rating":3,"answer":2}},
{"id":"qa_quiz_lib:10097","key":10097,"value":{"rating":3,"answer":2}},
{"id":"qa_quiz_lib:10098","key":10098,"value":{"rating":3,"answer":4}},
{"id":"qa_quiz_lib:10099","key":10099,"value":{"rating":3,"answer":3}},
{"id":"qa_quiz_lib:10100","key":10100,"value":{"rating":3,"answer":2}},
{"id":"qa_quiz_lib:10101","key":10101,"value":{"rating":3,"answer":3}},
{"id":"qa_quiz_lib:10102","key":10102,"value":{"rating":3,"answer":1}},
{"id":"qa_quiz_lib:10103","key":10103,"value":{"rating":3,"answer":2}},
{"id":"qa_quiz_lib:10104","key":10104,"value":{"rating":3,"answer":4}},
{"id":"qa_quiz_lib:10105","key":10105,"value":{"rating":3,"answer":3}},
{"id":"qa_quiz_lib:10106","key":10106,"value":{"rating":3,"answer":2}},
{"id":"qa_quiz_lib:10107","key":10107,"value":{"rating":3,"answer":4}},
{"id":"qa_quiz_lib:10108","key":10108,"value":{"rating":2,"answer":2}},
{"id":"qa_quiz_lib:10109","key":10109,"value":{"rating":2,"answer":1}},
{"id":"qa_quiz_lib:10110","key":10110,"value":{"rating":2,"answer":3}},
{"id":"qa_quiz_lib:10111","key":10111,"value":{"rating":2,"answer":1}},
{"id":"qa_quiz_lib:10112","key":10112,"value":{"rating":2,"answer":2}},
{"id":"qa_quiz_lib:10113","key":10113,"value":{"rating":2,"answer":1}},
{"id":"qa_quiz_lib:10114","key":10114,"value":{"rating":2,"answer":4}},
{"id":"qa_quiz_lib:10115","key":10115,"value":{"rating":2,"answer":2}},
{"id":"qa_quiz_lib:10116","key":10116,"value":{"rating":2,"answer":4}},
{"id":"qa_quiz_lib:10117","key":10117,"value":{"rating":2,"answer":2}},
{"id":"qa_quiz_lib:10118","key":10118,"value":{"rating":2,"answer":1}},
{"id":"qa_quiz_lib:10119","key":10119,"value":{"rating":2,"answer":3}},
{"id":"qa_quiz_lib:10120","key":10120,"value":{"rating":2,"answer":2}},
{"id":"qa_quiz_lib:10121","key":10121,"value":{"rating":2,"answer":4}},
{"id":"qa_quiz_lib:10122","key":10122,"value":{"rating":2,"answer":3}},
{"id":"qa_quiz_lib:10123","key":10123,"value":{"rating":2,"answer":2}},
{"id":"qa_quiz_lib:10124","key":10124,"value":{"rating":2,"answer":2}},
{"id":"qa_quiz_lib:10125","key":10125,"value":{"rating":2,"answer":2}},
{"id":"qa_quiz_lib:10126","key":10126,"value":{"rating":2,"answer":2}},
{"id":"qa_quiz_lib:10128","key":10128,"value":{"rating":2,"answer":2}},
{"id":"qa_quiz_lib:10129","key":10129,"value":{"rating":2,"answer":1}},
{"id":"qa_quiz_lib:10130","key":10130,"value":{"rating":2,"answer":2}},
{"id":"qa_quiz_lib:40076","key":40076,"value":{"rating":4,"answer":1}},
{"id":"qa_quiz_lib:40077","key":40077,"value":{"rating":4,"answer":1}},
{"id":"qa_quiz_lib:40078","key":40078,"value":{"rating":4,"answer":1}},
{"id":"qa_quiz_lib:40079","key":40079,"value":{"rating":4,"answer":1}},
{"id":"qa_quiz_lib:40080","key":40080,"value":{"rating":4,"answer":2}},
{"id":"qa_quiz_lib:40081","key":40081,"value":{"rating":4,"answer":2}},
{"id":"qa_quiz_lib:40082","key":40082,"value":{"rating":4,"answer":3}},
{"id":"qa_quiz_lib:40083","key":40083,"value":{"rating":4,"answer":4}},
{"id":"qa_quiz_lib:40084","key":40084,"value":{"rating":4,"answer":1}},
{"id":"qa_quiz_lib:40085","key":40085,"value":{"rating":4,"answer":1}},
{"id":"qa_quiz_lib:40086","key":40086,"value":{"rating":4,"answer":1}},
{"id":"qa_quiz_lib:40087","key":40087,"value":{"rating":4,"answer":1}},
{"id":"qa_quiz_lib:40088","key":40088,"value":{"rating":4,"answer":1}},
{"id":"qa_quiz_lib:40089","key":40089,"value":{"rating":4,"answer":2}},
{"id":"qa_quiz_lib:40090","key":40090,"value":{"rating":4,"answer":2}},
{"id":"qa_quiz_lib:40091","key":40091,"value":{"rating":4,"answer":2}},
{"id":"qa_quiz_lib:40092","key":40092,"value":{"rating":4,"answer":3}},
{"id":"qa_quiz_lib:40093","key":40093,"value":{"rating":4,"answer":3}},
{"id":"qa_quiz_lib:40094","key":40094,"value":{"rating":4,"answer":3}},
{"id":"qa_quiz_lib:40095","key":40095,"value":{"rating":4,"answer":3}},
{"id":"qa_quiz_lib:40096","key":40096,"value":{"rating":4,"answer":4}},
{"id":"qa_quiz_lib:40097","key":40097,"value":{"rating":4,"answer":4}},
{"id":"qa_quiz_lib:40098","key":40098,"value":{"rating":4,"answer":4}},
{"id":"qa_quiz_lib:40099","key":40099,"value":{"rating":4,"answer":4}}
]}
