{"total_rows":8,"offset":0,"rows":[
{"id":"royal_mine:412001","key":42,"value":{"instance":412001,"monsterNum":50,"remainTime":480,"consume":["item",208021501,1],"starRewards":[{"left":0,"right":180,"star":1,"rewards":["item",208010101,21,true]},{"left":180,"right":300,"star":2,"rewards":["item",208010101,26,true]},{"left":300,"right":480,"star":3,"rewards":["item",208010101,32,true]}]}},
{"id":"royal_mine:412002","key":100,"value":{"instance":412002,"monsterNum":50,"remainTime":480,"consume":["item",208021501,1],"starRewards":[{"left":0,"right":180,"star":1,"rewards":["item",208010101,34,true]},{"left":180,"right":300,"star":2,"rewards":["item",208010101,39,true]},{"left":300,"right":480,"star":3,"rewards":["item",208010101,41,true]}]}},
{"id":"royal_mine:412003","key":140,"value":{"instance":412003,"monsterNum":50,"remainTime":480,"consume":["item",208021501,1],"starRewards":[{"left":0,"right":180,"star":1,"rewards":["item",208010101,43,true]},{"left":180,"right":300,"star":2,"rewards":["item",208010101,45,true]},{"left":300,"right":480,"star":3,"rewards":["item",208010101,47,true]}]}},
{"id":"royal_mine:412004","key":170,"value":{"instance":412004,"monsterNum":50,"remainTime":480,"consume":["item",208021501,1],"starRewards":[{"left":0,"right":180,"star":1,"rewards":["item",208010101,49,true]},{"left":180,"right":300,"star":2,"rewards":["item",208010101,52,true]},{"left":300,"right":480,"star":3,"rewards":["item",208010101,54,true]}]}},
{"id":"royal_mine:412005","key":200,"value":{"instance":412005,"monsterNum":50,"remainTime":480,"consume":["item",208021501,1],"starRewards":[{"left":0,"right":180,"star":1,"rewards":["item",208010101,56,true]},{"left":180,"right":300,"star":2,"rewards":["item",208010101,58,true]},{"left":300,"right":480,"star":3,"rewards":["item",208010101,60,true]}]}},
{"id":"royal_mine:412006","key":230,"value":{"instance":412006,"monsterNum":50,"remainTime":480,"consume":["item",208021501,1],"starRewards":[{"left":0,"right":180,"star":1,"rewards":["item",208010101,63,true]},{"left":180,"right":300,"star":2,"rewards":["item",208010101,65,true]},{"left":300,"right":480,"star":3,"rewards":["item",208010101,67,true]}]}},
{"id":"royal_mine:412007","key":260,"value":{"instance":412007,"monsterNum":50,"remainTime":480,"consume":["item",208021501,1],"starRewards":[{"left":0,"right":180,"star":1,"rewards":["item",208010101,69,true]},{"left":180,"right":300,"star":2,"rewards":["item",208010101,71,true]},{"left":300,"right":480,"star":3,"rewards":["item",208010101,73,true]}]}},
{"id":"royal_mine:412008","key":290,"value":{"instance":412008,"monsterNum":50,"remainTime":480,"consume":["item",208021501,1],"starRewards":[{"left":0,"right":180,"star":1,"rewards":["item",208010101,76,true]},{"left":180,"right":300,"star":2,"rewards":["item",208010101,78,true]},{"left":300,"right":480,"star":3,"rewards":["item",208010101,80,true]}]}}
]}
