{"total_rows":12,"offset":0,"rows":[
{"id":"sacred_battlefield:101","key":101,"value":{"type":1,"args":40,"rewards":[["item",208020601,6,true]],"devil":0}},
{"id":"sacred_battlefield:102","key":102,"value":{"type":1,"args":90,"rewards":[["item",208020601,7,true]],"devil":0}},
{"id":"sacred_battlefield:103","key":103,"value":{"type":1,"args":130,"rewards":[["item",208020601,8,true]],"devil":0}},
{"id":"sacred_battlefield:104","key":104,"value":{"type":1,"args":170,"rewards":[["item",208020601,9,true]],"devil":1}},
{"id":"sacred_battlefield:105","key":105,"value":{"type":1,"args":210,"rewards":[["item",208020601,10,true]],"devil":0}},
{"id":"sacred_battlefield:106","key":106,"value":{"type":1,"args":250,"rewards":[["item",208020601,1,true],["item",208020602,2,true]],"devil":1}},
{"id":"sacred_battlefield:107","key":107,"value":{"type":1,"args":290,"rewards":[["item",208020601,2,true],["item",208020602,2,true]],"devil":0}},
{"id":"sacred_battlefield:108","key":108,"value":{"type":1,"args":330,"rewards":[["item",208020601,3,true],["item",208020602,2,true]],"devil":1}},
{"id":"sacred_battlefield:201","key":201,"value":{"type":2,"args":1,"rewards":[["item",208020602,5,true]],"devil":5}},
{"id":"sacred_battlefield:202","key":202,"value":{"type":2,"args":5,"rewards":[["item",208020602,4,true]],"devil":4}},
{"id":"sacred_battlefield:203","key":203,"value":{"type":2,"args":20,"rewards":[["item",208020602,3,true]],"devil":3}},
{"id":"sacred_battlefield:204","key":204,"value":{"type":2,"args":30,"rewards":[["item",208020602,2,true]],"devil":2}}
]}
