{"total_rows":66,"offset":0,"rows":[
{"id":"territory_warfare_rewards:10101","key":10101,"value":{"territory":1,"worldLevel":50,"majorCity":{"rewards":[208030602,205990100,208030401],"base":[0,0,0],"person":[0.025,0.025,0.025],"bind":[false,false,false]},"rare":{"rewards":[206020109,206020108,206020107,208030106,208030105,208030104,208020602,208021102],"base":[0,0,0,0,0,0,0,0],"person":[0.15,0.15,0.15,0.15,0.15,0.1,0.1,0.1],"rareBind":[false,false,false,false,false,false,false,false]},"normal":{"rewards":[208020601,206020106,206020105,206020104],"base":[0,0,0,0],"person":[0.5,0.5,0.5,0.5],"normalBind":[false,false,false,false]},"occupyGift":{"gift":208040302}}},
{"id":"territory_warfare_rewards:10102","key":10102,"value":{"territory":1,"worldLevel":100,"majorCity":{"rewards":[208030602,205990100,208030401],"base":[0,0,0],"person":[0.025,0.025,0.025],"bind":[false,false,false]},"rare":{"rewards":[206020109,206020108,206020107,208030106,208030105,208030104,208020602,208021102],"base":[0,0,0,0,0,0,0,0],"person":[0.15,0.15,0.15,0.15,0.15,0.1,0.1,0.1],"rareBind":[false,false,false,false,false,false,false,false]},"normal":{"rewards":[208020601,206020106,206020105,206020104],"base":[0,0,0,0],"person":[0.5,0.5,0.5,0.5],"normalBind":[false,false,false,false]},"occupyGift":{"gift":208040302}}},
{"id":"territory_warfare_rewards:10103","key":10103,"value":{"territory":1,"worldLevel":150,"majorCity":{"rewards":[208030602,205990100,208030401],"base":[0,0,0],"person":[0.025,0.025,0.025],"bind":[false,false,false]},"rare":{"rewards":[206020109,206020108,206020107,208030106,208030105,208030104,208020602,208021102],"base":[0,0,0,0,0,0,0,0],"person":[0.15,0.15,0.15,0.15,0.15,0.1,0.1,0.1],"rareBind":[false,false,false,false,false,false,false,false]},"normal":{"rewards":[208020601,206020106,206020105,206020104],"base":[0,0,0,0],"person":[0.5,0.5,0.5,0.5],"normalBind":[false,false,false,false]},"occupyGift":{"gift":208040302}}},
{"id":"territory_warfare_rewards:10104","key":10104,"value":{"territory":1,"worldLevel":200,"majorCity":{"rewards":[208030602,205990100,208030401],"base":[0,0,0],"person":[0.025,0.025,0.025],"bind":[false,false,false]},"rare":{"rewards":[206020109,206020108,206020107,208030106,208030105,208030104,208020602,208021102],"base":[0,0,0,0,0,0,0,0],"person":[0.15,0.15,0.15,0.15,0.15,0.1,0.1,0.1],"rareBind":[false,false,false,false,false,false,false,false]},"normal":{"rewards":[208020601,206020106,206020105,206020104],"base":[0,0,0,0],"person":[0.5,0.5,0.5,0.5],"normalBind":[false,false,false,false]},"occupyGift":{"gift":208040302}}},
{"id":"territory_warfare_rewards:10105","key":10105,"value":{"territory":1,"worldLevel":250,"majorCity":{"rewards":[208030602,205990100,208030401],"base":[0,0,0],"person":[0.025,0.025,0.025],"bind":[false,false,false]},"rare":{"rewards":[206020109,206020108,206020107,208030106,208030105,208030104,208020602,208021102],"base":[0,0,0,0,0,0,0,0],"person":[0.15,0.15,0.15,0.15,0.15,0.1,0.1,0.1],"rareBind":[false,false,false,false,false,false,false,false]},"normal":{"rewards":[208020601,206020106,206020105,206020104],"base":[0,0,0,0],"person":[0.5,0.5,0.5,0.5],"normalBind":[false,false,false,false]},"occupyGift":{"gift":208040302}}},
{"id":"territory_warfare_rewards:10106","key":10106,"value":{"territory":1,"worldLevel":300,"majorCity":{"rewards":[208030602,205990100,208030401],"base":[0,0,0],"person":[0.025,0.025,0.025],"bind":[false,false,false]},"rare":{"rewards":[206020109,206020108,206020107,208030106,208030105,208030104,208020602,208021102],"base":[0,0,0,0,0,0,0,0],"person":[0.15,0.15,0.15,0.15,0.15,0.1,0.1,0.1],"rareBind":[false,false,false,false,false,false,false,false]},"normal":{"rewards":[208020601,206020106,206020105,206020104],"base":[0,0,0,0],"person":[0.5,0.5,0.5,0.5],"normalBind":[false,false,false,false]},"occupyGift":{"gift":208040302}}},
{"id":"territory_warfare_rewards:10201","key":10201,"value":{"territory":2,"worldLevel":50,"majorCity":{"rewards":[208030602,205990100,208030401],"base":[0,0,0],"person":[0,0.025,0.025],"bind":[false,false,false]},"rare":{"rewards":[206020109,206020108,206020107,208030106,208030105,208030104,208020602,208021102],"base":[0,0,0,0,0,0,0,0],"person":[0.15,0.15,0.15,0.15,0.15,0.1,0.1,0.1],"rareBind":[false,false,false,false,false,false,false,false]},"normal":{"rewards":[208020601,206020106,206020105,206020104],"base":[0,0,0,0],"person":[0.5,0.5,0.5,0.5],"normalBind":[false,false,false,false]},"occupyGift":{"gift":208040302}}},
{"id":"territory_warfare_rewards:10202","key":10202,"value":{"territory":2,"worldLevel":100,"majorCity":{"rewards":[208030602,205990100,208030401],"base":[0,0,0],"person":[0,0.025,0.025],"bind":[false,false,false]},"rare":{"rewards":[206020109,206020108,206020107,208030106,208030105,208030104,208020602,208021102],"base":[0,0,0,0,0,0,0,0],"person":[0.15,0.15,0.15,0.15,0.15,0.1,0.1,0.1],"rareBind":[false,false,false,false,false,false,false,false]},"normal":{"rewards":[208020601,206020106,206020105,206020104],"base":[0,0,0,0],"person":[0.5,0.5,0.5,0.5],"normalBind":[false,false,false,false]},"occupyGift":{"gift":208040302}}},
{"id":"territory_warfare_rewards:10203","key":10203,"value":{"territory":2,"worldLevel":150,"majorCity":{"rewards":[208030602,205990100,208030401],"base":[0,0,0],"person":[0,0.025,0.025],"bind":[false,false,false]},"rare":{"rewards":[206020109,206020108,206020107,208030106,208030105,208030104,208020602,208021102],"base":[0,0,0,0,0,0,0,0],"person":[0.15,0.15,0.15,0.15,0.15,0.1,0.1,0.1],"rareBind":[false,false,false,false,false,false,false,false]},"normal":{"rewards":[208020601,206020106,206020105,206020104],"base":[0,0,0,0],"person":[0.5,0.5,0.5,0.5],"normalBind":[false,false,false,false]},"occupyGift":{"gift":208040302}}},
{"id":"territory_warfare_rewards:10204","key":10204,"value":{"territory":2,"worldLevel":200,"majorCity":{"rewards":[208030602,205990100,208030401],"base":[0,0,0],"person":[0,0.025,0.025],"bind":[false,false,false]},"rare":{"rewards":[206020109,206020108,206020107,208030106,208030105,208030104,208020602,208021102],"base":[0,0,0,0,0,0,0,0],"person":[0.15,0.15,0.15,0.15,0.15,0.1,0.1,0.1],"rareBind":[false,false,false,false,false,false,false,false]},"normal":{"rewards":[208020601,206020106,206020105,206020104],"base":[0,0,0,0],"person":[0.5,0.5,0.5,0.5],"normalBind":[false,false,false,false]},"occupyGift":{"gift":208040302}}},
{"id":"territory_warfare_rewards:10205","key":10205,"value":{"territory":2,"worldLevel":250,"majorCity":{"rewards":[208030602,205990100,208030401],"base":[0,0,0],"person":[0,0.025,0.025],"bind":[false,false,false]},"rare":{"rewards":[206020109,206020108,206020107,208030106,208030105,208030104,208020602,208021102],"base":[0,0,0,0,0,0,0,0],"person":[0.15,0.15,0.15,0.15,0.15,0.1,0.1,0.1],"rareBind":[false,false,false,false,false,false,false,false]},"normal":{"rewards":[208020601,206020106,206020105,206020104],"base":[0,0,0,0],"person":[0.5,0.5,0.5,0.5],"normalBind":[false,false,false,false]},"occupyGift":{"gift":208040302}}},
{"id":"territory_warfare_rewards:10206","key":10206,"value":{"territory":2,"worldLevel":300,"majorCity":{"rewards":[208030602,205990100,208030401],"base":[0,0,0],"person":[0,0.025,0.025],"bind":[false,false,false]},"rare":{"rewards":[206020109,206020108,206020107,208030106,208030105,208030104,208020602,208021102],"base":[0,0,0,0,0,0,0,0],"person":[0.15,0.15,0.15,0.15,0.15,0.1,0.1,0.1],"rareBind":[false,false,false,false,false,false,false,false]},"normal":{"rewards":[208020601,206020106,206020105,206020104],"base":[0,0,0,0],"person":[0.5,0.5,0.5,0.5],"normalBind":[false,false,false,false]},"occupyGift":{"gift":208040302}}},
{"id":"territory_warfare_rewards:10301","key":10301,"value":{"territory":3,"worldLevel":50,"majorCity":{"rewards":[208030602,205990100,208030401],"base":[0,0,0],"person":[0,0.025,0.025],"bind":[false,false,false]},"rare":{"rewards":[206020109,206020108,206020107,208030106,208030105,208030104,208020602,208021102],"base":[0,0,0,0,0,0,0,0],"person":[0.15,0.15,0.15,0.15,0.15,0.1,0.1,0.1],"rareBind":[false,false,false,false,false,false,false,false]},"normal":{"rewards":[208020601,206020106,206020105,206020104],"base":[0,0,0,0],"person":[0.5,0.5,0.5,0.5],"normalBind":[false,false,false,false]},"occupyGift":{"gift":208040302}}},
{"id":"territory_warfare_rewards:10302","key":10302,"value":{"territory":3,"worldLevel":100,"majorCity":{"rewards":[208030602,205990100,208030401],"base":[0,0,0],"person":[0,0.025,0.025],"bind":[false,false,false]},"rare":{"rewards":[206020109,206020108,206020107,208030106,208030105,208030104,208020602,208021102],"base":[0,0,0,0,0,0,0,0],"person":[0.15,0.15,0.15,0.15,0.15,0.1,0.1,0.1],"rareBind":[false,false,false,false,false,false,false,false]},"normal":{"rewards":[208020601,206020106,206020105,206020104],"base":[0,0,0,0],"person":[0.5,0.5,0.5,0.5],"normalBind":[false,false,false,false]},"occupyGift":{"gift":208040302}}},
{"id":"territory_warfare_rewards:10303","key":10303,"value":{"territory":3,"worldLevel":150,"majorCity":{"rewards":[208030602,205990100,208030401],"base":[0,0,0],"person":[0,0.025,0.025],"bind":[false,false,false]},"rare":{"rewards":[206020109,206020108,206020107,208030106,208030105,208030104,208020602,208021102],"base":[0,0,0,0,0,0,0,0],"person":[0.15,0.15,0.15,0.15,0.15,0.1,0.1,0.1],"rareBind":[false,false,false,false,false,false,false,false]},"normal":{"rewards":[208020601,206020106,206020105,206020104],"base":[0,0,0,0],"person":[0.5,0.5,0.5,0.5],"normalBind":[false,false,false,false]},"occupyGift":{"gift":208040302}}},
{"id":"territory_warfare_rewards:10304","key":10304,"value":{"territory":3,"worldLevel":200,"majorCity":{"rewards":[208030602,205990100,208030401],"base":[0,0,0],"person":[0,0.025,0.025],"bind":[false,false,false]},"rare":{"rewards":[206020109,206020108,206020107,208030106,208030105,208030104,208020602,208021102],"base":[0,0,0,0,0,0,0,0],"person":[0.15,0.15,0.15,0.15,0.15,0.1,0.1,0.1],"rareBind":[false,false,false,false,false,false,false,false]},"normal":{"rewards":[208020601,206020106,206020105,206020104],"base":[0,0,0,0],"person":[0.5,0.5,0.5,0.5],"normalBind":[false,false,false,false]},"occupyGift":{"gift":208040302}}},
{"id":"territory_warfare_rewards:10305","key":10305,"value":{"territory":3,"worldLevel":250,"majorCity":{"rewards":[208030602,205990100,208030401],"base":[0,0,0],"person":[0,0.025,0.025],"bind":[false,false,false]},"rare":{"rewards":[206020109,206020108,206020107,208030106,208030105,208030104,208020602,208021102],"base":[0,0,0,0,0,0,0,0],"person":[0.15,0.15,0.15,0.15,0.15,0.1,0.1,0.1],"rareBind":[false,false,false,false,false,false,false,false]},"normal":{"rewards":[208020601,206020106,206020105,206020104],"base":[0,0,0,0],"person":[0.5,0.5,0.5,0.5],"normalBind":[false,false,false,false]},"occupyGift":{"gift":208040302}}},
{"id":"territory_warfare_rewards:10306","key":10306,"value":{"territory":3,"worldLevel":300,"majorCity":{"rewards":[208030602,205990100,208030401],"base":[0,0,0],"person":[0,0.025,0.025],"bind":[false,false,false]},"rare":{"rewards":[206020109,206020108,206020107,208030106,208030105,208030104,208020602,208021102],"base":[0,0,0,0,0,0,0,0],"person":[0.15,0.15,0.15,0.15,0.15,0.1,0.1,0.1],"rareBind":[false,false,false,false,false,false,false,false]},"normal":{"rewards":[208020601,206020106,206020105,206020104],"base":[0,0,0,0],"person":[0.5,0.5,0.5,0.5],"normalBind":[false,false,false,false]},"occupyGift":{"gift":208040302}}},
{"id":"territory_warfare_rewards:10401","key":10401,"value":{"territory":4,"worldLevel":50,"majorCity":{"rewards":[208030602,205990100,208030401],"base":[0,0,0],"person":[0,0.025,0.025],"bind":[false,false,false]},"rare":{"rewards":[206020109,206020108,206020107,208030106,208030105,208030104,208020602,208021102],"base":[0,0,0,0,0,0,0,0],"person":[0.15,0.15,0.15,0.15,0.15,0.1,0.1,0.1],"rareBind":[false,false,false,false,false,false,false,false]},"normal":{"rewards":[208020601,206020106,206020105,206020104],"base":[0,0,0,0],"person":[0.5,0.5,0.5,0.5],"normalBind":[false,false,false,false]},"occupyGift":{"gift":208040301}}},
{"id":"territory_warfare_rewards:10402","key":10402,"value":{"territory":4,"worldLevel":100,"majorCity":{"rewards":[208030602,205990100,208030401],"base":[0,0,0],"person":[0,0.025,0.025],"bind":[false,false,false]},"rare":{"rewards":[206020109,206020108,206020107,208030106,208030105,208030104,208020602,208021102],"base":[0,0,0,0,0,0,0,0],"person":[0.15,0.15,0.15,0.15,0.15,0.1,0.1,0.1],"rareBind":[false,false,false,false,false,false,false,false]},"normal":{"rewards":[208020601,206020106,206020105,206020104],"base":[0,0,0,0],"person":[0.5,0.5,0.5,0.5],"normalBind":[false,false,false,false]},"occupyGift":{"gift":208040301}}},
{"id":"territory_warfare_rewards:10403","key":10403,"value":{"territory":4,"worldLevel":150,"majorCity":{"rewards":[208030602,205990100,208030401],"base":[0,0,0],"person":[0,0.025,0.025],"bind":[false,false,false]},"rare":{"rewards":[206020109,206020108,206020107,208030106,208030105,208030104,208020602,208021102],"base":[0,0,0,0,0,0,0,0],"person":[0.15,0.15,0.15,0.15,0.15,0.1,0.1,0.1],"rareBind":[false,false,false,false,false,false,false,false]},"normal":{"rewards":[208020601,206020106,206020105,206020104],"base":[0,0,0,0],"person":[0.5,0.5,0.5,0.5],"normalBind":[false,false,false,false]},"occupyGift":{"gift":208040301}}},
{"id":"territory_warfare_rewards:10404","key":10404,"value":{"territory":4,"worldLevel":200,"majorCity":{"rewards":[208030602,205990100,208030401],"base":[0,0,0],"person":[0,0.025,0.025],"bind":[false,false,false]},"rare":{"rewards":[206020109,206020108,206020107,208030106,208030105,208030104,208020602,208021102],"base":[0,0,0,0,0,0,0,0],"person":[0.15,0.15,0.15,0.15,0.15,0.1,0.1,0.1],"rareBind":[false,false,false,false,false,false,false,false]},"normal":{"rewards":[208020601,206020106,206020105,206020104],"base":[0,0,0,0],"person":[0.5,0.5,0.5,0.5],"normalBind":[false,false,false,false]},"occupyGift":{"gift":208040301}}},
{"id":"territory_warfare_rewards:10405","key":10405,"value":{"territory":4,"worldLevel":250,"majorCity":{"rewards":[208030602,205990100,208030401],"base":[0,0,0],"person":[0,0.025,0.025],"bind":[false,false,false]},"rare":{"rewards":[206020109,206020108,206020107,208030106,208030105,208030104,208020602,208021102],"base":[0,0,0,0,0,0,0,0],"person":[0.15,0.15,0.15,0.15,0.15,0.1,0.1,0.1],"rareBind":[false,false,false,false,false,false,false,false]},"normal":{"rewards":[208020601,206020106,206020105,206020104],"base":[0,0,0,0],"person":[0.5,0.5,0.5,0.5],"normalBind":[false,false,false,false]},"occupyGift":{"gift":208040301}}},
{"id":"territory_warfare_rewards:10406","key":10406,"value":{"territory":4,"worldLevel":300,"majorCity":{"rewards":[208030602,205990100,208030401],"base":[0,0,0],"person":[0,0.025,0.025],"bind":[false,false,false]},"rare":{"rewards":[206020109,206020108,206020107,208030106,208030105,208030104,208020602,208021102],"base":[0,0,0,0,0,0,0,0],"person":[0.15,0.15,0.15,0.15,0.15,0.1,0.1,0.1],"rareBind":[false,false,false,false,false,false,false,false]},"normal":{"rewards":[208020601,206020106,206020105,206020104],"base":[0,0,0,0],"person":[0.5,0.5,0.5,0.5],"normalBind":[false,false,false,false]},"occupyGift":{"gift":208040301}}},
{"id":"territory_warfare_rewards:10501","key":10501,"value":{"territory":5,"worldLevel":50,"majorCity":{"rewards":[205990100,208030401],"base":[0,0],"person":[0.015,0.015],"bind":[false,false]},"rare":{"rewards":[206020109,206020108,206020107,208030106,208030105,208030104,208020602,208021102],"base":[0,0,0,0,0,0,0,0],"person":[0.15,0.15,0.15,0.15,0.15,0.1,0.1,0.1],"rareBind":[false,false,false,false,false,false,false,false]},"normal":{"rewards":[208020601,206020106,206020105,206020104],"base":[0,0,0,0],"person":[0.5,0.5,0.5,0.5],"normalBind":[false,false,false,false]},"occupyGift":{"gift":208040301}}},
{"id":"territory_warfare_rewards:10502","key":10502,"value":{"territory":5,"worldLevel":100,"majorCity":{"rewards":[205990100,208030401],"base":[0,0],"person":[0.015,0.015],"bind":[false,false]},"rare":{"rewards":[206020109,206020108,206020107,208030106,208030105,208030104,208020602,208021102],"base":[0,0,0,0,0,0,0,0],"person":[0.15,0.15,0.15,0.15,0.15,0.1,0.1,0.1],"rareBind":[false,false,false,false,false,false,false,false]},"normal":{"rewards":[208020601,206020106,206020105,206020104],"base":[0,0,0,0],"person":[0.5,0.5,0.5,0.5],"normalBind":[false,false,false,false]},"occupyGift":{"gift":208040301}}},
{"id":"territory_warfare_rewards:10503","key":10503,"value":{"territory":5,"worldLevel":150,"majorCity":{"rewards":[205990100,208030401],"base":[0,0],"person":[0.015,0.015],"bind":[false,false]},"rare":{"rewards":[206020109,206020108,206020107,208030106,208030105,208030104,208020602,208021102],"base":[0,0,0,0,0,0,0,0],"person":[0.15,0.15,0.15,0.15,0.15,0.1,0.1,0.1],"rareBind":[false,false,false,false,false,false,false,false]},"normal":{"rewards":[208020601,206020106,206020105,206020104],"base":[0,0,0,0],"person":[0.5,0.5,0.5,0.5],"normalBind":[false,false,false,false]},"occupyGift":{"gift":208040301}}},
{"id":"territory_warfare_rewards:10504","key":10504,"value":{"territory":5,"worldLevel":200,"majorCity":{"rewards":[205990100,208030401],"base":[0,0],"person":[0.015,0.015],"bind":[false,false]},"rare":{"rewards":[206020109,206020108,206020107,208030106,208030105,208030104,208020602,208021102],"base":[0,0,0,0,0,0,0,0],"person":[0.15,0.15,0.15,0.15,0.15,0.1,0.1,0.1],"rareBind":[false,false,false,false,false,false,false,false]},"normal":{"rewards":[208020601,206020106,206020105,206020104],"base":[0,0,0,0],"person":[0.5,0.5,0.5,0.5],"normalBind":[false,false,false,false]},"occupyGift":{"gift":208040301}}},
{"id":"territory_warfare_rewards:10505","key":10505,"value":{"territory":5,"worldLevel":250,"majorCity":{"rewards":[205990100,208030401],"base":[0,0],"person":[0.015,0.015],"bind":[false,false]},"rare":{"rewards":[206020109,206020108,206020107,208030106,208030105,208030104,208020602,208021102],"base":[0,0,0,0,0,0,0,0],"person":[0.15,0.15,0.15,0.15,0.15,0.1,0.1,0.1],"rareBind":[false,false,false,false,false,false,false,false]},"normal":{"rewards":[208020601,206020106,206020105,206020104],"base":[0,0,0,0],"person":[0.5,0.5,0.5,0.5],"normalBind":[false,false,false,false]},"occupyGift":{"gift":208040301}}},
{"id":"territory_warfare_rewards:10506","key":10506,"value":{"territory":5,"worldLevel":300,"majorCity":{"rewards":[205990100,208030401],"base":[0,0],"person":[0.015,0.015],"bind":[false,false]},"rare":{"rewards":[206020109,206020108,206020107,208030106,208030105,208030104,208020602,208021102],"base":[0,0,0,0,0,0,0,0],"person":[0.15,0.15,0.15,0.15,0.15,0.1,0.1,0.1],"rareBind":[false,false,false,false,false,false,false,false]},"normal":{"rewards":[208020601,206020106,206020105,206020104],"base":[0,0,0,0],"person":[0.5,0.5,0.5,0.5],"normalBind":[false,false,false,false]},"occupyGift":{"gift":208040301}}},
{"id":"territory_warfare_rewards:10601","key":10601,"value":{"territory":6,"worldLevel":50,"majorCity":{"rewards":[205990100,208030401],"base":[0,0],"person":[0.015,0.015],"bind":[false,false]},"rare":{"rewards":[206020109,206020108,206020107,208030106,208030105,208030104,208020602,208021102],"base":[0,0,0,0,0,0,0,0],"person":[0.15,0.15,0.15,0.15,0.15,0.1,0.1,0.1],"rareBind":[false,false,false,false,false,false,false,false]},"normal":{"rewards":[208020601,206020106,206020105,206020104],"base":[0,0,0,0],"person":[0.5,0.5,0.5,0.5],"normalBind":[false,false,false,false]},"occupyGift":{"gift":208040301}}},
{"id":"territory_warfare_rewards:10602","key":10602,"value":{"territory":6,"worldLevel":100,"majorCity":{"rewards":[205990100,208030401],"base":[0,0],"person":[0.015,0.015],"bind":[false,false]},"rare":{"rewards":[206020109,206020108,206020107,208030106,208030105,208030104,208020602,208021102],"base":[0,0,0,0,0,0,0,0],"person":[0.15,0.15,0.15,0.15,0.15,0.1,0.1,0.1],"rareBind":[false,false,false,false,false,false,false,false]},"normal":{"rewards":[208020601,206020106,206020105,206020104],"base":[0,0,0,0],"person":[0.5,0.5,0.5,0.5],"normalBind":[false,false,false,false]},"occupyGift":{"gift":208040301}}},
{"id":"territory_warfare_rewards:10603","key":10603,"value":{"territory":6,"worldLevel":150,"majorCity":{"rewards":[205990100,208030401],"base":[0,0],"person":[0.015,0.015],"bind":[false,false]},"rare":{"rewards":[206020109,206020108,206020107,208030106,208030105,208030104,208020602,208021102],"base":[0,0,0,0,0,0,0,0],"person":[0.15,0.15,0.15,0.15,0.15,0.1,0.1,0.1],"rareBind":[false,false,false,false,false,false,false,false]},"normal":{"rewards":[208020601,206020106,206020105,206020104],"base":[0,0,0,0],"person":[0.5,0.5,0.5,0.5],"normalBind":[false,false,false,false]},"occupyGift":{"gift":208040301}}},
{"id":"territory_warfare_rewards:10604","key":10604,"value":{"territory":6,"worldLevel":200,"majorCity":{"rewards":[205990100,208030401],"base":[0,0],"person":[0.015,0.015],"bind":[false,false]},"rare":{"rewards":[206020109,206020108,206020107,208030106,208030105,208030104,208020602,208021102],"base":[0,0,0,0,0,0,0,0],"person":[0.15,0.15,0.15,0.15,0.15,0.1,0.1,0.1],"rareBind":[false,false,false,false,false,false,false,false]},"normal":{"rewards":[208020601,206020106,206020105,206020104],"base":[0,0,0,0],"person":[0.5,0.5,0.5,0.5],"normalBind":[false,false,false,false]},"occupyGift":{"gift":208040301}}},
{"id":"territory_warfare_rewards:10605","key":10605,"value":{"territory":6,"worldLevel":250,"majorCity":{"rewards":[205990100,208030401],"base":[0,0],"person":[0.015,0.015],"bind":[false,false]},"rare":{"rewards":[206020109,206020108,206020107,208030106,208030105,208030104,208020602,208021102],"base":[0,0,0,0,0,0,0,0],"person":[0.15,0.15,0.15,0.15,0.15,0.1,0.1,0.1],"rareBind":[false,false,false,false,false,false,false,false]},"normal":{"rewards":[208020601,206020106,206020105,206020104],"base":[0,0,0,0],"person":[0.5,0.5,0.5,0.5],"normalBind":[false,false,false,false]},"occupyGift":{"gift":208040301}}},
{"id":"territory_warfare_rewards:10606","key":10606,"value":{"territory":6,"worldLevel":300,"majorCity":{"rewards":[205990100,208030401],"base":[0,0],"person":[0.015,0.015],"bind":[false,false]},"rare":{"rewards":[206020109,206020108,206020107,208030106,208030105,208030104,208020602,208021102],"base":[0,0,0,0,0,0,0,0],"person":[0.15,0.15,0.15,0.15,0.15,0.1,0.1,0.1],"rareBind":[false,false,false,false,false,false,false,false]},"normal":{"rewards":[208020601,206020106,206020105,206020104],"base":[0,0,0,0],"person":[0.5,0.5,0.5,0.5],"normalBind":[false,false,false,false]},"occupyGift":{"gift":208040301}}},
{"id":"territory_warfare_rewards:10701","key":10701,"value":{"territory":7,"worldLevel":50,"majorCity":{"rewards":[205990100,208030401],"base":[0,0],"person":[0.015,0.015],"bind":[false,false]},"rare":{"rewards":[206020109,206020108,206020107,208030106,208030105,208030104,208020602,208021102],"base":[0,0,0,0,0,0,0,0],"person":[0.15,0.15,0.15,0.15,0.15,0.1,0.1,0.1],"rareBind":[false,false,false,false,false,false,false,false]},"normal":{"rewards":[208020601,206020106,206020105,206020104],"base":[0,0,0,0],"person":[0.5,0.5,0.5,0.5],"normalBind":[false,false,false,false]},"occupyGift":{"gift":208040301}}},
{"id":"territory_warfare_rewards:10702","key":10702,"value":{"territory":7,"worldLevel":100,"majorCity":{"rewards":[205990100,208030401],"base":[0,0],"person":[0.015,0.015],"bind":[false,false]},"rare":{"rewards":[206020109,206020108,206020107,208030106,208030105,208030104,208020602,208021102],"base":[0,0,0,0,0,0,0,0],"person":[0.15,0.15,0.15,0.15,0.15,0.1,0.1,0.1],"rareBind":[false,false,false,false,false,false,false,false]},"normal":{"rewards":[208020601,206020106,206020105,206020104],"base":[0,0,0,0],"person":[0.5,0.5,0.5,0.5],"normalBind":[false,false,false,false]},"occupyGift":{"gift":208040301}}},
{"id":"territory_warfare_rewards:10703","key":10703,"value":{"territory":7,"worldLevel":150,"majorCity":{"rewards":[205990100,208030401],"base":[0,0],"person":[0.015,0.015],"bind":[false,false]},"rare":{"rewards":[206020109,206020108,206020107,208030106,208030105,208030104,208020602,208021102],"base":[0,0,0,0,0,0,0,0],"person":[0.15,0.15,0.15,0.15,0.15,0.1,0.1,0.1],"rareBind":[false,false,false,false,false,false,false,false]},"normal":{"rewards":[208020601,206020106,206020105,206020104],"base":[0,0,0,0],"person":[0.5,0.5,0.5,0.5],"normalBind":[false,false,false,false]},"occupyGift":{"gift":208040301}}},
{"id":"territory_warfare_rewards:10704","key":10704,"value":{"territory":7,"worldLevel":200,"majorCity":{"rewards":[205990100,208030401],"base":[0,0],"person":[0.015,0.015],"bind":[false,false]},"rare":{"rewards":[206020109,206020108,206020107,208030106,208030105,208030104,208020602,208021102],"base":[0,0,0,0,0,0,0,0],"person":[0.15,0.15,0.15,0.15,0.15,0.1,0.1,0.1],"rareBind":[false,false,false,false,false,false,false,false]},"normal":{"rewards":[208020601,206020106,206020105,206020104],"base":[0,0,0,0],"person":[0.5,0.5,0.5,0.5],"normalBind":[false,false,false,false]},"occupyGift":{"gift":208040301}}},
{"id":"territory_warfare_rewards:10705","key":10705,"value":{"territory":7,"worldLevel":250,"majorCity":{"rewards":[205990100,208030401],"base":[0,0],"person":[0.015,0.015],"bind":[false,false]},"rare":{"rewards":[206020109,206020108,206020107,208030106,208030105,208030104,208020602,208021102],"base":[0,0,0,0,0,0,0,0],"person":[0.15,0.15,0.15,0.15,0.15,0.1,0.1,0.1],"rareBind":[false,false,false,false,false,false,false,false]},"normal":{"rewards":[208020601,206020106,206020105,206020104],"base":[0,0,0,0],"person":[0.5,0.5,0.5,0.5],"normalBind":[false,false,false,false]},"occupyGift":{"gift":208040301}}},
{"id":"territory_warfare_rewards:10706","key":10706,"value":{"territory":7,"worldLevel":300,"majorCity":{"rewards":[205990100,208030401],"base":[0,0],"person":[0.015,0.015],"bind":[false,false]},"rare":{"rewards":[206020109,206020108,206020107,208030106,208030105,208030104,208020602,208021102],"base":[0,0,0,0,0,0,0,0],"person":[0.15,0.15,0.15,0.15,0.15,0.1,0.1,0.1],"rareBind":[false,false,false,false,false,false,false,false]},"normal":{"rewards":[208020601,206020106,206020105,206020104],"base":[0,0,0,0],"person":[0.5,0.5,0.5,0.5],"normalBind":[false,false,false,false]},"occupyGift":{"gift":208040301}}},
{"id":"territory_warfare_rewards:10801","key":10801,"value":{"territory":8,"worldLevel":50,"majorCity":{"rewards":[205990100,208030401],"base":[0,0],"person":[0.015,0.015],"bind":[false,false]},"rare":{"rewards":[206020109,206020108,206020107,208030106,208030105,208030104,208020602,208021102],"base":[0,0,0,0,0,0,0,0],"person":[0.15,0.15,0.15,0.15,0.15,0.1,0.1,0.1],"rareBind":[false,false,false,false,false,false,false,false]},"normal":{"rewards":[208020601,206020106,206020105,206020104],"base":[0,0,0,0],"person":[0.5,0.5,0.5,0.5],"normalBind":[false,false,false,false]},"occupyGift":{"gift":208040301}}},
{"id":"territory_warfare_rewards:10802","key":10802,"value":{"territory":8,"worldLevel":100,"majorCity":{"rewards":[205990100,208030401],"base":[0,0],"person":[0.015,0.015],"bind":[false,false]},"rare":{"rewards":[206020109,206020108,206020107,208030106,208030105,208030104,208020602,208021102],"base":[0,0,0,0,0,0,0,0],"person":[0.15,0.15,0.15,0.15,0.15,0.1,0.1,0.1],"rareBind":[false,false,false,false,false,false,false,false]},"normal":{"rewards":[208020601,206020106,206020105,206020104],"base":[0,0,0,0],"person":[0.5,0.5,0.5,0.5],"normalBind":[false,false,false,false]},"occupyGift":{"gift":208040301}}},
{"id":"territory_warfare_rewards:10803","key":10803,"value":{"territory":8,"worldLevel":150,"majorCity":{"rewards":[205990100,208030401],"base":[0,0],"person":[0.015,0.015],"bind":[false,false]},"rare":{"rewards":[206020109,206020108,206020107,208030106,208030105,208030104,208020602,208021102],"base":[0,0,0,0,0,0,0,0],"person":[0.15,0.15,0.15,0.15,0.15,0.1,0.1,0.1],"rareBind":[false,false,false,false,false,false,false,false]},"normal":{"rewards":[208020601,206020106,206020105,206020104],"base":[0,0,0,0],"person":[0.5,0.5,0.5,0.5],"normalBind":[false,false,false,false]},"occupyGift":{"gift":208040301}}},
{"id":"territory_warfare_rewards:10804","key":10804,"value":{"territory":8,"worldLevel":200,"majorCity":{"rewards":[205990100,208030401],"base":[0,0],"person":[0.015,0.015],"bind":[false,false]},"rare":{"rewards":[206020109,206020108,206020107,208030106,208030105,208030104,208020602,208021102],"base":[0,0,0,0,0,0,0,0],"person":[0.15,0.15,0.15,0.15,0.15,0.1,0.1,0.1],"rareBind":[false,false,false,false,false,false,false,false]},"normal":{"rewards":[208020601,206020106,206020105,206020104],"base":[0,0,0,0],"person":[0.5,0.5,0.5,0.5],"normalBind":[false,false,false,false]},"occupyGift":{"gift":208040301}}},
{"id":"territory_warfare_rewards:10805","key":10805,"value":{"territory":8,"worldLevel":250,"majorCity":{"rewards":[205990100,208030401],"base":[0,0],"person":[0.015,0.015],"bind":[false,false]},"rare":{"rewards":[206020109,206020108,206020107,208030106,208030105,208030104,208020602,208021102],"base":[0,0,0,0,0,0,0,0],"person":[0.15,0.15,0.15,0.15,0.15,0.1,0.1,0.1],"rareBind":[false,false,false,false,false,false,false,false]},"normal":{"rewards":[208020601,206020106,206020105,206020104],"base":[0,0,0,0],"person":[0.5,0.5,0.5,0.5],"normalBind":[false,false,false,false]},"occupyGift":{"gift":208040301}}},
{"id":"territory_warfare_rewards:10806","key":10806,"value":{"territory":8,"worldLevel":300,"majorCity":{"rewards":[205990100,208030401],"base":[0,0],"person":[0.015,0.015],"bind":[false,false]},"rare":{"rewards":[206020109,206020108,206020107,208030106,208030105,208030104,208020602,208021102],"base":[0,0,0,0,0,0,0,0],"person":[0.15,0.15,0.15,0.15,0.15,0.1,0.1,0.1],"rareBind":[false,false,false,false,false,false,false,false]},"normal":{"rewards":[208020601,206020106,206020105,206020104],"base":[0,0,0,0],"person":[0.5,0.5,0.5,0.5],"normalBind":[false,false,false,false]},"occupyGift":{"gift":208040301}}},
{"id":"territory_warfare_rewards:10901","key":10901,"value":{"territory":9,"worldLevel":50,"majorCity":{"rewards":[205990100,208030401],"base":[0,0],"person":[0.015,0.015],"bind":[false,false]},"rare":{"rewards":[206020109,206020108,206020107,208030106,208030105,208030104,208020602,208021102],"base":[0,0,0,0,0,0,0,0],"person":[0.15,0.15,0.15,0.15,0.15,0.1,0.1,0.1],"rareBind":[false,false,false,false,false,false,false,false]},"normal":{"rewards":[208020601,206020106,206020105,206020104],"base":[0,0,0,0],"person":[0.5,0.5,0.5,0.5],"normalBind":[false,false,false,false]},"occupyGift":{"gift":208040301}}},
{"id":"territory_warfare_rewards:10902","key":10902,"value":{"territory":9,"worldLevel":100,"majorCity":{"rewards":[205990100,208030401],"base":[0,0],"person":[0.015,0.015],"bind":[false,false]},"rare":{"rewards":[206020109,206020108,206020107,208030106,208030105,208030104,208020602,208021102],"base":[0,0,0,0,0,0,0,0],"person":[0.15,0.15,0.15,0.15,0.15,0.1,0.1,0.1],"rareBind":[false,false,false,false,false,false,false,false]},"normal":{"rewards":[208020601,206020106,206020105,206020104],"base":[0,0,0,0],"person":[0.5,0.5,0.5,0.5],"normalBind":[false,false,false,false]},"occupyGift":{"gift":208040301}}},
{"id":"territory_warfare_rewards:10903","key":10903,"value":{"territory":9,"worldLevel":150,"majorCity":{"rewards":[205990100,208030401],"base":[0,0],"person":[0.015,0.015],"bind":[false,false]},"rare":{"rewards":[206020109,206020108,206020107,208030106,208030105,208030104,208020602,208021102],"base":[0,0,0,0,0,0,0,0],"person":[0.15,0.15,0.15,0.15,0.15,0.1,0.1,0.1],"rareBind":[false,false,false,false,false,false,false,false]},"normal":{"rewards":[208020601,206020106,206020105,206020104],"base":[0,0,0,0],"person":[0.5,0.5,0.5,0.5],"normalBind":[false,false,false,false]},"occupyGift":{"gift":208040301}}},
{"id":"territory_warfare_rewards:10904","key":10904,"value":{"territory":9,"worldLevel":200,"majorCity":{"rewards":[205990100,208030401],"base":[0,0],"person":[0.015,0.015],"bind":[false,false]},"rare":{"rewards":[206020109,206020108,206020107,208030106,208030105,208030104,208020602,208021102],"base":[0,0,0,0,0,0,0,0],"person":[0.15,0.15,0.15,0.15,0.15,0.1,0.1,0.1],"rareBind":[false,false,false,false,false,false,false,false]},"normal":{"rewards":[208020601,206020106,206020105,206020104],"base":[0,0,0,0],"person":[0.5,0.5,0.5,0.5],"normalBind":[false,false,false,false]},"occupyGift":{"gift":208040301}}},
{"id":"territory_warfare_rewards:10905","key":10905,"value":{"territory":9,"worldLevel":250,"majorCity":{"rewards":[205990100,208030401],"base":[0,0],"person":[0.015,0.015],"bind":[false,false]},"rare":{"rewards":[206020109,206020108,206020107,208030106,208030105,208030104,208020602,208021102],"base":[0,0,0,0,0,0,0,0],"person":[0.15,0.15,0.15,0.15,0.15,0.1,0.1,0.1],"rareBind":[false,false,false,false,false,false,false,false]},"normal":{"rewards":[208020601,206020106,206020105,206020104],"base":[0,0,0,0],"person":[0.5,0.5,0.5,0.5],"normalBind":[false,false,false,false]},"occupyGift":{"gift":208040301}}},
{"id":"territory_warfare_rewards:10906","key":10906,"value":{"territory":9,"worldLevel":300,"majorCity":{"rewards":[205990100,208030401],"base":[0,0],"person":[0.015,0.015],"bind":[false,false]},"rare":{"rewards":[206020109,206020108,206020107,208030106,208030105,208030104,208020602,208021102],"base":[0,0,0,0,0,0,0,0],"person":[0.15,0.15,0.15,0.15,0.15,0.1,0.1,0.1],"rareBind":[false,false,false,false,false,false,false,false]},"normal":{"rewards":[208020601,206020106,206020105,206020104],"base":[0,0,0,0],"person":[0.5,0.5,0.5,0.5],"normalBind":[false,false,false,false]},"occupyGift":{"gift":208040301}}},
{"id":"territory_warfare_rewards:11001","key":11001,"value":{"territory":10,"worldLevel":50,"majorCity":{"rewards":[205990100,208030401],"base":[0,0],"person":[0.015,0.015],"bind":[false,false]},"rare":{"rewards":[206020109,206020108,206020107,208030106,208030105,208030104,208020602,208021102],"base":[0,0,0,0,0,0,0,0],"person":[0.15,0.15,0.15,0.15,0.15,0.1,0.1,0.1],"rareBind":[false,false,false,false,false,false,false,false]},"normal":{"rewards":[208020601,206020106,206020105,206020104],"base":[0,0,0,0],"person":[0.5,0.5,0.5,0.5],"normalBind":[false,false,false,false]},"occupyGift":{"gift":208040301}}},
{"id":"territory_warfare_rewards:11002","key":11002,"value":{"territory":10,"worldLevel":100,"majorCity":{"rewards":[205990100,208030401],"base":[0,0],"person":[0.015,0.015],"bind":[false,false]},"rare":{"rewards":[206020109,206020108,206020107,208030106,208030105,208030104,208020602,208021102],"base":[0,0,0,0,0,0,0,0],"person":[0.15,0.15,0.15,0.15,0.15,0.1,0.1,0.1],"rareBind":[false,false,false,false,false,false,false,false]},"normal":{"rewards":[208020601,206020106,206020105,206020104],"base":[0,0,0,0],"person":[0.5,0.5,0.5,0.5],"normalBind":[false,false,false,false]},"occupyGift":{"gift":208040301}}},
{"id":"territory_warfare_rewards:11003","key":11003,"value":{"territory":10,"worldLevel":150,"majorCity":{"rewards":[205990100,208030401],"base":[0,0],"person":[0.015,0.015],"bind":[false,false]},"rare":{"rewards":[206020109,206020108,206020107,208030106,208030105,208030104,208020602,208021102],"base":[0,0,0,0,0,0,0,0],"person":[0.15,0.15,0.15,0.15,0.15,0.1,0.1,0.1],"rareBind":[false,false,false,false,false,false,false,false]},"normal":{"rewards":[208020601,206020106,206020105,206020104],"base":[0,0,0,0],"person":[0.5,0.5,0.5,0.5],"normalBind":[false,false,false,false]},"occupyGift":{"gift":208040301}}},
{"id":"territory_warfare_rewards:11004","key":11004,"value":{"territory":10,"worldLevel":200,"majorCity":{"rewards":[205990100,208030401],"base":[0,0],"person":[0.015,0.015],"bind":[false,false]},"rare":{"rewards":[206020109,206020108,206020107,208030106,208030105,208030104,208020602,208021102],"base":[0,0,0,0,0,0,0,0],"person":[0.15,0.15,0.15,0.15,0.15,0.1,0.1,0.1],"rareBind":[false,false,false,false,false,false,false,false]},"normal":{"rewards":[208020601,206020106,206020105,206020104],"base":[0,0,0,0],"person":[0.5,0.5,0.5,0.5],"normalBind":[false,false,false,false]},"occupyGift":{"gift":208040301}}},
{"id":"territory_warfare_rewards:11005","key":11005,"value":{"territory":10,"worldLevel":250,"majorCity":{"rewards":[205990100,208030401],"base":[0,0],"person":[0.015,0.015],"bind":[false,false]},"rare":{"rewards":[206020109,206020108,206020107,208030106,208030105,208030104,208020602,208021102],"base":[0,0,0,0,0,0,0,0],"person":[0.15,0.15,0.15,0.15,0.15,0.1,0.1,0.1],"rareBind":[false,false,false,false,false,false,false,false]},"normal":{"rewards":[208020601,206020106,206020105,206020104],"base":[0,0,0,0],"person":[0.5,0.5,0.5,0.5],"normalBind":[false,false,false,false]},"occupyGift":{"gift":208040301}}},
{"id":"territory_warfare_rewards:11006","key":11006,"value":{"territory":10,"worldLevel":300,"majorCity":{"rewards":[205990100,208030401],"base":[0,0],"person":[0.015,0.015],"bind":[false,false]},"rare":{"rewards":[206020109,206020108,206020107,208030106,208030105,208030104,208020602,208021102],"base":[0,0,0,0,0,0,0,0],"person":[0.15,0.15,0.15,0.15,0.15,0.1,0.1,0.1],"rareBind":[false,false,false,false,false,false,false,false]},"normal":{"rewards":[208020601,206020106,206020105,206020104],"base":[0,0,0,0],"person":[0.5,0.5,0.5,0.5],"normalBind":[false,false,false,false]},"occupyGift":{"gift":208040301}}},
{"id":"territory_warfare_rewards:19901","key":19901,"value":{"territory":0,"worldLevel":50,"majorCity":{},"rare":{},"normal":{},"occupyGift":{}}},
{"id":"territory_warfare_rewards:19902","key":19902,"value":{"territory":0,"worldLevel":100,"majorCity":{},"rare":{},"normal":{},"occupyGift":{}}},
{"id":"territory_warfare_rewards:19903","key":19903,"value":{"territory":0,"worldLevel":150,"majorCity":{},"rare":{},"normal":{},"occupyGift":{}}},
{"id":"territory_warfare_rewards:19904","key":19904,"value":{"territory":0,"worldLevel":200,"majorCity":{},"rare":{},"normal":{},"occupyGift":{}}},
{"id":"territory_warfare_rewards:19905","key":19905,"value":{"territory":0,"worldLevel":250,"majorCity":{},"rare":{},"normal":{},"occupyGift":{}}},
{"id":"territory_warfare_rewards:19906","key":19906,"value":{"territory":0,"worldLevel":300,"majorCity":{},"rare":{},"normal":{},"occupyGift":{}}}
]}
