{"total_rows":41,"offset":0,"rows":[
{"id":"wild_boss:605301","key":605301,"value":{"id":605301,"level":60,"sharedDrop":826000101,"privateDrop":0,"map":405001}},
{"id":"wild_boss:605302","key":605302,"value":{"id":605302,"level":65,"sharedDrop":826000201,"privateDrop":0,"map":405001}},
{"id":"wild_boss:605303","key":605303,"value":{"id":605303,"level":70,"sharedDrop":826000301,"privateDrop":0,"map":405001}},
{"id":"wild_boss:605311","key":605311,"value":{"id":605311,"level":80,"sharedDrop":826000401,"privateDrop":0,"map":405001}},
{"id":"wild_boss:605312","key":605312,"value":{"id":605312,"level":85,"sharedDrop":826000501,"privateDrop":0,"map":405001}},
{"id":"wild_boss:605313","key":605313,"value":{"id":605313,"level":90,"sharedDrop":826000601,"privateDrop":0,"map":405001}},
{"id":"wild_boss:605321","key":605321,"value":{"id":605321,"level":95,"sharedDrop":826000701,"privateDrop":0,"map":405001}},
{"id":"wild_boss:605322","key":605322,"value":{"id":605322,"level":110,"sharedDrop":826000801,"privateDrop":0,"map":405001}},
{"id":"wild_boss:605323","key":605323,"value":{"id":605323,"level":115,"sharedDrop":826000901,"privateDrop":0,"map":405001}},
{"id":"wild_boss:605331","key":605331,"value":{"id":605331,"level":120,"sharedDrop":826001001,"privateDrop":0,"map":405002}},
{"id":"wild_boss:605332","key":605332,"value":{"id":605332,"level":125,"sharedDrop":826001101,"privateDrop":0,"map":405002}},
{"id":"wild_boss:605333","key":605333,"value":{"id":605333,"level":130,"sharedDrop":826001201,"privateDrop":0,"map":405002}},
{"id":"wild_boss:605341","key":605341,"value":{"id":605341,"level":140,"sharedDrop":826001301,"privateDrop":0,"map":405002}},
{"id":"wild_boss:605342","key":605342,"value":{"id":605342,"level":150,"sharedDrop":826001401,"privateDrop":0,"map":405002}},
{"id":"wild_boss:605343","key":605343,"value":{"id":605343,"level":155,"sharedDrop":826001501,"privateDrop":0,"map":405002}},
{"id":"wild_boss:605351","key":605351,"value":{"id":605351,"level":160,"sharedDrop":826001601,"privateDrop":0,"map":405002}},
{"id":"wild_boss:605352","key":605352,"value":{"id":605352,"level":170,"sharedDrop":826001701,"privateDrop":0,"map":405002}},
{"id":"wild_boss:605353","key":605353,"value":{"id":605353,"level":180,"sharedDrop":826001801,"privateDrop":0,"map":405002}},
{"id":"wild_boss:605361","key":605361,"value":{"id":605361,"level":185,"sharedDrop":826001901,"privateDrop":0,"map":405003}},
{"id":"wild_boss:605362","key":605362,"value":{"id":605362,"level":190,"sharedDrop":826002001,"privateDrop":0,"map":405003}},
{"id":"wild_boss:605363","key":605363,"value":{"id":605363,"level":200,"sharedDrop":826002101,"privateDrop":0,"map":405003}},
{"id":"wild_boss:605371","key":605371,"value":{"id":605371,"level":210,"sharedDrop":826002201,"privateDrop":0,"map":405003}},
{"id":"wild_boss:605372","key":605372,"value":{"id":605372,"level":215,"sharedDrop":826002301,"privateDrop":0,"map":405003}},
{"id":"wild_boss:605373","key":605373,"value":{"id":605373,"level":220,"sharedDrop":826002401,"privateDrop":0,"map":405003}},
{"id":"wild_boss:605381","key":605381,"value":{"id":605381,"level":230,"sharedDrop":826002501,"privateDrop":0,"map":405003}},
{"id":"wild_boss:605382","key":605382,"value":{"id":605382,"level":240,"sharedDrop":826002601,"privateDrop":0,"map":405003}},
{"id":"wild_boss:605383","key":605383,"value":{"id":605383,"level":245,"sharedDrop":826002701,"privateDrop":0,"map":405003}},
{"id":"wild_boss:605391","key":605391,"value":{"id":605391,"level":250,"sharedDrop":826002801,"privateDrop":0,"map":405004}},
{"id":"wild_boss:605392","key":605392,"value":{"id":605392,"level":255,"sharedDrop":826002901,"privateDrop":0,"map":405004}},
{"id":"wild_boss:605393","key":605393,"value":{"id":605393,"level":260,"sharedDrop":826003001,"privateDrop":0,"map":405004}},
{"id":"wild_boss:605401","key":605401,"value":{"id":605401,"level":265,"sharedDrop":826003101,"privateDrop":0,"map":405004}},
{"id":"wild_boss:605402","key":605402,"value":{"id":605402,"level":270,"sharedDrop":826003201,"privateDrop":0,"map":405004}},
{"id":"wild_boss:605403","key":605403,"value":{"id":605403,"level":275,"sharedDrop":826003301,"privateDrop":0,"map":405004}},
{"id":"wild_boss:605411","key":605411,"value":{"id":605411,"level":280,"sharedDrop":826003401,"privateDrop":0,"map":405004}},
{"id":"wild_boss:605412","key":605412,"value":{"id":605412,"level":285,"sharedDrop":826003501,"privateDrop":0,"map":405004}},
{"id":"wild_boss:605413","key":605413,"value":{"id":605413,"level":290,"sharedDrop":826003601,"privateDrop":0,"map":405004}},
{"id":"wild_boss:605421","key":605421,"value":{"id":605421,"level":295,"sharedDrop":826003701,"privateDrop":0,"map":405005}},
{"id":"wild_boss:605422","key":605422,"value":{"id":605422,"level":300,"sharedDrop":826003801,"privateDrop":0,"map":405005}},
{"id":"wild_boss:605423","key":605423,"value":{"id":605423,"level":305,"sharedDrop":826003901,"privateDrop":0,"map":405005}},
{"id":"wild_boss:605431","key":605431,"value":{"id":605431,"level":310,"sharedDrop":826004001,"privateDrop":0,"map":405005}},
{"id":"wild_boss:605432","key":605432,"value":{"id":605432,"level":315,"sharedDrop":826004101,"privateDrop":0,"map":405005}}
]}
