{"total_rows":9,"offset":0,"rows":[
{"id":"dwarf_treasury:1","key":1,"value":{"map":415001,"levelUpPoint":4,"rewards":[["item",208040331,1,true]],"robotAmount":4,"devil":0}},
{"id":"dwarf_treasury:2","key":2,"value":{"map":415002,"levelUpPoint":5,"rewards":[["item",208040331,1,true]],"robotAmount":4,"devil":0}},
{"id":"dwarf_treasury:3","key":3,"value":{"map":415003,"levelUpPoint":6,"rewards":[["item",208040331,1,true]],"robotAmount":3,"devil":1}},
{"id":"dwarf_treasury:4","key":4,"value":{"map":415004,"levelUpPoint":7,"rewards":[["item",208040331,1,true]],"robotAmount":3,"devil":0}},
{"id":"dwarf_treasury:5","key":5,"value":{"map":415005,"levelUpPoint":8,"rewards":[["item",208040331,2,true]],"robotAmount":2,"devil":0}},
{"id":"dwarf_treasury:6","key":6,"value":{"map":415006,"levelUpPoint":9,"rewards":[["item",208040331,1,true]],"robotAmount":2,"devil":2}},
{"id":"dwarf_treasury:7","key":7,"value":{"map":415007,"levelUpPoint":11,"rewards":[["item",208040331,3,true]],"robotAmount":1,"devil":0}},
{"id":"dwarf_treasury:8","key":8,"value":{"map":415008,"levelUpPoint":13,"rewards":[["item",208040331,1,true]],"robotAmount":1,"devil":0}},
{"id":"dwarf_treasury:9","key":9,"value":{"map":415009,"levelUpPoint":15,"rewards":[["item",208040331,4,true]],"robotAmount":1,"devil":3}}
]}
