{"total_rows":5,"offset":0,"rows":[
{"id":"checkin_periods:101","key":101,"value":{"days":3,"rewards":[["item",208021607,1,true]]}},
{"id":"checkin_periods:102","key":102,"value":{"days":7,"rewards":[["item",208010521,5,true]]}},
{"id":"checkin_periods:103","key":103,"value":{"days":14,"rewards":[["item",208030201,10,true]]}},
{"id":"checkin_periods:104","key":104,"value":{"days":21,"rewards":[["item",208021713,1,true]]}},
{"id":"checkin_periods:105","key":105,"value":{"days":28,"rewards":[["item",206020204,1,true]]}}
]}
