{"total_rows":10,"offset":0,"rows":[
{"id":"personal_boss:60","key":60,"value":{"id":606301,"times":1,"map":407001,"rewards":[827010001],"positions":[27,40,0.02542376,0.9996768]}},
{"id":"personal_boss:90","key":90,"value":{"id":606302,"times":1,"map":407002,"rewards":[827010002],"positions":[22,58,0.6966729,-0.7173891]}},
{"id":"personal_boss:120","key":120,"value":{"id":606303,"times":1,"map":407003,"rewards":[827010003],"positions":[23,23,0.1452055,-0.9894016]}},
{"id":"personal_boss:150","key":150,"value":{"id":606304,"times":1,"map":407004,"rewards":[827010004],"positions":[27,15,-0.9840167,0.1780759]}},
{"id":"personal_boss:180","key":180,"value":{"id":606305,"times":1,"map":407005,"rewards":[827010005],"positions":[22,21,0,1]}},
{"id":"personal_boss:210","key":210,"value":{"id":606306,"times":1,"map":407006,"rewards":[827010006],"positions":[55,43,0.9616625,0.2742358]}},
{"id":"personal_boss:240","key":240,"value":{"id":606307,"times":1,"map":407007,"rewards":[827010007],"positions":[139,81,-0.3618689,-0.9322292]}},
{"id":"personal_boss:260","key":260,"value":{"id":606308,"times":1,"map":407008,"rewards":[827010008],"positions":[51,51,-0.7366195,0.6763074]}},
{"id":"personal_boss:280","key":280,"value":{"id":606309,"times":1,"map":407009,"rewards":[827010009],"positions":[37,73,0.2112614,-0.9774297]}},
{"id":"personal_boss:300","key":300,"value":{"id":606310,"times":1,"map":407010,"rewards":[827010010],"positions":[45,80,0.1793783,-0.9837803]}}
]}
