{"total_rows":5,"offset":0,"rows":[
{"id":"wild_leader:2020","key":2020,"value":{"monster":[604301],"monsterNum":1,"refreshNumMax":[1],"monsterRefreshPosition":[[[130,150,1]]],"monsterCreateTime":[[8,0],[9,0],[10,0],[11,0],[12,0],[13,0],[14,0],[15,0],[16,0],[17,0],[18,0],[19,0],[20,0],[21,0],[22,0]],"monsterExistTime":10,"rewards":[825010101],"rewardsIcons":[201110205,0,0,0,0,0,0]}},
{"id":"wild_leader:2030","key":2030,"value":{"monster":[604305],"monsterNum":1,"refreshNumMax":[1],"monsterRefreshPosition":[[[94,49,1]]],"monsterCreateTime":[[8,0],[9,0],[10,0],[11,0],[12,0],[13,0],[14,0],[15,0],[16,0],[17,0],[18,0],[19,0],[20,0],[21,0],[22,0]],"monsterExistTime":10,"rewards":[825020001],"rewardsIcons":[201110305,0,0,0,0,0,0]}},
{"id":"wild_leader:2040","key":2040,"value":{"monster":[604303],"monsterNum":1,"refreshNumMax":[1],"monsterRefreshPosition":[[[87,12,1]]],"monsterCreateTime":[[8,0],[9,0],[10,0],[11,0],[12,0],[13,0],[14,0],[15,0],[16,0],[17,0],[18,0],[19,0],[20,0],[21,0],[22,0]],"monsterExistTime":10,"rewards":[825030001],"rewardsIcons":[201110405,0,0,0,0,0,0]}},
{"id":"wild_leader:2050","key":2050,"value":{"monster":[604304],"monsterNum":1,"refreshNumMax":[1],"monsterRefreshPosition":[[[162,39,1]]],"monsterCreateTime":[[8,0],[9,0],[10,0],[11,0],[12,0],[13,0],[14,0],[15,0],[16,0],[17,0],[18,0],[19,0],[20,0],[21,0],[22,0]],"monsterExistTime":10,"rewards":[825040001],"rewardsIcons":[201110505,0,0,0,0,0,0,0]}},
{"id":"wild_leader:2060","key":2060,"value":{"monster":[604302],"monsterNum":1,"refreshNumMax":[1],"monsterRefreshPosition":[[[158,92,1]]],"monsterCreateTime":[[8,0],[9,0],[10,0],[11,0],[12,0],[13,0],[14,0],[15,0],[16,0],[17,0],[18,0],[19,0],[20,0],[21,0],[22,0]],"monsterExistTime":10,"rewards":[825050001],"rewardsIcons":[201110605,0,0,0,0,0,0,0]}}
]}
