{"total_rows":14,"offset":0,"rows":[
{"id":"res_back:199001","key":[-1,1,300],"value":{"backExpType":3,"backExpArgs":2400,"items":[]}},
{"id":"res_back:102001","key":[101,1,150],"value":{"sort":2,"fullBackCost":50,"backCost":250000,"backExpType":1,"backExpArgs":320,"items":[[206020102,3,true],[206020103,3,true]]}},
{"id":"res_back:102002","key":[101,151,300],"value":{"sort":2,"fullBackCost":80,"backCost":400000,"backExpType":1,"backExpArgs":320,"items":[[206020104,3,true],[206020105,3,true]]}},
{"id":"res_back:101001","key":[103,1,150],"value":{"sort":1,"fullBackCost":5,"backCost":25000,"backExpType":1,"backExpArgs":2400,"items":[]}},
{"id":"res_back:101002","key":[103,151,300],"value":{"sort":1,"fullBackCost":5,"backCost":25000,"backExpType":1,"backExpArgs":2400,"items":[]}},
{"id":"res_back:108001","key":[108,1,300],"value":{"sort":4,"fullBackCost":80,"backCost":160000,"backExpType":1,"backExpArgs":31403,"items":[]}},
{"id":"res_back:109001","key":[109,1,150],"value":{"sort":5,"fullBackCost":20,"backCost":100000,"backExpType":1,"backExpArgs":224,"backCoin":300000,"items":[]}},
{"id":"res_back:109002","key":[109,151,300],"value":{"sort":5,"fullBackCost":30,"backCost":150000,"backExpType":1,"backExpArgs":224,"backCoin":400000,"items":[]}},
{"id":"res_back:103101","key":[111,1,300],"value":{"sort":3,"fullBackCost":10,"backCost":50000,"backExpType":1,"backExpArgs":2800,"backCoin":40000,"items":[]}},
{"id":"res_back:112001","key":[112,1,300],"value":{"sort":6,"fullBackCost":30,"backCost":150000,"backExpType":1,"backExpArgs":8000,"backCoin":80000,"items":[[208030303,1,true]]}},
{"id":"res_back:113001","key":[113,1,150],"value":{"sort":7,"fullBackCost":50,"backCost":250000,"backExpType":1,"backExpArgs":140,"items":[[208010101,45,true]]}},
{"id":"res_back:113002","key":[113,151,300],"value":{"sort":7,"fullBackCost":70,"backCost":350000,"backExpType":1,"backExpArgs":140,"items":[[208010101,70,true]]}},
{"id":"res_back:114001","key":[114,1,150],"value":{"sort":8,"fullBackCost":50,"backCost":250000,"backExpType":1,"backExpArgs":100,"items":[[208010511,10,true]]}},
{"id":"res_back:114002","key":[114,151,300],"value":{"sort":8,"fullBackCost":70,"backCost":350000,"backExpType":1,"backExpArgs":100,"items":[[208010511,15,true]]}}
]}
