{"total_rows":10,"offset":0,"rows":[
{"id":"territory_warfare:1","key":1,"value":{"type":1,"map":418001,"integrator":20,"integratorInterval":30,"occupyPoints":400,"maxEnter":300}},
{"id":"territory_warfare:2","key":2,"value":{"type":2,"map":418002,"integrator":16,"integratorInterval":30,"occupyPoints":200,"maxEnter":300}},
{"id":"territory_warfare:3","key":3,"value":{"type":2,"map":418003,"integrator":16,"integratorInterval":30,"occupyPoints":200,"maxEnter":300}},
{"id":"territory_warfare:4","key":4,"value":{"type":2,"map":418004,"integrator":16,"integratorInterval":30,"occupyPoints":200,"maxEnter":300}},
{"id":"territory_warfare:5","key":5,"value":{"type":3,"map":418005,"integrator":12,"integratorInterval":30,"occupyPoints":100,"maxEnter":300}},
{"id":"territory_warfare:6","key":6,"value":{"type":3,"map":418006,"integrator":12,"integratorInterval":30,"occupyPoints":100,"maxEnter":300}},
{"id":"territory_warfare:7","key":7,"value":{"type":3,"map":418007,"integrator":12,"integratorInterval":30,"occupyPoints":100,"maxEnter":300}},
{"id":"territory_warfare:8","key":8,"value":{"type":3,"map":418008,"integrator":12,"integratorInterval":30,"occupyPoints":100,"maxEnter":300}},
{"id":"territory_warfare:9","key":9,"value":{"type":3,"map":418009,"integrator":12,"integratorInterval":30,"occupyPoints":100,"maxEnter":300}},
{"id":"territory_warfare:10","key":10,"value":{"type":3,"map":418010,"integrator":12,"integratorInterval":30,"occupyPoints":100,"maxEnter":300}}
]}
