{"total_rows":250,"offset":0,"rows":[
{"id":"devil_city:1","key":1,"value":{"bossId":610001,"levelLimit":10,"recommendBp":42,"rewards":[["item",206020101,2,true],["et",75]],"dailyRewards":[["et",28],["devil_treasure",1]],"props":{}}},
{"id":"devil_city:2","key":2,"value":{"bossId":610002,"levelLimit":10,"recommendBp":50,"rewards":[["item",206020101,2,true],["et",90]],"dailyRewards":[["et",29],["devil_treasure",1]],"props":{}}},
{"id":"devil_city:3","key":3,"value":{"bossId":610003,"levelLimit":10,"recommendBp":74,"rewards":[["item",206020101,2,true],["et",105]],"dailyRewards":[["et",30],["devil_treasure",1]],"props":{}}},
{"id":"devil_city:4","key":4,"value":{"bossId":610004,"levelLimit":10,"recommendBp":89,"rewards":[["item",206020101,2,true],["et",120]],"dailyRewards":[["et",32],["devil_treasure",1]],"props":{}}},
{"id":"devil_city:5","key":5,"value":{"bossId":610005,"levelLimit":10,"recommendBp":108,"rewards":[["item",206020101,2,true],["item",206020102,2,true],["et",135]],"dailyRewards":[["et",33],["devil_treasure",1]],"props":{}}},
{"id":"devil_city:6","key":6,"value":{"bossId":610006,"levelLimit":10,"recommendBp":121,"rewards":[["item",206020101,3,true],["et",150]],"dailyRewards":[["et",34],["devil_treasure",1]],"props":{}}},
{"id":"devil_city:7","key":7,"value":{"bossId":610007,"levelLimit":10,"recommendBp":138,"rewards":[["item",206020101,3,true],["et",165]],"dailyRewards":[["et",35],["devil_treasure",1]],"props":{}}},
{"id":"devil_city:8","key":8,"value":{"bossId":610008,"levelLimit":10,"recommendBp":155,"rewards":[["item",206020101,3,true],["et",180]],"dailyRewards":[["et",36],["devil_treasure",1]],"props":{}}},
{"id":"devil_city:9","key":9,"value":{"bossId":610009,"levelLimit":10,"recommendBp":172,"rewards":[["item",206020101,3,true],["et",195]],"dailyRewards":[["et",38],["devil_treasure",1]],"props":{}}},
{"id":"devil_city:10","key":10,"value":{"bossId":610010,"levelLimit":10,"recommendBp":201,"rewards":[["item",206020101,3,true],["item",206020102,2,true],["et",210]],"dailyRewards":[["et",39],["devil_treasure",1]],"props":{}}},
{"id":"devil_city:11","key":11,"value":{"bossId":610011,"levelLimit":10,"recommendBp":218,"rewards":[["item",206020101,4,true],["et",225]],"dailyRewards":[["et",40],["devil_treasure",1]],"props":{}}},
{"id":"devil_city:12","key":12,"value":{"bossId":610012,"levelLimit":10,"recommendBp":242,"rewards":[["item",206020101,4,true],["et",240]],"dailyRewards":[["et",42],["devil_treasure",1]],"props":{}}},
{"id":"devil_city:13","key":13,"value":{"bossId":610013,"levelLimit":10,"recommendBp":265,"rewards":[["item",206020101,4,true],["et",255]],"dailyRewards":[["et",43],["devil_treasure",1]],"props":{}}},
{"id":"devil_city:14","key":14,"value":{"bossId":610014,"levelLimit":10,"recommendBp":295,"rewards":[["item",206020101,4,true],["et",270]],"dailyRewards":[["et",44],["devil_treasure",1]],"props":{}}},
{"id":"devil_city:15","key":15,"value":{"bossId":610015,"levelLimit":10,"recommendBp":322,"rewards":[["item",206020101,4,true],["item",206020102,2,true],["et",285]],"dailyRewards":[["et",46],["devil_treasure",1]],"props":{}}},
{"id":"devil_city:16","key":16,"value":{"bossId":610016,"levelLimit":10,"recommendBp":329,"rewards":[["item",206020102,1,true],["et",300]],"dailyRewards":[["et",47],["devil_treasure",1]],"props":{}}},
{"id":"devil_city:17","key":17,"value":{"bossId":610017,"levelLimit":10,"recommendBp":336,"rewards":[["item",206020102,1,true],["et",315]],"dailyRewards":[["et",49],["devil_treasure",1]],"props":{}}},
{"id":"devil_city:18","key":18,"value":{"bossId":610018,"levelLimit":10,"recommendBp":347,"rewards":[["item",206020102,1,true],["et",330]],"dailyRewards":[["et",50],["devil_treasure",1]],"props":{}}},
{"id":"devil_city:19","key":19,"value":{"bossId":610019,"levelLimit":10,"recommendBp":356,"rewards":[["item",206020102,1,true],["et",345]],"dailyRewards":[["et",52],["devil_treasure",1]],"props":{}}},
{"id":"devil_city:20","key":20,"value":{"bossId":610020,"levelLimit":10,"recommendBp":411,"rewards":[["item",206020102,1,true],["item",206020103,2,true],["et",360]],"dailyRewards":[["et",53],["devil_treasure",1]],"props":{}}},
{"id":"devil_city:21","key":21,"value":{"bossId":610021,"levelLimit":10,"recommendBp":412,"rewards":[["item",206020102,2,true],["et",375]],"dailyRewards":[["et",55],["devil_treasure",1]],"props":{}}},
{"id":"devil_city:22","key":22,"value":{"bossId":610022,"levelLimit":10,"recommendBp":415,"rewards":[["item",206020102,2,true],["et",390]],"dailyRewards":[["et",56],["devil_treasure",1]],"props":{}}},
{"id":"devil_city:23","key":23,"value":{"bossId":610023,"levelLimit":10,"recommendBp":416,"rewards":[["item",206020102,2,true],["et",405]],"dailyRewards":[["et",58],["devil_treasure",1]],"props":{}}},
{"id":"devil_city:24","key":24,"value":{"bossId":610024,"levelLimit":10,"recommendBp":430,"rewards":[["item",206020102,2,true],["et",420]],"dailyRewards":[["et",59],["devil_treasure",1]],"props":{}}},
{"id":"devil_city:25","key":25,"value":{"bossId":610025,"levelLimit":10,"recommendBp":433,"rewards":[["item",206020102,2,true],["item",206020103,2,true],["et",435]],"dailyRewards":[["et",61],["devil_treasure",1]],"props":{}}},
{"id":"devil_city:26","key":26,"value":{"bossId":610026,"levelLimit":10,"recommendBp":440,"rewards":[["item",206020102,3,true],["et",450]],"dailyRewards":[["et",62],["devil_treasure",1]],"props":{}}},
{"id":"devil_city:27","key":27,"value":{"bossId":610027,"levelLimit":10,"recommendBp":453,"rewards":[["item",206020102,3,true],["et",465]],"dailyRewards":[["et",64],["devil_treasure",1]],"props":{}}},
{"id":"devil_city:28","key":28,"value":{"bossId":610028,"levelLimit":10,"recommendBp":455,"rewards":[["item",206020102,3,true],["et",480]],"dailyRewards":[["et",66],["devil_treasure",1]],"props":{}}},
{"id":"devil_city:29","key":29,"value":{"bossId":610029,"levelLimit":10,"recommendBp":456,"rewards":[["item",206020102,3,true],["et",495]],"dailyRewards":[["et",67],["devil_treasure",1]],"props":{}}},
{"id":"devil_city:30","key":30,"value":{"bossId":610030,"levelLimit":10,"recommendBp":495,"rewards":[["item",206020102,3,true],["item",206020103,2,true],["et",510]],"dailyRewards":[["et",69],["devil_treasure",1]],"props":{}}},
{"id":"devil_city:31","key":31,"value":{"bossId":610031,"levelLimit":10,"recommendBp":498,"rewards":[["item",206020102,4,true],["et",525]],"dailyRewards":[["et",71],["devil_treasure",1]],"props":{}}},
{"id":"devil_city:32","key":32,"value":{"bossId":610032,"levelLimit":10,"recommendBp":505,"rewards":[["item",206020102,4,true],["et",540]],"dailyRewards":[["et",72],["devil_treasure",1]],"props":{}}},
{"id":"devil_city:33","key":33,"value":{"bossId":610033,"levelLimit":10,"recommendBp":508,"rewards":[["item",206020102,4,true],["et",555]],"dailyRewards":[["et",74],["devil_treasure",1]],"props":{}}},
{"id":"devil_city:34","key":34,"value":{"bossId":610034,"levelLimit":10,"recommendBp":522,"rewards":[["item",206020102,4,true],["et",570]],"dailyRewards":[["et",76],["devil_treasure",1]],"props":{}}},
{"id":"devil_city:35","key":35,"value":{"bossId":610035,"levelLimit":10,"recommendBp":523,"rewards":[["item",206020102,4,true],["item",206020103,2,true],["et",585]],"dailyRewards":[["et",78],["devil_treasure",1]],"props":{}}},
{"id":"devil_city:36","key":36,"value":{"bossId":610036,"levelLimit":10,"recommendBp":526,"rewards":[["item",206020103,1,true],["et",600]],"dailyRewards":[["et",80],["devil_treasure",1]],"props":{}}},
{"id":"devil_city:37","key":37,"value":{"bossId":610037,"levelLimit":10,"recommendBp":551,"rewards":[["item",206020103,1,true],["et",615]],"dailyRewards":[["et",81],["devil_treasure",1]],"props":{}}},
{"id":"devil_city:38","key":38,"value":{"bossId":610038,"levelLimit":10,"recommendBp":557,"rewards":[["item",206020103,1,true],["et",630]],"dailyRewards":[["et",83],["devil_treasure",1]],"props":{}}},
{"id":"devil_city:39","key":39,"value":{"bossId":610039,"levelLimit":10,"recommendBp":561,"rewards":[["item",206020103,1,true],["et",645]],"dailyRewards":[["et",85],["devil_treasure",1]],"props":{}}},
{"id":"devil_city:40","key":40,"value":{"bossId":610040,"levelLimit":10,"recommendBp":630,"rewards":[["item",206020103,1,true],["item",206020104,2,true],["et",660]],"dailyRewards":[["et",87],["devil_treasure",1]],"props":{}}},
{"id":"devil_city:41","key":41,"value":{"bossId":610041,"levelLimit":10,"recommendBp":631,"rewards":[["item",206020103,2,true],["et",675]],"dailyRewards":[["et",89],["devil_treasure",1]],"props":{}}},
{"id":"devil_city:42","key":42,"value":{"bossId":610042,"levelLimit":10,"recommendBp":634,"rewards":[["item",206020103,2,true],["et",690]],"dailyRewards":[["et",91],["devil_treasure",1]],"props":{}}},
{"id":"devil_city:43","key":43,"value":{"bossId":610043,"levelLimit":10,"recommendBp":636,"rewards":[["item",206020103,2,true],["et",705]],"dailyRewards":[["et",93],["devil_treasure",1]],"props":{}}},
{"id":"devil_city:44","key":44,"value":{"bossId":610044,"levelLimit":10,"recommendBp":636,"rewards":[["item",206020103,2,true],["et",720]],"dailyRewards":[["et",95],["devil_treasure",1]],"props":{}}},
{"id":"devil_city:45","key":45,"value":{"bossId":610045,"levelLimit":10,"recommendBp":643,"rewards":[["item",206020103,2,true],["item",206020104,2,true],["et",735]],"dailyRewards":[["et",97],["devil_treasure",1]],"props":{}}},
{"id":"devil_city:46","key":46,"value":{"bossId":610046,"levelLimit":10,"recommendBp":650,"rewards":[["item",206020103,3,true],["et",750]],"dailyRewards":[["et",99],["devil_treasure",1]],"props":{}}},
{"id":"devil_city:47","key":47,"value":{"bossId":610047,"levelLimit":10,"recommendBp":662,"rewards":[["item",206020103,3,true],["et",765]],"dailyRewards":[["et",101],["devil_treasure",1]],"props":{}}},
{"id":"devil_city:48","key":48,"value":{"bossId":610048,"levelLimit":10,"recommendBp":665,"rewards":[["item",206020103,3,true],["et",780]],"dailyRewards":[["et",103],["devil_treasure",1]],"props":{}}},
{"id":"devil_city:49","key":49,"value":{"bossId":610049,"levelLimit":10,"recommendBp":683,"rewards":[["item",206020103,3,true],["et",795]],"dailyRewards":[["et",105],["devil_treasure",1]],"props":{}}},
{"id":"devil_city:50","key":50,"value":{"bossId":610050,"levelLimit":10,"recommendBp":690,"rewards":[["item",206020103,3,true],["item",206020104,2,true],["et",810]],"dailyRewards":[["et",107],["devil_treasure",1]],"props":{}}},
{"id":"devil_city:51","key":51,"value":{"bossId":610051,"levelLimit":10,"recommendBp":694,"rewards":[["item",206020103,4,true],["et",825]],"dailyRewards":[["et",109],["devil_treasure",1]],"props":{}}},
{"id":"devil_city:52","key":52,"value":{"bossId":610052,"levelLimit":10,"recommendBp":698,"rewards":[["item",206020103,4,true],["et",840]],"dailyRewards":[["et",111],["devil_treasure",1]],"props":{}}},
{"id":"devil_city:53","key":53,"value":{"bossId":610053,"levelLimit":10,"recommendBp":719,"rewards":[["item",206020103,4,true],["et",855]],"dailyRewards":[["et",113],["devil_treasure",1]],"props":{}}},
{"id":"devil_city:54","key":54,"value":{"bossId":610054,"levelLimit":10,"recommendBp":721,"rewards":[["item",206020103,4,true],["et",870]],"dailyRewards":[["et",116],["devil_treasure",1]],"props":{}}},
{"id":"devil_city:55","key":55,"value":{"bossId":610055,"levelLimit":10,"recommendBp":723,"rewards":[["item",206020103,4,true],["item",206020104,2,true],["et",885]],"dailyRewards":[["et",118],["devil_treasure",1]],"props":{}}},
{"id":"devil_city:56","key":56,"value":{"bossId":610056,"levelLimit":10,"recommendBp":724,"rewards":[["item",206020104,1,true],["et",900]],"dailyRewards":[["et",120],["devil_treasure",1]],"props":{}}},
{"id":"devil_city:57","key":57,"value":{"bossId":610057,"levelLimit":10,"recommendBp":726,"rewards":[["item",206020104,1,true],["et",915]],"dailyRewards":[["et",122],["devil_treasure",1]],"props":{}}},
{"id":"devil_city:58","key":58,"value":{"bossId":610058,"levelLimit":10,"recommendBp":736,"rewards":[["item",206020104,1,true],["et",930]],"dailyRewards":[["et",124],["devil_treasure",1]],"props":{}}},
{"id":"devil_city:59","key":59,"value":{"bossId":610059,"levelLimit":10,"recommendBp":745,"rewards":[["item",206020104,1,true],["et",945]],"dailyRewards":[["et",127],["devil_treasure",1]],"props":{}}},
{"id":"devil_city:60","key":60,"value":{"bossId":610060,"levelLimit":10,"recommendBp":824,"rewards":[["item",206020104,1,true],["item",206020105,2,true],["et",960]],"dailyRewards":[["et",129],["devil_treasure",1]],"props":{}}},
{"id":"devil_city:61","key":61,"value":{"bossId":610061,"levelLimit":10,"recommendBp":825,"rewards":[["item",206020104,2,true],["et",975]],"dailyRewards":[["et",131],["devil_treasure",1]],"props":{}}},
{"id":"devil_city:62","key":62,"value":{"bossId":610062,"levelLimit":10,"recommendBp":826,"rewards":[["item",206020104,2,true],["et",990]],"dailyRewards":[["et",134],["devil_treasure",1]],"props":{}}},
{"id":"devil_city:63","key":63,"value":{"bossId":610063,"levelLimit":10,"recommendBp":830,"rewards":[["item",206020104,2,true],["et",1005]],"dailyRewards":[["et",136],["devil_treasure",1]],"props":{}}},
{"id":"devil_city:64","key":64,"value":{"bossId":610064,"levelLimit":10,"recommendBp":862,"rewards":[["item",206020104,2,true],["et",1020]],"dailyRewards":[["et",138],["devil_treasure",1]],"props":{}}},
{"id":"devil_city:65","key":65,"value":{"bossId":610065,"levelLimit":10,"recommendBp":870,"rewards":[["item",206020104,2,true],["item",206020105,2,true],["et",1035]],"dailyRewards":[["et",141],["devil_treasure",1]],"props":{}}},
{"id":"devil_city:66","key":66,"value":{"bossId":610066,"levelLimit":10,"recommendBp":874,"rewards":[["item",206020104,3,true],["et",1050]],"dailyRewards":[["et",143],["devil_treasure",1]],"props":{}}},
{"id":"devil_city:67","key":67,"value":{"bossId":610067,"levelLimit":10,"recommendBp":897,"rewards":[["item",206020104,3,true],["et",1065]],"dailyRewards":[["et",146],["devil_treasure",1]],"props":{}}},
{"id":"devil_city:68","key":68,"value":{"bossId":610068,"levelLimit":10,"recommendBp":899,"rewards":[["item",206020104,3,true],["et",1080]],"dailyRewards":[["et",148],["devil_treasure",1]],"props":{}}},
{"id":"devil_city:69","key":69,"value":{"bossId":610069,"levelLimit":10,"recommendBp":903,"rewards":[["item",206020104,3,true],["et",1095]],"dailyRewards":[["et",151],["devil_treasure",1]],"props":{}}},
{"id":"devil_city:70","key":70,"value":{"bossId":610070,"levelLimit":10,"recommendBp":917,"rewards":[["item",206020104,3,true],["item",206020105,2,true],["et",1110]],"dailyRewards":[["et",153],["devil_treasure",1]],"props":{}}},
{"id":"devil_city:71","key":71,"value":{"bossId":610071,"levelLimit":10,"recommendBp":921,"rewards":[["item",206020104,4,true],["et",1125]],"dailyRewards":[["et",156],["devil_treasure",1]],"props":{}}},
{"id":"devil_city:72","key":72,"value":{"bossId":610072,"levelLimit":10,"recommendBp":925,"rewards":[["item",206020104,4,true],["et",1140]],"dailyRewards":[["et",158],["devil_treasure",1]],"props":{}}},
{"id":"devil_city:73","key":73,"value":{"bossId":610073,"levelLimit":10,"recommendBp":929,"rewards":[["item",206020104,4,true],["et",1155]],"dailyRewards":[["et",161],["devil_treasure",1]],"props":{}}},
{"id":"devil_city:74","key":74,"value":{"bossId":610074,"levelLimit":10,"recommendBp":940,"rewards":[["item",206020104,4,true],["et",1170]],"dailyRewards":[["et",163],["devil_treasure",1]],"props":{}}},
{"id":"devil_city:75","key":75,"value":{"bossId":610075,"levelLimit":10,"recommendBp":948,"rewards":[["item",206020104,4,true],["item",206020105,2,true],["et",1185]],"dailyRewards":[["et",166],["devil_treasure",1]],"props":{}}},
{"id":"devil_city:76","key":76,"value":{"bossId":610076,"levelLimit":10,"recommendBp":952,"rewards":[["item",206020105,1,true],["et",1200]],"dailyRewards":[["et",168],["devil_treasure",1]],"props":{}}},
{"id":"devil_city:77","key":77,"value":{"bossId":610077,"levelLimit":10,"recommendBp":968,"rewards":[["item",206020105,1,true],["et",1215]],"dailyRewards":[["et",171],["devil_treasure",1]],"props":{}}},
{"id":"devil_city:78","key":78,"value":{"bossId":610078,"levelLimit":10,"recommendBp":972,"rewards":[["item",206020105,1,true],["et",1230]],"dailyRewards":[["et",174],["devil_treasure",1]],"props":{}}},
{"id":"devil_city:79","key":79,"value":{"bossId":610079,"levelLimit":10,"recommendBp":982,"rewards":[["item",206020105,1,true],["et",1245]],"dailyRewards":[["et",176],["devil_treasure",1]],"props":{}}},
{"id":"devil_city:80","key":80,"value":{"bossId":610080,"levelLimit":10,"recommendBp":1090,"rewards":[["item",206020105,1,true],["item",206020106,2,true],["et",1260]],"dailyRewards":[["et",179],["devil_treasure",1]],"props":{}}},
{"id":"devil_city:81","key":81,"value":{"bossId":610081,"levelLimit":10,"recommendBp":1091,"rewards":[["item",206020105,2,true],["et",1275]],"dailyRewards":[["et",182],["devil_treasure",1]],"props":{}}},
{"id":"devil_city:82","key":82,"value":{"bossId":610082,"levelLimit":10,"recommendBp":1092,"rewards":[["item",206020105,2,true],["et",1290]],"dailyRewards":[["et",184],["devil_treasure",1]],"props":{}}},
{"id":"devil_city:83","key":83,"value":{"bossId":610083,"levelLimit":10,"recommendBp":1087,"rewards":[["item",206020105,2,true],["et",1305]],"dailyRewards":[["et",187],["devil_treasure",1]],"props":{}}},
{"id":"devil_city:84","key":84,"value":{"bossId":610084,"levelLimit":10,"recommendBp":1095,"rewards":[["item",206020105,2,true],["et",1320]],"dailyRewards":[["et",190],["devil_treasure",1]],"props":{}}},
{"id":"devil_city:85","key":85,"value":{"bossId":610085,"levelLimit":10,"recommendBp":1125,"rewards":[["item",206020105,2,true],["item",206020106,2,true],["et",1335]],"dailyRewards":[["et",193],["devil_treasure",1]],"props":{}}},
{"id":"devil_city:86","key":86,"value":{"bossId":610086,"levelLimit":10,"recommendBp":1136,"rewards":[["item",206020105,3,true],["et",1350]],"dailyRewards":[["et",196],["devil_treasure",1]],"props":{}}},
{"id":"devil_city:87","key":87,"value":{"bossId":610087,"levelLimit":10,"recommendBp":1147,"rewards":[["item",206020105,3,true],["et",1365]],"dailyRewards":[["et",198],["devil_treasure",1]],"props":{}}},
{"id":"devil_city:88","key":88,"value":{"bossId":610088,"levelLimit":10,"recommendBp":1184,"rewards":[["item",206020105,3,true],["et",1380]],"dailyRewards":[["et",201],["devil_treasure",1]],"props":{}}},
{"id":"devil_city:89","key":89,"value":{"bossId":610089,"levelLimit":10,"recommendBp":1194,"rewards":[["item",206020105,3,true],["et",1395]],"dailyRewards":[["et",204],["devil_treasure",1]],"props":{}}},
{"id":"devil_city:90","key":90,"value":{"bossId":610090,"levelLimit":10,"recommendBp":1222,"rewards":[["item",206020105,3,true],["item",206020106,2,true],["et",1410]],"dailyRewards":[["et",207],["devil_treasure",1]],"props":{}}},
{"id":"devil_city:91","key":91,"value":{"bossId":610091,"levelLimit":10,"recommendBp":1230,"rewards":[["item",206020105,4,true],["et",1425]],"dailyRewards":[["et",210],["devil_treasure",1]],"props":{}}},
{"id":"devil_city:92","key":92,"value":{"bossId":610092,"levelLimit":10,"recommendBp":1239,"rewards":[["item",206020105,4,true],["et",1440]],"dailyRewards":[["et",213],["devil_treasure",1]],"props":{}}},
{"id":"devil_city:93","key":93,"value":{"bossId":610093,"levelLimit":10,"recommendBp":1256,"rewards":[["item",206020105,4,true],["et",1455]],"dailyRewards":[["et",216],["devil_treasure",1]],"props":{}}},
{"id":"devil_city:94","key":94,"value":{"bossId":610094,"levelLimit":10,"recommendBp":1266,"rewards":[["item",206020105,4,true],["et",1470]],"dailyRewards":[["et",219],["devil_treasure",1]],"props":{}}},
{"id":"devil_city:95","key":95,"value":{"bossId":610095,"levelLimit":10,"recommendBp":1381,"rewards":[["item",206020105,4,true],["item",206020106,2,true],["et",1485]],"dailyRewards":[["et",222],["devil_treasure",1]],"props":{}}},
{"id":"devil_city:96","key":96,"value":{"bossId":610096,"levelLimit":10,"recommendBp":1395,"rewards":[["item",206020106,1,true],["et",1500]],"dailyRewards":[["et",225],["devil_treasure",1]],"props":{}}},
{"id":"devil_city:97","key":97,"value":{"bossId":610097,"levelLimit":10,"recommendBp":1411,"rewards":[["item",206020106,1,true],["et",1515]],"dailyRewards":[["et",228],["devil_treasure",1]],"props":{}}},
{"id":"devil_city:98","key":98,"value":{"bossId":610098,"levelLimit":10,"recommendBp":1457,"rewards":[["item",206020106,1,true],["et",1530]],"dailyRewards":[["et",231],["devil_treasure",1]],"props":{}}},
{"id":"devil_city:99","key":99,"value":{"bossId":610099,"levelLimit":10,"recommendBp":1467,"rewards":[["item",206020106,1,true],["et",1545]],"dailyRewards":[["et",234],["devil_treasure",1]],"props":{}}},
{"id":"devil_city:100","key":100,"value":{"bossId":610100,"levelLimit":10,"recommendBp":1531,"rewards":[["item",206020106,1,true],["item",206020107,2,true],["et",1560]],"dailyRewards":[["et",237],["devil_treasure",1]],"props":{}}},
{"id":"devil_city:101","key":101,"value":{"bossId":610101,"levelLimit":10,"recommendBp":1539,"rewards":[["item",206020106,2,true],["et",1575]],"dailyRewards":[["et",240],["devil_treasure",1]],"props":{}}},
{"id":"devil_city:102","key":102,"value":{"bossId":610102,"levelLimit":10,"recommendBp":1552,"rewards":[["item",206020106,2,true],["et",1590]],"dailyRewards":[["et",243],["devil_treasure",1]],"props":{}}},
{"id":"devil_city:103","key":103,"value":{"bossId":610103,"levelLimit":10,"recommendBp":1568,"rewards":[["item",206020106,2,true],["et",1605]],"dailyRewards":[["et",246],["devil_treasure",1]],"props":{}}},
{"id":"devil_city:104","key":104,"value":{"bossId":610104,"levelLimit":10,"recommendBp":1578,"rewards":[["item",206020106,2,true],["et",1620]],"dailyRewards":[["et",250],["devil_treasure",1]],"props":{}}},
{"id":"devil_city:105","key":105,"value":{"bossId":610105,"levelLimit":10,"recommendBp":1591,"rewards":[["item",206020106,2,true],["item",206020107,2,true],["et",1635]],"dailyRewards":[["et",253],["devil_treasure",1]],"props":{}}},
{"id":"devil_city:106","key":106,"value":{"bossId":610106,"levelLimit":10,"recommendBp":1601,"rewards":[["item",206020106,3,true],["et",1650]],"dailyRewards":[["et",256],["devil_treasure",1]],"props":{}}},
{"id":"devil_city:107","key":107,"value":{"bossId":610107,"levelLimit":10,"recommendBp":1611,"rewards":[["item",206020106,3,true],["et",1665]],"dailyRewards":[["et",259],["devil_treasure",1]],"props":{}}},
{"id":"devil_city:108","key":108,"value":{"bossId":610108,"levelLimit":10,"recommendBp":1638,"rewards":[["item",206020106,3,true],["et",1680]],"dailyRewards":[["et",262],["devil_treasure",1]],"props":{}}},
{"id":"devil_city:109","key":109,"value":{"bossId":610109,"levelLimit":10,"recommendBp":1648,"rewards":[["item",206020106,3,true],["et",1695]],"dailyRewards":[["et",266],["devil_treasure",1]],"props":{}}},
{"id":"devil_city:110","key":110,"value":{"bossId":610110,"levelLimit":10,"recommendBp":1758,"rewards":[["item",206020106,3,true],["item",206020107,2,true],["et",1710]],"dailyRewards":[["et",269],["devil_treasure",1]],"props":{}}},
{"id":"devil_city:111","key":111,"value":{"bossId":610111,"levelLimit":10,"recommendBp":1773,"rewards":[["item",206020106,4,true],["et",1725]],"dailyRewards":[["et",272],["devil_treasure",1]],"props":{}}},
{"id":"devil_city:112","key":112,"value":{"bossId":610112,"levelLimit":10,"recommendBp":1789,"rewards":[["item",206020106,4,true],["et",1740]],"dailyRewards":[["et",276],["devil_treasure",1]],"props":{}}},
{"id":"devil_city:113","key":113,"value":{"bossId":610113,"levelLimit":10,"recommendBp":1792,"rewards":[["item",206020106,4,true],["et",1755]],"dailyRewards":[["et",279],["devil_treasure",1]],"props":{}}},
{"id":"devil_city:114","key":114,"value":{"bossId":610114,"levelLimit":10,"recommendBp":1807,"rewards":[["item",206020106,4,true],["et",1770]],"dailyRewards":[["et",282],["devil_treasure",1]],"props":{}}},
{"id":"devil_city:115","key":115,"value":{"bossId":610115,"levelLimit":10,"recommendBp":1832,"rewards":[["item",206020106,4,true],["item",206020107,2,true],["et",1785]],"dailyRewards":[["et",286],["devil_treasure",1]],"props":{}}},
{"id":"devil_city:116","key":116,"value":{"bossId":610116,"levelLimit":10,"recommendBp":1847,"rewards":[["item",206020107,1,true],["et",1800]],"dailyRewards":[["et",289],["devil_treasure",1]],"props":{}}},
{"id":"devil_city:117","key":117,"value":{"bossId":610117,"levelLimit":10,"recommendBp":1862,"rewards":[["item",206020107,1,true],["et",1815]],"dailyRewards":[["et",293],["devil_treasure",1]],"props":{}}},
{"id":"devil_city:118","key":118,"value":{"bossId":610118,"levelLimit":10,"recommendBp":1877,"rewards":[["item",206020107,1,true],["et",1830]],"dailyRewards":[["et",296],["devil_treasure",1]],"props":{}}},
{"id":"devil_city:119","key":119,"value":{"bossId":610119,"levelLimit":10,"recommendBp":1904,"rewards":[["item",206020107,1,true],["et",1845]],"dailyRewards":[["et",300],["devil_treasure",1]],"props":{}}},
{"id":"devil_city:120","key":120,"value":{"bossId":610120,"levelLimit":10,"recommendBp":1944,"rewards":[["item",206020107,1,true],["item",206020108,2,true],["et",1860]],"dailyRewards":[["et",303],["devil_treasure",1]],"props":{}}},
{"id":"devil_city:121","key":121,"value":{"bossId":610121,"levelLimit":10,"recommendBp":1953,"rewards":[["item",206020107,2,true],["et",1875]],"dailyRewards":[["et",307],["devil_treasure",1]],"props":{}}},
{"id":"devil_city:122","key":122,"value":{"bossId":610122,"levelLimit":10,"recommendBp":1964,"rewards":[["item",206020107,2,true],["et",1890]],"dailyRewards":[["et",310],["devil_treasure",1]],"props":{}}},
{"id":"devil_city:123","key":123,"value":{"bossId":610123,"levelLimit":10,"recommendBp":1983,"rewards":[["item",206020107,2,true],["et",1905]],"dailyRewards":[["et",314],["devil_treasure",1]],"props":{}}},
{"id":"devil_city:124","key":124,"value":{"bossId":610124,"levelLimit":10,"recommendBp":1993,"rewards":[["item",206020107,2,true],["et",1920]],"dailyRewards":[["et",317],["devil_treasure",1]],"props":{}}},
{"id":"devil_city:125","key":125,"value":{"bossId":610125,"levelLimit":10,"recommendBp":2220,"rewards":[["item",206020107,2,true],["item",206020108,2,true],["et",1935]],"dailyRewards":[["et",321],["devil_treasure",1]],"props":{}}},
{"id":"devil_city:126","key":126,"value":{"bossId":610126,"levelLimit":10,"recommendBp":2231,"rewards":[["item",206020107,3,true],["et",1950]],"dailyRewards":[["et",324],["devil_treasure",1]],"props":{}}},
{"id":"devil_city:127","key":127,"value":{"bossId":610127,"levelLimit":10,"recommendBp":2246,"rewards":[["item",206020107,3,true],["et",1965]],"dailyRewards":[["et",328],["devil_treasure",1]],"props":{}}},
{"id":"devil_city:128","key":128,"value":{"bossId":610128,"levelLimit":10,"recommendBp":2273,"rewards":[["item",206020107,3,true],["et",1980]],"dailyRewards":[["et",332],["devil_treasure",1]],"props":{}}},
{"id":"devil_city:129","key":129,"value":{"bossId":610129,"levelLimit":10,"recommendBp":2288,"rewards":[["item",206020107,3,true],["et",1995]],"dailyRewards":[["et",335],["devil_treasure",1]],"props":{}}},
{"id":"devil_city:130","key":130,"value":{"bossId":610130,"levelLimit":10,"recommendBp":2311,"rewards":[["item",206020107,3,true],["item",206020108,2,true],["et",2010]],"dailyRewards":[["et",339],["devil_treasure",1]],"props":{}}},
{"id":"devil_city:131","key":131,"value":{"bossId":610131,"levelLimit":10,"recommendBp":2320,"rewards":[["item",206020107,4,true],["et",2025]],"dailyRewards":[["et",343],["devil_treasure",1]],"props":{}}},
{"id":"devil_city:132","key":132,"value":{"bossId":610132,"levelLimit":10,"recommendBp":2332,"rewards":[["item",206020107,4,true],["et",2040]],"dailyRewards":[["et",346],["devil_treasure",1]],"props":{}}},
{"id":"devil_city:133","key":133,"value":{"bossId":610133,"levelLimit":10,"recommendBp":2357,"rewards":[["item",206020107,4,true],["et",2055]],"dailyRewards":[["et",350],["devil_treasure",1]],"props":{}}},
{"id":"devil_city:134","key":134,"value":{"bossId":610134,"levelLimit":10,"recommendBp":2367,"rewards":[["item",206020107,4,true],["et",2070]],"dailyRewards":[["et",354],["devil_treasure",1]],"props":{}}},
{"id":"devil_city:135","key":135,"value":{"bossId":610135,"levelLimit":10,"recommendBp":2379,"rewards":[["item",206020107,4,true],["item",206020108,2,true],["et",2085]],"dailyRewards":[["et",358],["devil_treasure",1]],"props":{}}},
{"id":"devil_city:136","key":136,"value":{"bossId":610136,"levelLimit":10,"recommendBp":2387,"rewards":[["item",206020108,1,true],["et",2100]],"dailyRewards":[["et",362],["devil_treasure",1]],"props":{}}},
{"id":"devil_city:137","key":137,"value":{"bossId":610137,"levelLimit":10,"recommendBp":2391,"rewards":[["item",206020108,1,true],["et",2115]],"dailyRewards":[["et",365],["devil_treasure",1]],"props":{}}},
{"id":"devil_city:138","key":138,"value":{"bossId":610138,"levelLimit":10,"recommendBp":2410,"rewards":[["item",206020108,1,true],["et",2130]],"dailyRewards":[["et",369],["devil_treasure",1]],"props":{}}},
{"id":"devil_city:139","key":139,"value":{"bossId":610139,"levelLimit":10,"recommendBp":2420,"rewards":[["item",206020108,1,true],["et",2145]],"dailyRewards":[["et",373],["devil_treasure",1]],"props":{}}},
{"id":"devil_city:140","key":140,"value":{"bossId":610140,"levelLimit":10,"recommendBp":2506,"rewards":[["item",206020108,1,true],["item",206020109,2,true],["et",2160]],"dailyRewards":[["et",377],["devil_treasure",1]],"props":{}}},
{"id":"devil_city:141","key":141,"value":{"bossId":610141,"levelLimit":10,"recommendBp":2534,"rewards":[["item",206020108,2,true],["et",2175]],"dailyRewards":[["et",381],["devil_treasure",1]],"props":{}}},
{"id":"devil_city:142","key":142,"value":{"bossId":610142,"levelLimit":10,"recommendBp":2554,"rewards":[["item",206020108,2,true],["et",2190]],"dailyRewards":[["et",385],["devil_treasure",1]],"props":{}}},
{"id":"devil_city:143","key":143,"value":{"bossId":610143,"levelLimit":10,"recommendBp":2568,"rewards":[["item",206020108,2,true],["et",2205]],"dailyRewards":[["et",389],["devil_treasure",1]],"props":{}}},
{"id":"devil_city:144","key":144,"value":{"bossId":610144,"levelLimit":10,"recommendBp":2659,"rewards":[["item",206020108,2,true],["et",2220]],"dailyRewards":[["et",393],["devil_treasure",1]],"props":{}}},
{"id":"devil_city:145","key":145,"value":{"bossId":610145,"levelLimit":10,"recommendBp":2694,"rewards":[["item",206020108,2,true],["item",206020109,2,true],["et",2235]],"dailyRewards":[["et",397],["devil_treasure",1]],"props":{}}},
{"id":"devil_city:146","key":146,"value":{"bossId":610146,"levelLimit":10,"recommendBp":2716,"rewards":[["item",206020108,3,true],["et",2250]],"dailyRewards":[["et",401],["devil_treasure",1]],"props":{}}},
{"id":"devil_city:147","key":147,"value":{"bossId":610147,"levelLimit":10,"recommendBp":2802,"rewards":[["item",206020108,3,true],["et",2265]],"dailyRewards":[["et",405],["devil_treasure",1]],"props":{}}},
{"id":"devil_city:148","key":148,"value":{"bossId":610148,"levelLimit":10,"recommendBp":2816,"rewards":[["item",206020108,3,true],["et",2280]],"dailyRewards":[["et",409],["devil_treasure",1]],"props":{}}},
{"id":"devil_city:149","key":149,"value":{"bossId":610149,"levelLimit":10,"recommendBp":2860,"rewards":[["item",206020108,3,true],["et",2295]],"dailyRewards":[["et",413],["devil_treasure",1]],"props":{}}},
{"id":"devil_city:150","key":150,"value":{"bossId":610150,"levelLimit":10,"recommendBp":2867,"rewards":[["item",206020108,3,true],["item",206020109,2,true],["et",2310]],"dailyRewards":[["et",417],["devil_treasure",1]],"props":{}}},
{"id":"devil_city:151","key":151,"value":{"bossId":610151,"levelLimit":10,"recommendBp":2963,"rewards":[["item",206020108,4,true],["et",2325]],"dailyRewards":[["et",421]],"props":{}}},
{"id":"devil_city:152","key":152,"value":{"bossId":610152,"levelLimit":10,"recommendBp":2978,"rewards":[["item",206020108,4,true],["et",2340]],"dailyRewards":[["et",425]],"props":{}}},
{"id":"devil_city:153","key":153,"value":{"bossId":610153,"levelLimit":10,"recommendBp":3016,"rewards":[["item",206020108,4,true],["et",2355]],"dailyRewards":[["et",429]],"props":{}}},
{"id":"devil_city:154","key":154,"value":{"bossId":610154,"levelLimit":10,"recommendBp":3023,"rewards":[["item",206020108,4,true],["et",2370]],"dailyRewards":[["et",434]],"props":{}}},
{"id":"devil_city:155","key":155,"value":{"bossId":610155,"levelLimit":10,"recommendBp":3122,"rewards":[["item",206020108,4,true],["item",206020109,2,true],["et",2385]],"dailyRewards":[["et",438]],"props":{}}},
{"id":"devil_city:156","key":156,"value":{"bossId":610156,"levelLimit":10,"recommendBp":3137,"rewards":[["item",206020109,1,true],["et",2400]],"dailyRewards":[["et",442]],"props":{}}},
{"id":"devil_city:157","key":157,"value":{"bossId":610157,"levelLimit":10,"recommendBp":3175,"rewards":[["item",206020109,1,true],["et",2415]],"dailyRewards":[["et",446]],"props":{}}},
{"id":"devil_city:158","key":158,"value":{"bossId":610158,"levelLimit":10,"recommendBp":3183,"rewards":[["item",206020109,1,true],["et",2430]],"dailyRewards":[["et",450]],"props":{}}},
{"id":"devil_city:159","key":159,"value":{"bossId":610159,"levelLimit":10,"recommendBp":3284,"rewards":[["item",206020109,1,true],["et",2445]],"dailyRewards":[["et",455]],"props":{}}},
{"id":"devil_city:160","key":160,"value":{"bossId":610160,"levelLimit":10,"recommendBp":3300,"rewards":[["item",206020109,1,true],["item",206020110,2,true],["et",2460]],"dailyRewards":[["et",459]],"props":{}}},
{"id":"devil_city:161","key":161,"value":{"bossId":610161,"levelLimit":10,"recommendBp":3339,"rewards":[["item",206020109,2,true],["et",2475]],"dailyRewards":[["et",463]],"props":{}}},
{"id":"devil_city:162","key":162,"value":{"bossId":610162,"levelLimit":10,"recommendBp":3347,"rewards":[["item",206020109,2,true],["et",2490]],"dailyRewards":[["et",468]],"props":{}}},
{"id":"devil_city:163","key":163,"value":{"bossId":610163,"levelLimit":10,"recommendBp":3443,"rewards":[["item",206020109,2,true],["et",2505]],"dailyRewards":[["et",472]],"props":{}}},
{"id":"devil_city:164","key":164,"value":{"bossId":610164,"levelLimit":10,"recommendBp":3459,"rewards":[["item",206020109,2,true],["et",2520]],"dailyRewards":[["et",476]],"props":{}}},
{"id":"devil_city:165","key":165,"value":{"bossId":610165,"levelLimit":10,"recommendBp":3499,"rewards":[["item",206020109,2,true],["item",206020110,2,true],["et",2535]],"dailyRewards":[["et",481]],"props":{}}},
{"id":"devil_city:166","key":166,"value":{"bossId":610166,"levelLimit":10,"recommendBp":3508,"rewards":[["item",206020109,3,true],["et",2550]],"dailyRewards":[["et",485]],"props":{}}},
{"id":"devil_city:167","key":167,"value":{"bossId":610167,"levelLimit":10,"recommendBp":3516,"rewards":[["item",206020109,3,true],["et",2565]],"dailyRewards":[["et",490]],"props":{}}},
{"id":"devil_city:168","key":168,"value":{"bossId":610168,"levelLimit":10,"recommendBp":3613,"rewards":[["item",206020109,3,true],["et",2580]],"dailyRewards":[["et",494]],"props":{}}},
{"id":"devil_city:169","key":169,"value":{"bossId":610169,"levelLimit":10,"recommendBp":3655,"rewards":[["item",206020109,3,true],["et",2595]],"dailyRewards":[["et",499]],"props":{}}},
{"id":"devil_city:170","key":170,"value":{"bossId":610170,"levelLimit":10,"recommendBp":3671,"rewards":[["item",206020109,3,true],["item",206020110,2,true],["et",2610]],"dailyRewards":[["et",503]],"props":{}}},
{"id":"devil_city:171","key":171,"value":{"bossId":610171,"levelLimit":10,"recommendBp":3688,"rewards":[["item",206020109,4,true],["et",2625]],"dailyRewards":[["et",508]],"props":{}}},
{"id":"devil_city:172","key":172,"value":{"bossId":610172,"levelLimit":10,"recommendBp":3797,"rewards":[["item",206020109,4,true],["et",2640]],"dailyRewards":[["et",512]],"props":{}}},
{"id":"devil_city:173","key":173,"value":{"bossId":610173,"levelLimit":10,"recommendBp":3814,"rewards":[["item",206020109,4,true],["et",2655]],"dailyRewards":[["et",517]],"props":{}}},
{"id":"devil_city:174","key":174,"value":{"bossId":610174,"levelLimit":10,"recommendBp":3856,"rewards":[["item",206020109,4,true],["et",2670]],"dailyRewards":[["et",521]],"props":{}}},
{"id":"devil_city:175","key":175,"value":{"bossId":610175,"levelLimit":10,"recommendBp":3865,"rewards":[["item",206020109,4,true],["item",206020110,2,true],["et",2685]],"dailyRewards":[["et",526]],"props":{}}},
{"id":"devil_city:176","key":176,"value":{"bossId":610176,"levelLimit":10,"recommendBp":3967,"rewards":[["item",206020110,5,true],["et",2700]],"dailyRewards":[["et",530]],"props":{}}},
{"id":"devil_city:177","key":177,"value":{"bossId":610177,"levelLimit":10,"recommendBp":3976,"rewards":[["item",206020110,5,true],["et",2715]],"dailyRewards":[["et",535]],"props":{}}},
{"id":"devil_city:178","key":178,"value":{"bossId":610178,"levelLimit":10,"recommendBp":4019,"rewards":[["item",206020110,5,true],["et",2730]],"dailyRewards":[["et",540]],"props":{}}},
{"id":"devil_city:179","key":179,"value":{"bossId":610179,"levelLimit":10,"recommendBp":4037,"rewards":[["item",206020110,5,true],["et",2745]],"dailyRewards":[["et",544]],"props":{}}},
{"id":"devil_city:180","key":180,"value":{"bossId":610180,"levelLimit":10,"recommendBp":4046,"rewards":[["item",206020110,5,true],["item",206020111,2,true],["et",2760]],"dailyRewards":[["et",549]],"props":{}}},
{"id":"devil_city:181","key":181,"value":{"bossId":610181,"levelLimit":10,"recommendBp":4159,"rewards":[["item",206020110,5,true],["et",2775]],"dailyRewards":[["et",554]],"props":{}}},
{"id":"devil_city:182","key":182,"value":{"bossId":610182,"levelLimit":10,"recommendBp":4177,"rewards":[["item",206020110,5,true],["et",2790]],"dailyRewards":[["et",558]],"props":{}}},
{"id":"devil_city:183","key":183,"value":{"bossId":610183,"levelLimit":10,"recommendBp":4213,"rewards":[["item",206020110,5,true],["et",2805]],"dailyRewards":[["et",563]],"props":{}}},
{"id":"devil_city:184","key":184,"value":{"bossId":610184,"levelLimit":10,"recommendBp":4222,"rewards":[["item",206020110,5,true],["et",2820]],"dailyRewards":[["et",568]],"props":{}}},
{"id":"devil_city:185","key":185,"value":{"bossId":610185,"levelLimit":10,"recommendBp":4231,"rewards":[["item",206020110,5,true],["item",206020111,2,true],["et",2835]],"dailyRewards":[["et",573]],"props":{}}},
{"id":"devil_city:186","key":186,"value":{"bossId":610186,"levelLimit":10,"recommendBp":4337,"rewards":[["item",206020110,5,true],["et",2850]],"dailyRewards":[["et",578]],"props":{}}},
{"id":"devil_city:187","key":187,"value":{"bossId":610187,"levelLimit":10,"recommendBp":4374,"rewards":[["item",206020110,5,true],["et",2865]],"dailyRewards":[["et",582]],"props":{}}},
{"id":"devil_city:188","key":188,"value":{"bossId":610188,"levelLimit":10,"recommendBp":4392,"rewards":[["item",206020110,5,true],["et",2880]],"dailyRewards":[["et",587]],"props":{}}},
{"id":"devil_city:189","key":189,"value":{"bossId":610189,"levelLimit":10,"recommendBp":4420,"rewards":[["item",206020110,5,true],["et",2895]],"dailyRewards":[["et",592]],"props":{}}},
{"id":"devil_city:190","key":190,"value":{"bossId":610190,"levelLimit":10,"recommendBp":4529,"rewards":[["item",206020110,5,true],["item",206020111,2,true],["et",2910]],"dailyRewards":[["et",597]],"props":{}}},
{"id":"devil_city:191","key":191,"value":{"bossId":610191,"levelLimit":10,"recommendBp":4538,"rewards":[["item",206020110,5,true],["et",2925]],"dailyRewards":[["et",602]],"props":{}}},
{"id":"devil_city:192","key":192,"value":{"bossId":610192,"levelLimit":10,"recommendBp":4576,"rewards":[["item",206020110,5,true],["et",2940]],"dailyRewards":[["et",607]],"props":{}}},
{"id":"devil_city:193","key":193,"value":{"bossId":610193,"levelLimit":10,"recommendBp":4585,"rewards":[["item",206020110,5,true],["et",2955]],"dailyRewards":[["et",612]],"props":{}}},
{"id":"devil_city:194","key":194,"value":{"bossId":610194,"levelLimit":10,"recommendBp":4604,"rewards":[["item",206020110,5,true],["et",2970]],"dailyRewards":[["et",617]],"props":{}}},
{"id":"devil_city:195","key":195,"value":{"bossId":610195,"levelLimit":10,"recommendBp":4613,"rewards":[["item",206020110,5,true],["item",206020111,2,true],["et",2985]],"dailyRewards":[["et",622]],"props":{}}},
{"id":"devil_city:196","key":196,"value":{"bossId":610196,"levelLimit":10,"recommendBp":4734,"rewards":[["item",206020110,5,true],["et",3000]],"dailyRewards":[["et",627]],"props":{}}},
{"id":"devil_city:197","key":197,"value":{"bossId":610197,"levelLimit":10,"recommendBp":4772,"rewards":[["item",206020110,5,true],["et",3015]],"dailyRewards":[["et",632]],"props":{}}},
{"id":"devil_city:198","key":198,"value":{"bossId":610198,"levelLimit":10,"recommendBp":4792,"rewards":[["item",206020110,5,true],["et",3030]],"dailyRewards":[["et",637]],"props":{}}},
{"id":"devil_city:199","key":199,"value":{"bossId":610199,"levelLimit":10,"recommendBp":4801,"rewards":[["item",206020110,5,true],["et",3045]],"dailyRewards":[["et",642]],"props":{}}},
{"id":"devil_city:200","key":200,"value":{"bossId":610200,"levelLimit":10,"recommendBp":4811,"rewards":[["item",206020110,5,true],["item",206020111,2,true],["et",3060]],"dailyRewards":[["et",647]],"props":{}}},
{"id":"devil_city:201","key":201,"value":{"bossId":610201,"levelLimit":10,"recommendBp":4934,"rewards":[["item",206020110,5,true],["et",3075]],"dailyRewards":[["et",652]],"props":{}}},
{"id":"devil_city:202","key":202,"value":{"bossId":610202,"levelLimit":10,"recommendBp":4973,"rewards":[["item",206020110,5,true],["et",3090]],"dailyRewards":[["et",657]],"props":{}}},
{"id":"devil_city:203","key":203,"value":{"bossId":610203,"levelLimit":10,"recommendBp":4983,"rewards":[["item",206020110,5,true],["et",3105]],"dailyRewards":[["et",662]],"props":{}}},
{"id":"devil_city:204","key":204,"value":{"bossId":610204,"levelLimit":10,"recommendBp":5003,"rewards":[["item",206020110,5,true],["et",3120]],"dailyRewards":[["et",668]],"props":{}}},
{"id":"devil_city:205","key":205,"value":{"bossId":610205,"levelLimit":10,"recommendBp":5012,"rewards":[["item",206020110,5,true],["item",206020111,2,true],["et",3135]],"dailyRewards":[["et",673]],"props":{}}},
{"id":"devil_city:206","key":206,"value":{"bossId":610206,"levelLimit":10,"recommendBp":5138,"rewards":[["item",206020110,5,true],["et",3150]],"dailyRewards":[["et",678]],"props":{}}},
{"id":"devil_city:207","key":207,"value":{"bossId":610207,"levelLimit":10,"recommendBp":5178,"rewards":[["item",206020110,5,true],["et",3165]],"dailyRewards":[["et",683]],"props":{}}},
{"id":"devil_city:208","key":208,"value":{"bossId":610208,"levelLimit":10,"recommendBp":5198,"rewards":[["item",206020110,5,true],["et",3180]],"dailyRewards":[["et",688]],"props":{}}},
{"id":"devil_city:209","key":209,"value":{"bossId":610209,"levelLimit":10,"recommendBp":5208,"rewards":[["item",206020110,5,true],["et",3195]],"dailyRewards":[["et",694]],"props":{}}},
{"id":"devil_city:210","key":210,"value":{"bossId":610210,"levelLimit":10,"recommendBp":5218,"rewards":[["item",206020110,5,true],["item",206020111,2,true],["et",3210]],"dailyRewards":[["et",699]],"props":{}}},
{"id":"devil_city:211","key":211,"value":{"bossId":610211,"levelLimit":10,"recommendBp":5336,"rewards":[["item",206020110,5,true],["et",3225]],"dailyRewards":[["et",704]],"props":{}}},
{"id":"devil_city:212","key":212,"value":{"bossId":610212,"levelLimit":10,"recommendBp":5377,"rewards":[["item",206020110,5,true],["et",3240]],"dailyRewards":[["et",710]],"props":{}}},
{"id":"devil_city:213","key":213,"value":{"bossId":610213,"levelLimit":10,"recommendBp":5418,"rewards":[["item",206020110,5,true],["et",3255]],"dailyRewards":[["et",715]],"props":{}}},
{"id":"devil_city:214","key":214,"value":{"bossId":610214,"levelLimit":10,"recommendBp":5428,"rewards":[["item",206020110,5,true],["et",3270]],"dailyRewards":[["et",720]],"props":{}}},
{"id":"devil_city:215","key":215,"value":{"bossId":610215,"levelLimit":10,"recommendBp":5549,"rewards":[["item",206020110,5,true],["item",206020111,2,true],["et",3285]],"dailyRewards":[["et",726]],"props":{}}},
{"id":"devil_city:216","key":216,"value":{"bossId":610216,"levelLimit":10,"recommendBp":5569,"rewards":[["item",206020110,5,true],["et",3300]],"dailyRewards":[["et",731]],"props":{}}},
{"id":"devil_city:217","key":217,"value":{"bossId":610217,"levelLimit":10,"recommendBp":5580,"rewards":[["item",206020110,5,true],["et",3315]],"dailyRewards":[["et",737]],"props":{}}},
{"id":"devil_city:218","key":218,"value":{"bossId":610218,"levelLimit":10,"recommendBp":5611,"rewards":[["item",206020110,5,true],["et",3330]],"dailyRewards":[["et",742]],"props":{}}},
{"id":"devil_city:219","key":219,"value":{"bossId":610219,"levelLimit":10,"recommendBp":5621,"rewards":[["item",206020110,5,true],["et",3345]],"dailyRewards":[["et",748]],"props":{}}},
{"id":"devil_city:220","key":220,"value":{"bossId":610220,"levelLimit":10,"recommendBp":5642,"rewards":[["item",206020110,5,true],["item",206020111,2,true],["et",3360]],"dailyRewards":[["et",753]],"props":{}}},
{"id":"devil_city:221","key":221,"value":{"bossId":610221,"levelLimit":10,"recommendBp":5765,"rewards":[["item",206020110,5,true],["et",3375]],"dailyRewards":[["et",759]],"props":{}}},
{"id":"devil_city:222","key":222,"value":{"bossId":610222,"levelLimit":10,"recommendBp":5776,"rewards":[["item",206020110,5,true],["et",3390]],"dailyRewards":[["et",764]],"props":{}}},
{"id":"devil_city:223","key":223,"value":{"bossId":610223,"levelLimit":10,"recommendBp":5818,"rewards":[["item",206020110,5,true],["et",3405]],"dailyRewards":[["et",770]],"props":{}}},
{"id":"devil_city:224","key":224,"value":{"bossId":610224,"levelLimit":10,"recommendBp":5850,"rewards":[["item",206020110,5,true],["et",3420]],"dailyRewards":[["et",775]],"props":{}}},
{"id":"devil_city:225","key":225,"value":{"bossId":610225,"levelLimit":10,"recommendBp":5861,"rewards":[["item",206020110,5,true],["item",206020111,2,true],["et",3435]],"dailyRewards":[["et",781]],"props":{}}},
{"id":"devil_city:226","key":226,"value":{"bossId":610226,"levelLimit":10,"recommendBp":5986,"rewards":[["item",206020110,5,true],["et",3450]],"dailyRewards":[["et",786]],"props":{}}},
{"id":"devil_city:227","key":227,"value":{"bossId":610227,"levelLimit":10,"recommendBp":5996,"rewards":[["item",206020110,5,true],["et",3465]],"dailyRewards":[["et",792]],"props":{}}},
{"id":"devil_city:228","key":228,"value":{"bossId":610228,"levelLimit":10,"recommendBp":6018,"rewards":[["item",206020110,5,true],["et",3480]],"dailyRewards":[["et",798]],"props":{}}},
{"id":"devil_city:229","key":229,"value":{"bossId":610229,"levelLimit":10,"recommendBp":6051,"rewards":[["item",206020110,5,true],["et",3495]],"dailyRewards":[["et",803]],"props":{}}},
{"id":"devil_city:230","key":230,"value":{"bossId":610230,"levelLimit":10,"recommendBp":6061,"rewards":[["item",206020110,5,true],["item",206020111,2,true],["et",3510]],"dailyRewards":[["et",809]],"props":{}}},
{"id":"devil_city:231","key":231,"value":{"bossId":610231,"levelLimit":10,"recommendBp":6072,"rewards":[["item",206020110,5,true],["et",3525]],"dailyRewards":[["et",815]],"props":{}}},
{"id":"devil_city:232","key":232,"value":{"bossId":610232,"levelLimit":10,"recommendBp":6083,"rewards":[["item",206020110,5,true],["et",3540]],"dailyRewards":[["et",820]],"props":{}}},
{"id":"devil_city:233","key":233,"value":{"bossId":610233,"levelLimit":10,"recommendBp":6210,"rewards":[["item",206020110,5,true],["et",3555]],"dailyRewards":[["et",826]],"props":{}}},
{"id":"devil_city:234","key":234,"value":{"bossId":610234,"levelLimit":10,"recommendBp":6254,"rewards":[["item",206020110,5,true],["et",3570]],"dailyRewards":[["et",832]],"props":{}}},
{"id":"devil_city:235","key":235,"value":{"bossId":610235,"levelLimit":10,"recommendBp":6288,"rewards":[["item",206020110,5,true],["item",206020111,2,true],["et",3585]],"dailyRewards":[["et",838]],"props":{}}},
{"id":"devil_city:236","key":236,"value":{"bossId":610236,"levelLimit":10,"recommendBp":6299,"rewards":[["item",206020110,5,true],["et",3600]],"dailyRewards":[["et",844]],"props":{}}},
{"id":"devil_city:237","key":237,"value":{"bossId":610237,"levelLimit":10,"recommendBp":6310,"rewards":[["item",206020110,5,true],["et",3615]],"dailyRewards":[["et",849]],"props":{}}},
{"id":"devil_city:238","key":238,"value":{"bossId":610238,"levelLimit":10,"recommendBp":6439,"rewards":[["item",206020110,5,true],["et",3630]],"dailyRewards":[["et",855]],"props":{}}},
{"id":"devil_city:239","key":239,"value":{"bossId":610239,"levelLimit":10,"recommendBp":6450,"rewards":[["item",206020110,5,true],["et",3645]],"dailyRewards":[["et",861]],"props":{}}},
{"id":"devil_city:240","key":240,"value":{"bossId":610240,"levelLimit":10,"recommendBp":6495,"rewards":[["item",206020110,5,true],["item",206020111,2,true],["et",3660]],"dailyRewards":[["et",867]],"props":{}}},
{"id":"devil_city:241","key":241,"value":{"bossId":610241,"levelLimit":10,"recommendBp":6529,"rewards":[["item",206020110,5,true],["et",3675]],"dailyRewards":[["et",873]],"props":{}}},
{"id":"devil_city:242","key":242,"value":{"bossId":610242,"levelLimit":10,"recommendBp":6541,"rewards":[["item",206020110,5,true],["et",3690]],"dailyRewards":[["et",879]],"props":{}}},
{"id":"devil_city:243","key":243,"value":{"bossId":610243,"levelLimit":10,"recommendBp":6672,"rewards":[["item",206020110,5,true],["et",3705]],"dailyRewards":[["et",885]],"props":{}}},
{"id":"devil_city:244","key":244,"value":{"bossId":610244,"levelLimit":10,"recommendBp":6684,"rewards":[["item",206020110,5,true],["et",3720]],"dailyRewards":[["et",891]],"props":{}}},
{"id":"devil_city:245","key":245,"value":{"bossId":610245,"levelLimit":10,"recommendBp":6695,"rewards":[["item",206020110,5,true],["item",206020111,2,true],["et",3735]],"dailyRewards":[["et",897]],"props":{}}},
{"id":"devil_city:246","key":246,"value":{"bossId":610246,"levelLimit":10,"recommendBp":6753,"rewards":[["item",206020110,5,true],["et",3750]],"dailyRewards":[["et",903]],"props":{}}},
{"id":"devil_city:247","key":247,"value":{"bossId":610247,"levelLimit":10,"recommendBp":6775,"rewards":[["item",206020110,5,true],["et",3765]],"dailyRewards":[["et",909]],"props":{}}},
{"id":"devil_city:248","key":248,"value":{"bossId":610248,"levelLimit":10,"recommendBp":6910,"rewards":[["item",206020110,5,true],["et",3780]],"dailyRewards":[["et",915]],"props":{}}},
{"id":"devil_city:249","key":249,"value":{"bossId":610249,"levelLimit":10,"recommendBp":6933,"rewards":[["item",206020110,5,true],["et",3795]],"dailyRewards":[["et",921]],"props":{}}},
{"id":"devil_city:250","key":250,"value":{"bossId":610250,"levelLimit":10,"recommendBp":6991,"rewards":[["item",206020110,5,true],["item",206020111,2,true],["et",3810]],"dailyRewards":[["et",927]],"props":{}}}
]}
