{"total_rows":4,"offset":0,"rows":[
{"id":"value_random","key":101,"value":{"10101":{"id":10101,"type":101,"value":8,"weight":50,"itemType":1,"itemId":206020102,"itemAmount":1,"description":"3星O型奇异兽蛋"},"10102":{"id":10102,"type":101,"value":12,"weight":50,"itemType":1,"itemId":206020103,"itemAmount":1,"description":"5星O型奇异兽蛋"},"10103":{"id":10103,"type":101,"value":28,"weight":100,"itemType":1,"itemId":206020104,"itemAmount":1,"description":"8星O型奇异兽蛋"},"10104":{"id":10104,"type":101,"value":38,"weight":100,"itemType":1,"itemId":206020105,"itemAmount":1,"description":"12星XO型奇异兽蛋"},"10105":{"id":10105,"type":101,"value":68,"weight":100,"itemType":1,"itemId":206020106,"itemAmount":1,"description":"16星XO型奇异兽蛋"},"10106":{"id":10106,"type":101,"value":88,"weight":100,"itemType":1,"itemId":206020107,"itemAmount":1,"description":"20星XO型奇异兽蛋"},"10107":{"id":10107,"type":101,"value":58,"weight":70,"itemType":1,"itemId":208030102,"itemAmount":1,"description":"2级兽灵圣水"},"10108":{"id":10108,"type":101,"value":98,"weight":70,"itemType":1,"itemId":208030103,"itemAmount":1,"description":"3级兽灵圣水"},"10109":{"id":10109,"type":101,"value":168,"weight":50,"itemType":1,"itemId":208030104,"itemAmount":1,"description":"4级兽灵圣水"},"10110":{"id":10110,"type":101,"value":10,"weight":50,"itemType":1,"itemId":208020601,"itemAmount":1,"description":"低级威望勋章"},"10111":{"id":10111,"type":101,"value":100,"weight":30,"itemType":1,"itemId":208020602,"itemAmount":1,"description":"高级威望勋章"},"10112":{"id":10112,"type":101,"value":50,"weight":30,"itemType":1,"itemId":208021102,"itemAmount":1,"description":"2倍经验药水"},"10113":{"id":10113,"type":101,"value":2000,"weight":15,"itemType":1,"itemId":206010503,"itemAmount":1,"description":"虚无神使·雷索"},"10114":{"id":10114,"type":101,"value":500,"weight":15,"itemType":1,"itemId":205990100,"itemAmount":1,"description":"宝石精华"},"10115":{"id":10115,"type":101,"value":500,"weight":10,"itemType":1,"itemId":208030401,"itemAmount":1,"description":"幻兽天赋石"}}},
{"id":"value_random","key":102,"value":{"10201":{"id":10201,"type":102,"value":8,"weight":50,"itemType":1,"itemId":206020102,"itemAmount":1,"description":"3星O型奇异兽蛋"},"10202":{"id":10202,"type":102,"value":12,"weight":50,"itemType":1,"itemId":206020103,"itemAmount":1,"description":"5星O型奇异兽蛋"},"10203":{"id":10203,"type":102,"value":28,"weight":100,"itemType":1,"itemId":206020104,"itemAmount":1,"description":"8星O型奇异兽蛋"},"10204":{"id":10204,"type":102,"value":38,"weight":100,"itemType":1,"itemId":206020105,"itemAmount":1,"description":"12星XO型奇异兽蛋"},"10205":{"id":10205,"type":102,"value":68,"weight":100,"itemType":1,"itemId":206020106,"itemAmount":1,"description":"16星XO型奇异兽蛋"},"10206":{"id":10206,"type":102,"value":88,"weight":100,"itemType":1,"itemId":206020107,"itemAmount":1,"description":"20星XO型奇异兽蛋"},"10207":{"id":10207,"type":102,"value":58,"weight":30,"itemType":1,"itemId":208030102,"itemAmount":1,"description":"2级兽灵圣水"},"10208":{"id":10208,"type":102,"value":98,"weight":30,"itemType":1,"itemId":208030103,"itemAmount":1,"description":"3级兽灵圣水"},"10209":{"id":10209,"type":102,"value":168,"weight":30,"itemType":1,"itemId":208030104,"itemAmount":1,"description":"4级兽灵圣水"},"10210":{"id":10210,"type":102,"value":10,"weight":30,"itemType":1,"itemId":208020601,"itemAmount":1,"description":"低级威望勋章"},"10211":{"id":10211,"type":102,"value":100,"weight":30,"itemType":1,"itemId":208020602,"itemAmount":1,"description":"高级威望勋章"},"10212":{"id":10212,"type":102,"value":50,"weight":30,"itemType":1,"itemId":208021102,"itemAmount":1,"description":"2倍经验药水"},"10213":{"id":10213,"type":102,"value":2000,"weight":15,"itemType":1,"itemId":206010503,"itemAmount":1,"description":"虚无神使·雷索"},"10214":{"id":10214,"type":102,"value":500,"weight":15,"itemType":1,"itemId":205990100,"itemAmount":1,"description":"宝石精华"},"10215":{"id":10215,"type":102,"value":500,"weight":10,"itemType":1,"itemId":208030401,"itemAmount":1,"description":"幻兽天赋石"}}},
{"id":"value_random","key":103,"value":{"10301":{"id":10301,"type":103,"value":8,"weight":50,"itemType":1,"itemId":206020102,"itemAmount":1,"description":"3星O型奇异兽蛋"},"10302":{"id":10302,"type":103,"value":12,"weight":50,"itemType":1,"itemId":206020103,"itemAmount":1,"description":"5星O型奇异兽蛋"},"10303":{"id":10303,"type":103,"value":28,"weight":100,"itemType":1,"itemId":206020104,"itemAmount":1,"description":"8星O型奇异兽蛋"},"10304":{"id":10304,"type":103,"value":38,"weight":100,"itemType":1,"itemId":206020105,"itemAmount":1,"description":"12星XO型奇异兽蛋"},"10305":{"id":10305,"type":103,"value":68,"weight":100,"itemType":1,"itemId":206020106,"itemAmount":1,"description":"16星XO型奇异兽蛋"},"10306":{"id":10306,"type":103,"value":88,"weight":100,"itemType":1,"itemId":206020107,"itemAmount":1,"description":"20星XO型奇异兽蛋"},"10307":{"id":10307,"type":103,"value":58,"weight":30,"itemType":1,"itemId":208030102,"itemAmount":1,"description":"2级兽灵圣水"},"10308":{"id":10308,"type":103,"value":98,"weight":30,"itemType":1,"itemId":208030103,"itemAmount":1,"description":"3级兽灵圣水"},"10309":{"id":10309,"type":103,"value":168,"weight":30,"itemType":1,"itemId":208030104,"itemAmount":1,"description":"4级兽灵圣水"},"10310":{"id":10310,"type":103,"value":10,"weight":30,"itemType":1,"itemId":208020601,"itemAmount":1,"description":"低级威望勋章"},"10311":{"id":10311,"type":103,"value":100,"weight":30,"itemType":1,"itemId":208020602,"itemAmount":1,"description":"高级威望勋章"},"10312":{"id":10312,"type":103,"value":50,"weight":30,"itemType":1,"itemId":208021102,"itemAmount":1,"description":"2倍经验药水"},"10313":{"id":10313,"type":103,"value":2000,"weight":15,"itemType":1,"itemId":206010503,"itemAmount":1,"description":"虚无神使·雷索"},"10314":{"id":10314,"type":103,"value":500,"weight":15,"itemType":1,"itemId":205990100,"itemAmount":1,"description":"宝石精华"},"10315":{"id":10315,"type":103,"value":500,"weight":10,"itemType":1,"itemId":208030401,"itemAmount":1,"description":"幻兽天赋石"}}},
{"id":"value_random","key":104,"value":{"10401":{"id":10401,"type":104,"value":8,"weight":50,"itemType":1,"itemId":206020102,"itemAmount":1,"description":"3星O型奇异兽蛋"},"10402":{"id":10402,"type":104,"value":12,"weight":50,"itemType":1,"itemId":206020103,"itemAmount":1,"description":"5星O型奇异兽蛋"},"10403":{"id":10403,"type":104,"value":28,"weight":100,"itemType":1,"itemId":206020104,"itemAmount":1,"description":"8星O型奇异兽蛋"},"10404":{"id":10404,"type":104,"value":38,"weight":100,"itemType":1,"itemId":206020105,"itemAmount":1,"description":"12星XO型奇异兽蛋"},"10405":{"id":10405,"type":104,"value":68,"weight":100,"itemType":1,"itemId":206020106,"itemAmount":1,"description":"16星XO型奇异兽蛋"},"10406":{"id":10406,"type":104,"value":88,"weight":100,"itemType":1,"itemId":206020107,"itemAmount":1,"description":"20星XO型奇异兽蛋"},"10407":{"id":10407,"type":104,"value":58,"weight":30,"itemType":1,"itemId":208030102,"itemAmount":1,"description":"2级兽灵圣水"},"10408":{"id":10408,"type":104,"value":98,"weight":30,"itemType":1,"itemId":208030103,"itemAmount":1,"description":"3级兽灵圣水"},"10409":{"id":10409,"type":104,"value":168,"weight":30,"itemType":1,"itemId":208030104,"itemAmount":1,"description":"4级兽灵圣水"},"10410":{"id":10410,"type":104,"value":10,"weight":30,"itemType":1,"itemId":208020601,"itemAmount":1,"description":"低级威望勋章"},"10411":{"id":10411,"type":104,"value":100,"weight":30,"itemType":1,"itemId":208020602,"itemAmount":1,"description":"高级威望勋章"},"10412":{"id":10412,"type":104,"value":50,"weight":30,"itemType":1,"itemId":208021102,"itemAmount":1,"description":"2倍经验药水"},"10413":{"id":10413,"type":104,"value":500,"weight":15,"itemType":1,"itemId":205990100,"itemAmount":1,"description":"宝石精华"},"10414":{"id":10414,"type":104,"value":500,"weight":10,"itemType":1,"itemId":208030401,"itemAmount":1,"description":"幻兽天赋石"}}}
]}
