{"total_rows":99,"offset":0,"rows":[
{"id":"shop_goods:10102","key":10102,"value":{"shop":101,"order":2,"itemId":206020103,"itemCounts":[500,500,500,500,500,500,500,500,500,500,500,500,500,500,500,500],"itemBind":true,"flags":0,"requiredLevel":0,"currencyType":3,"discount":10,"price":["ep",12],"isAddVipExp":true}},
{"id":"shop_goods:10103","key":10103,"value":{"shop":101,"order":3,"itemId":206020104,"itemCounts":[500,500,500,500,500,500,500,500,500,500,500,500,500,500,500,500],"itemBind":true,"flags":0,"requiredLevel":0,"currencyType":3,"discount":10,"price":["ep",28],"isAddVipExp":true}},
{"id":"shop_goods:10104","key":10104,"value":{"shop":101,"order":4,"itemId":206020105,"itemCounts":[500,500,500,500,500,500,500,500,500,500,500,500,500,500,500,500],"itemBind":true,"flags":0,"requiredLevel":0,"currencyType":3,"discount":10,"price":["ep",38],"isAddVipExp":true}},
{"id":"shop_goods:10105","key":10105,"value":{"shop":101,"order":5,"itemId":206020106,"itemCounts":[500,500,500,500,500,500,500,500,500,500,500,500,500,500,500,500],"itemBind":true,"flags":0,"requiredLevel":0,"currencyType":3,"discount":10,"price":["ep",68],"isAddVipExp":true}},
{"id":"shop_goods:10106","key":10106,"value":{"shop":101,"order":6,"itemId":206020107,"itemCounts":[500,500,500,500,500,500,500,500,500,500,500,500,500,500,500,500],"itemBind":true,"flags":0,"requiredLevel":0,"currencyType":3,"discount":10,"price":["ep",88],"isAddVipExp":true}},
{"id":"shop_goods:10107","key":10107,"value":{"shop":101,"order":7,"itemId":206020108,"itemCounts":[1000,1000,1000,1000,1000,1000,1000,1000,1000,1000,1000,1000,1000,1000,1000,1000],"itemBind":true,"flags":0,"requiredLevel":0,"currencyType":3,"discount":10,"price":["ep",108],"isAddVipExp":true}},
{"id":"shop_goods:10108","key":10108,"value":{"shop":101,"order":8,"itemId":206020109,"itemCounts":[1000,1000,1000,1000,1000,1000,1000,1000,1000,1000,1000,1000,1000,1000,1000,1000],"itemBind":true,"flags":0,"requiredLevel":0,"currencyType":3,"discount":10,"price":["ep",128],"isAddVipExp":true}},
{"id":"shop_goods:10109","key":10109,"value":{"shop":101,"order":9,"itemId":208030104,"itemCounts":[50,50,50,50,50,50,50,50,50,50,50,50,50,50,50,50],"itemBind":true,"flags":0,"requiredLevel":0,"currencyType":3,"discount":10,"price":["ep",168],"isAddVipExp":true}},
{"id":"shop_goods:10110","key":10110,"value":{"shop":101,"order":10,"itemId":208030105,"itemCounts":[50,50,50,50,50,50,50,50,50,50,50,50,50,50,50,50],"itemBind":true,"flags":0,"requiredLevel":0,"currencyType":3,"discount":10,"price":["ep",258],"isAddVipExp":true}},
{"id":"shop_goods:10111","key":10111,"value":{"shop":102,"order":18,"itemId":208030201,"itemCounts":[],"itemBind":true,"flags":0,"requiredLevel":0,"currencyType":3,"discount":10,"price":["ep",5],"isAddVipExp":true}},
{"id":"shop_goods:10201","key":10201,"value":{"shop":102,"order":17,"itemId":208010201,"itemCounts":[],"itemBind":true,"flags":0,"requiredLevel":0,"currencyType":3,"discount":10,"price":["ep",10],"isAddVipExp":true}},
{"id":"shop_goods:10202","key":10202,"value":{"shop":102,"order":9,"itemId":205010100,"itemCounts":[],"itemBind":true,"flags":0,"requiredLevel":0,"currencyType":3,"discount":10,"price":["ep",20],"isAddVipExp":true}},
{"id":"shop_goods:10203","key":10203,"value":{"shop":102,"order":10,"itemId":205020100,"itemCounts":[],"itemBind":true,"flags":0,"requiredLevel":0,"currencyType":3,"discount":10,"price":["ep",20],"isAddVipExp":true}},
{"id":"shop_goods:10204","key":10204,"value":{"shop":102,"order":11,"itemId":205030100,"itemCounts":[],"itemBind":true,"flags":0,"requiredLevel":0,"currencyType":3,"discount":10,"price":["ep",20],"isAddVipExp":true}},
{"id":"shop_goods:10205","key":10205,"value":{"shop":102,"order":12,"itemId":205040100,"itemCounts":[],"itemBind":true,"flags":0,"requiredLevel":0,"currencyType":3,"discount":10,"price":["ep",20],"isAddVipExp":true}},
{"id":"shop_goods:10206","key":10206,"value":{"shop":102,"order":13,"itemId":205010300,"itemCounts":[],"itemBind":true,"flags":0,"requiredLevel":0,"currencyType":3,"discount":10,"price":["ep",180],"isAddVipExp":true}},
{"id":"shop_goods:10207","key":10207,"value":{"shop":102,"order":14,"itemId":205020300,"itemCounts":[],"itemBind":true,"flags":0,"requiredLevel":0,"currencyType":3,"discount":10,"price":["ep",180],"isAddVipExp":true}},
{"id":"shop_goods:10208","key":10208,"value":{"shop":102,"order":15,"itemId":205030300,"itemCounts":[],"itemBind":true,"flags":0,"requiredLevel":0,"currencyType":3,"discount":10,"price":["ep",180],"isAddVipExp":true}},
{"id":"shop_goods:10209","key":10209,"value":{"shop":102,"order":16,"itemId":205040300,"itemCounts":[],"itemBind":true,"flags":0,"requiredLevel":0,"currencyType":3,"discount":10,"price":["ep",180],"isAddVipExp":true}},
{"id":"shop_goods:10211","key":10211,"value":{"shop":102,"order":19,"itemId":208030303,"itemCounts":[],"itemBind":true,"flags":0,"requiredLevel":0,"currencyType":3,"discount":10,"price":["ep",3],"isAddVipExp":true}},
{"id":"shop_goods:10212","key":10212,"value":{"shop":102,"order":21,"itemId":208010511,"itemCounts":[],"itemBind":true,"flags":0,"requiredLevel":0,"currencyType":3,"discount":10,"price":["ep",5],"isAddVipExp":true}},
{"id":"shop_goods:10213","key":10213,"value":{"shop":102,"order":22,"itemId":208010521,"itemCounts":[],"itemBind":true,"flags":0,"requiredLevel":0,"currencyType":3,"discount":10,"price":["ep",10],"isAddVipExp":true}},
{"id":"shop_goods:10214","key":10214,"value":{"shop":102,"order":20,"itemId":208030304,"itemCounts":[],"itemBind":true,"flags":0,"requiredLevel":150,"currencyType":3,"discount":10,"price":["ep",60],"isAddVipExp":true}},
{"id":"shop_goods:10215","key":10215,"value":{"shop":102,"order":23,"itemId":206020101,"itemCounts":[],"itemBind":true,"flags":0,"requiredLevel":0,"currencyType":3,"discount":10,"price":["ep",3],"isAddVipExp":true}},
{"id":"shop_goods:10216","key":10216,"value":{"shop":102,"order":24,"itemId":206020102,"itemCounts":[],"itemBind":true,"flags":0,"requiredLevel":0,"currencyType":3,"discount":10,"price":["ep",8],"isAddVipExp":true}},
{"id":"shop_goods:10217","key":10217,"value":{"shop":102,"order":25,"itemId":208030101,"itemCounts":[],"itemBind":true,"flags":0,"requiredLevel":0,"currencyType":3,"discount":10,"price":["ep",18],"isAddVipExp":true}},
{"id":"shop_goods:10218","key":10218,"value":{"shop":102,"order":26,"itemId":208030102,"itemCounts":[],"itemBind":true,"flags":0,"requiredLevel":0,"currencyType":3,"discount":10,"price":["ep",58],"isAddVipExp":true}},
{"id":"shop_goods:10219","key":10219,"value":{"shop":102,"order":27,"itemId":208030103,"itemCounts":[],"itemBind":true,"flags":0,"requiredLevel":0,"currencyType":3,"discount":10,"price":["ep",98],"isAddVipExp":true}},
{"id":"shop_goods:10222","key":10222,"value":{"shop":102,"order":28,"itemId":208030601,"itemCounts":[],"itemBind":true,"flags":0,"requiredLevel":0,"currencyType":3,"discount":10,"price":["ep",5],"isAddVipExp":true}},
{"id":"shop_goods:10223","key":10223,"value":{"shop":102,"order":30,"itemId":208021101,"itemCounts":[],"itemBind":true,"flags":0,"requiredLevel":0,"currencyType":3,"discount":10,"price":["ep",28],"isAddVipExp":true}},
{"id":"shop_goods:10224","key":10224,"value":{"shop":102,"order":31,"itemId":208020901,"itemCounts":[],"itemBind":true,"flags":0,"requiredLevel":0,"currencyType":3,"discount":10,"price":["ep",25],"isAddVipExp":true}},
{"id":"shop_goods:10225","key":10225,"value":{"shop":102,"order":32,"itemId":208020902,"itemCounts":[],"itemBind":true,"flags":0,"requiredLevel":0,"currencyType":3,"discount":10,"price":["ep",60],"isAddVipExp":true}},
{"id":"shop_goods:10226","key":10226,"value":{"shop":102,"order":33,"itemId":208021401,"itemCounts":[],"itemBind":true,"flags":0,"requiredLevel":0,"currencyType":3,"discount":10,"price":["ep",40],"isAddVipExp":true}},
{"id":"shop_goods:10227","key":10227,"value":{"shop":102,"order":34,"itemId":213010001,"itemCounts":[],"itemBind":true,"flags":0,"requiredLevel":0,"currencyType":3,"discount":10,"price":["ep",80],"isAddVipExp":true}},
{"id":"shop_goods:10228","key":10228,"value":{"shop":102,"order":35,"itemId":208020421,"itemCounts":[],"itemBind":true,"flags":0,"requiredLevel":0,"currencyType":3,"discount":10,"price":["ep",20],"isAddVipExp":true}},
{"id":"shop_goods:10229","key":10229,"value":{"shop":102,"order":36,"itemId":208021501,"itemCounts":[],"itemBind":true,"flags":0,"requiredLevel":0,"currencyType":3,"discount":10,"price":["ep",10],"isAddVipExp":true}},
{"id":"shop_goods:10230","key":10230,"value":{"shop":102,"order":37,"itemId":208070101,"itemCounts":[],"itemBind":true,"flags":0,"requiredLevel":0,"currencyType":3,"discount":10,"price":["ep",1],"isAddVipExp":true}},
{"id":"shop_goods:10231","key":10231,"value":{"shop":102,"order":38,"itemId":208020201,"itemCounts":[],"itemBind":true,"flags":0,"requiredLevel":0,"currencyType":3,"discount":10,"price":["ep",10],"isAddVipExp":true}},
{"id":"shop_goods:10232","key":10232,"value":{"shop":102,"order":40,"itemId":208021802,"itemCounts":[],"itemBind":true,"flags":0,"requiredLevel":0,"currencyType":3,"discount":10,"price":["ep",498],"isAddVipExp":true}},
{"id":"shop_goods:10233","key":10233,"value":{"shop":102,"order":41,"itemId":208021803,"itemCounts":[],"itemBind":true,"flags":0,"requiredLevel":0,"currencyType":3,"discount":10,"price":["ep",998],"isAddVipExp":true}},
{"id":"shop_goods:10234","key":10234,"value":{"shop":102,"order":42,"itemId":208021804,"itemCounts":[],"itemBind":true,"flags":0,"requiredLevel":0,"currencyType":3,"discount":10,"price":["ep",1998],"isAddVipExp":true}},
{"id":"shop_goods:10235","key":10235,"value":{"shop":103,"order":1,"itemId":214000101,"itemCounts":[],"itemBind":false,"flags":0,"requiredLevel":0,"currencyType":3,"discount":10,"price":["ep",25],"isAddVipExp":false}},
{"id":"shop_goods:10236","key":10236,"value":{"shop":103,"order":2,"itemId":214000102,"itemCounts":[],"itemBind":false,"flags":0,"requiredLevel":0,"currencyType":3,"discount":10,"price":["ep",50],"isAddVipExp":false}},
{"id":"shop_goods:10237","key":10237,"value":{"shop":103,"order":3,"itemId":214000103,"itemCounts":[],"itemBind":false,"flags":0,"requiredLevel":0,"currencyType":3,"discount":10,"price":["ep",100],"isAddVipExp":false}},
{"id":"shop_goods:10238","key":10238,"value":{"shop":103,"order":4,"itemId":214000201,"itemCounts":[],"itemBind":false,"flags":0,"requiredLevel":0,"currencyType":3,"discount":10,"price":["ep",200],"isAddVipExp":false}},
{"id":"shop_goods:10239","key":10239,"value":{"shop":103,"order":5,"itemId":214000202,"itemCounts":[],"itemBind":false,"flags":0,"requiredLevel":0,"currencyType":3,"discount":10,"price":["ep",400],"isAddVipExp":false}},
{"id":"shop_goods:10240","key":10240,"value":{"shop":103,"order":6,"itemId":214000203,"itemCounts":[],"itemBind":false,"flags":0,"requiredLevel":0,"currencyType":3,"discount":10,"price":["ep",800],"isAddVipExp":false}},
{"id":"shop_goods:10241","key":10241,"value":{"shop":103,"order":7,"itemId":214000301,"itemCounts":[],"itemBind":false,"flags":0,"requiredLevel":0,"currencyType":3,"discount":10,"price":["ep",1600],"isAddVipExp":false}},
{"id":"shop_goods:10242","key":10242,"value":{"shop":102,"order":43,"itemId":209060031,"itemCounts":[],"itemBind":true,"flags":0,"requiredLevel":0,"currencyType":3,"discount":10,"price":["ep",398],"isAddVipExp":true}},
{"id":"shop_goods:10243","key":10243,"value":{"shop":102,"order":44,"itemId":209060041,"itemCounts":[],"itemBind":true,"flags":0,"requiredLevel":0,"currencyType":3,"discount":10,"price":["ep",598],"isAddVipExp":true}},
{"id":"shop_goods:10244","key":10244,"value":{"shop":102,"order":45,"itemId":209060051,"itemCounts":[],"itemBind":true,"flags":0,"requiredLevel":0,"currencyType":3,"discount":10,"price":["ep",798],"isAddVipExp":true}},
{"id":"shop_goods:10245","key":10245,"value":{"shop":102,"order":46,"itemId":209060061,"itemCounts":[],"itemBind":true,"flags":0,"requiredLevel":0,"currencyType":3,"discount":10,"price":["ep",998],"isAddVipExp":true}},
{"id":"shop_goods:10246","key":10246,"value":{"shop":101,"order":1,"itemId":208010101,"itemCounts":[9999,9999,9999,9999,9999,9999,9999,9999,9999,9999,9999,9999,9999,9999,9999,9999],"itemBind":true,"flags":0,"requiredLevel":0,"currencyType":3,"discount":10,"price":["ep",7],"isAddVipExp":true}},
{"id":"shop_goods:10247","key":10247,"value":{"shop":102,"order":39,"itemId":208021001,"itemCounts":[],"itemBind":true,"flags":0,"requiredLevel":0,"currencyType":3,"discount":10,"price":["ep",50],"isAddVipExp":true}},
{"id":"shop_goods:10248","key":10248,"value":{"shop":102,"order":7,"itemId":208100101,"itemCounts":[],"itemBind":true,"flags":0,"requiredLevel":0,"currencyType":3,"discount":10,"price":["ep",8],"isAddVipExp":true}},
{"id":"shop_goods:10250","key":10250,"value":{"shop":102,"order":8,"itemId":206010502,"itemCounts":[],"itemBind":true,"flags":0,"requiredLevel":0,"currencyType":3,"discount":10,"price":["ep",2000],"isAddVipExp":true}},
{"id":"shop_goods:10251","key":10251,"value":{"shop":102,"order":29,"itemId":208030401,"itemCounts":[],"itemBind":true,"flags":0,"requiredLevel":0,"currencyType":3,"discount":10,"price":["ep",1000],"isAddVipExp":true}},
{"id":"shop_goods:10252","key":10252,"value":{"shop":102,"order":1,"itemId":208100102,"itemCounts":[],"itemBind":true,"flags":0,"requiredLevel":0,"currencyType":3,"discount":10,"price":["ep",60],"isAddVipExp":true}},
{"id":"shop_goods:10253","key":10253,"value":{"shop":102,"order":2,"itemId":208100103,"itemCounts":[],"itemBind":true,"flags":0,"requiredLevel":0,"currencyType":3,"discount":10,"price":["ep",60],"isAddVipExp":true}},
{"id":"shop_goods:10254","key":10254,"value":{"shop":102,"order":3,"itemId":208100104,"itemCounts":[],"itemBind":true,"flags":0,"requiredLevel":0,"currencyType":3,"discount":10,"price":["ep",588],"isAddVipExp":true}},
{"id":"shop_goods:10255","key":10255,"value":{"shop":102,"order":4,"itemId":208100105,"itemCounts":[],"itemBind":true,"flags":0,"requiredLevel":0,"currencyType":3,"discount":10,"price":["ep",588],"isAddVipExp":true}},
{"id":"shop_goods:10256","key":10256,"value":{"shop":102,"order":5,"itemId":208100106,"itemCounts":[],"itemBind":true,"flags":0,"requiredLevel":0,"currencyType":3,"discount":10,"price":["ep",2888],"isAddVipExp":true}},
{"id":"shop_goods:10257","key":10257,"value":{"shop":102,"order":6,"itemId":208100107,"itemCounts":[],"itemBind":true,"flags":0,"requiredLevel":0,"currencyType":3,"discount":10,"price":["ep",2888],"isAddVipExp":true}},
{"id":"shop_goods:10258","key":10258,"value":{"shop":102,"order":47,"itemId":208020801,"itemCounts":[],"itemBind":true,"flags":0,"requiredLevel":0,"currencyType":3,"discount":10,"price":["ep",500],"isAddVipExp":true}},
{"id":"shop_goods:11101","key":11101,"value":{"shop":111,"order":1,"itemId":208010101,"itemCounts":[500,500,500,500,500,500,500,500,500,500,500,500,500,500,500,500],"itemBind":true,"flags":0,"requiredLevel":0,"currencyType":1,"discount":10,"price":["coin",70000],"isAddVipExp":false}},
{"id":"shop_goods:11102","key":11102,"value":{"shop":111,"order":2,"itemId":208010201,"itemCounts":[100,100,100,100,100,100,100,100,100,100,100,100,100,100,100,100],"itemBind":true,"flags":0,"requiredLevel":0,"currencyType":1,"discount":10,"price":["coin",100000],"isAddVipExp":false}},
{"id":"shop_goods:11103","key":11103,"value":{"shop":111,"order":4,"itemId":208030101,"itemCounts":[],"itemBind":true,"flags":0,"requiredLevel":0,"currencyType":1,"discount":10,"price":["coin",180000],"isAddVipExp":false}},
{"id":"shop_goods:11104","key":11104,"value":{"shop":111,"order":5,"itemId":208030102,"itemCounts":[],"itemBind":true,"flags":0,"requiredLevel":0,"currencyType":1,"discount":10,"price":["coin",580000],"isAddVipExp":false}},
{"id":"shop_goods:11105","key":11105,"value":{"shop":111,"order":6,"itemId":206010201,"itemCounts":[50,50,50,50,50,50,50,50,50,50,50,50,50,50,50,50],"itemBind":true,"flags":0,"requiredLevel":0,"currencyType":1,"discount":10,"price":["coin",50000],"isAddVipExp":false}},
{"id":"shop_goods:11106","key":11106,"value":{"shop":111,"order":7,"itemId":206010202,"itemCounts":[50,50,50,50,50,50,50,50,50,50,50,50,50,50,50,50],"itemBind":true,"flags":0,"requiredLevel":0,"currencyType":1,"discount":10,"price":["coin",50000],"isAddVipExp":false}},
{"id":"shop_goods:11107","key":11107,"value":{"shop":111,"order":8,"itemId":206010203,"itemCounts":[50,50,50,50,50,50,50,50,50,50,50,50,50,50,50,50],"itemBind":true,"flags":0,"requiredLevel":0,"currencyType":1,"discount":10,"price":["coin",50000],"isAddVipExp":false}},
{"id":"shop_goods:11108","key":11108,"value":{"shop":111,"order":9,"itemId":207010001,"itemCounts":[],"itemBind":true,"flags":0,"requiredLevel":0,"currencyType":1,"discount":10,"price":["coin",500000],"isAddVipExp":false}},
{"id":"shop_goods:11109","key":11109,"value":{"shop":111,"order":10,"itemId":207010002,"itemCounts":[],"itemBind":true,"flags":0,"requiredLevel":0,"currencyType":1,"discount":10,"price":["coin",500000],"isAddVipExp":false}},
{"id":"shop_goods:11110","key":11110,"value":{"shop":111,"order":11,"itemId":207020001,"itemCounts":[],"itemBind":true,"flags":0,"requiredLevel":0,"currencyType":1,"discount":10,"price":["coin",500000],"isAddVipExp":false}},
{"id":"shop_goods:11111","key":11111,"value":{"shop":111,"order":12,"itemId":207020002,"itemCounts":[],"itemBind":true,"flags":0,"requiredLevel":0,"currencyType":1,"discount":10,"price":["coin",500000],"isAddVipExp":false}},
{"id":"shop_goods:12101","key":12101,"value":{"shop":121,"order":1,"itemId":208010101,"itemCounts":[200,200,200,200,200,200,200,200,200,200,200,200,200,200,200,200],"itemBind":true,"flags":0,"requiredLevel":0,"currencyType":2,"discount":10,"price":["bep",7],"isAddVipExp":false}},
{"id":"shop_goods:12102","key":12102,"value":{"shop":121,"order":2,"itemId":208010201,"itemCounts":[5,5,5,5,5,5,5,5,5,5,5,5,5,5,5,5],"itemBind":true,"flags":0,"requiredLevel":0,"currencyType":2,"discount":10,"price":["bep",10],"isAddVipExp":false}},
{"id":"shop_goods:12103","key":12103,"value":{"shop":121,"order":3,"itemId":208030303,"itemCounts":[],"itemBind":true,"flags":0,"requiredLevel":0,"currencyType":2,"discount":10,"price":["bep",3],"isAddVipExp":false}},
{"id":"shop_goods:12104","key":12104,"value":{"shop":121,"order":4,"itemId":208030304,"itemCounts":[],"itemBind":true,"flags":0,"requiredLevel":150,"currencyType":2,"discount":10,"price":["bep",60],"isAddVipExp":false}},
{"id":"shop_goods:12105","key":12105,"value":{"shop":121,"order":5,"itemId":206020101,"itemCounts":[],"itemBind":true,"flags":0,"requiredLevel":0,"currencyType":2,"discount":10,"price":["bep",3],"isAddVipExp":false}},
{"id":"shop_goods:12106","key":12106,"value":{"shop":121,"order":6,"itemId":206020102,"itemCounts":[],"itemBind":true,"flags":0,"requiredLevel":0,"currencyType":2,"discount":10,"price":["bep",8],"isAddVipExp":false}},
{"id":"shop_goods:12107","key":12107,"value":{"shop":121,"order":7,"itemId":206020103,"itemCounts":[100,100,100,100,100,100,100,100,100,100,100,100,100,100,100,100],"itemBind":true,"flags":0,"requiredLevel":0,"currencyType":2,"discount":10,"price":["bep",12],"isAddVipExp":false}},
{"id":"shop_goods:12108","key":12108,"value":{"shop":121,"order":8,"itemId":206020104,"itemCounts":[100,100,100,100,100,100,100,100,100,100,100,100,100,100,100,100],"itemBind":true,"flags":0,"requiredLevel":0,"currencyType":2,"discount":10,"price":["bep",28],"isAddVipExp":false}},
{"id":"shop_goods:12109","key":12109,"value":{"shop":121,"order":9,"itemId":206020105,"itemCounts":[100,100,100,100,100,100,100,100,100,100,100,100,100,100,100,100],"itemBind":true,"flags":0,"requiredLevel":0,"currencyType":2,"discount":10,"price":["bep",38],"isAddVipExp":false}},
{"id":"shop_goods:12110","key":12110,"value":{"shop":121,"order":10,"itemId":206020106,"itemCounts":[100,100,100,100,100,100,100,100,100,100,100,100,100,100,100,100],"itemBind":true,"flags":0,"requiredLevel":0,"currencyType":2,"discount":10,"price":["bep",68],"isAddVipExp":false}},
{"id":"shop_goods:12111","key":12111,"value":{"shop":121,"order":11,"itemId":206020107,"itemCounts":[100,100,100,100,100,100,100,100,100,100,100,100,100,100,100,100],"itemBind":true,"flags":0,"requiredLevel":0,"currencyType":2,"discount":10,"price":["bep",88],"isAddVipExp":false}},
{"id":"shop_goods:12114","key":12114,"value":{"shop":121,"order":12,"itemId":208030101,"itemCounts":[100,100,100,100,100,100,100,100,100,100,100,100,100,100,100,100],"itemBind":true,"flags":0,"requiredLevel":0,"currencyType":2,"discount":10,"price":["bep",18],"isAddVipExp":false}},
{"id":"shop_goods:12115","key":12115,"value":{"shop":121,"order":13,"itemId":208030102,"itemCounts":[100,100,100,100,100,100,100,100,100,100,100,100,100,100,100,100],"itemBind":true,"flags":0,"requiredLevel":0,"currencyType":2,"discount":10,"price":["bep",58],"isAddVipExp":false}},
{"id":"shop_goods:12116","key":12116,"value":{"shop":121,"order":14,"itemId":208030103,"itemCounts":[100,100,100,100,100,100,100,100,100,100,100,100,100,100,100,100],"itemBind":true,"flags":0,"requiredLevel":0,"currencyType":2,"discount":10,"price":["bep",98],"isAddVipExp":false}},
{"id":"shop_goods:12119","key":12119,"value":{"shop":121,"order":15,"itemId":208021101,"itemCounts":[20,20,20,20,20,20,20,20,20,20,20,20,20,20,20,20],"itemBind":true,"flags":0,"requiredLevel":0,"currencyType":2,"discount":10,"price":["bep",28],"isAddVipExp":false}},
{"id":"shop_goods:12120","key":12120,"value":{"shop":121,"order":16,"itemId":208020901,"itemCounts":[10,10,10,10,10,10,10,10,10,10,10,10,10,10,10,10],"itemBind":true,"flags":0,"requiredLevel":0,"currencyType":2,"discount":10,"price":["bep",25],"isAddVipExp":false}},
{"id":"shop_goods:12121","key":12121,"value":{"shop":121,"order":17,"itemId":208020902,"itemCounts":[9,9,9,9,9,9,9,9,9,9,9,9,9,9,9,9],"itemBind":true,"flags":0,"requiredLevel":0,"currencyType":2,"discount":10,"price":["bep",60],"isAddVipExp":false}},
{"id":"shop_goods:12122","key":12122,"value":{"shop":121,"order":18,"itemId":208021401,"itemCounts":[],"itemBind":true,"flags":0,"requiredLevel":0,"currencyType":2,"discount":10,"price":["bep",40],"isAddVipExp":false}},
{"id":"shop_goods:12123","key":12123,"value":{"shop":121,"order":19,"itemId":213010001,"itemCounts":[],"itemBind":true,"flags":0,"requiredLevel":0,"currencyType":2,"discount":10,"price":["bep",80],"isAddVipExp":false}},
{"id":"shop_goods:12124","key":12124,"value":{"shop":121,"order":20,"itemId":208020421,"itemCounts":[],"itemBind":true,"flags":0,"requiredLevel":0,"currencyType":2,"discount":10,"price":["bep",20],"isAddVipExp":false}},
{"id":"shop_goods:12125","key":12125,"value":{"shop":121,"order":21,"itemId":208021501,"itemCounts":[],"itemBind":true,"flags":0,"requiredLevel":0,"currencyType":2,"discount":10,"price":["bep",10],"isAddVipExp":false}},
{"id":"shop_goods:12126","key":12126,"value":{"shop":121,"order":22,"itemId":208070101,"itemCounts":[],"itemBind":true,"flags":0,"requiredLevel":0,"currencyType":2,"discount":10,"price":["bep",1],"isAddVipExp":false}},
{"id":"shop_goods:12127","key":12127,"value":{"shop":121,"order":23,"itemId":208020201,"itemCounts":[10,10,10,10,10,10,10,10,10,10,10,10,10,10,10,10],"itemBind":true,"flags":0,"requiredLevel":0,"currencyType":2,"discount":10,"price":["bep",10],"isAddVipExp":false}},
{"id":"shop_goods:12128","key":12128,"value":{"shop":111,"order":3,"itemId":208030201,"itemCounts":[500,500,500,500,500,500,500,500,500,500,500,500,500,500,500,500],"itemBind":true,"flags":0,"requiredLevel":0,"currencyType":1,"discount":10,"price":["coin",50000],"isAddVipExp":false}}
]}
