{"total_rows":4,"offset":0,"rows":[
{"id":"star_monster:1","key":1,"value":{"Map":102111,"UnlockLevel":130,"AddExp":[500,0],"Threshold":3000,"ExpRatio":1,"MapPath":["binggong","binggongan"],"TextPath":["binggongzi","binggongzian"],"PkEnv":"安全"}},
{"id":"star_monster:2","key":2,"value":{"Map":102131,"UnlockLevel":130,"AddExp":[1000,0],"Threshold":3000,"ExpRatio":2,"MapPath":["shiluo","shiluoan"],"TextPath":["shiluozi","shiluozian"],"PkEnv":"安全"}},
{"id":"star_monster:3","key":3,"value":{"Map":102071,"UnlockLevel":130,"AddExp":[1500,0],"Threshold":3000,"ExpRatio":3,"MapPath":["shenyuan","shenyuanan"],"TextPath":["shenyuanzi","shenyuanzian"],"PkEnv":"危险"}},
{"id":"star_monster:4","key":4,"value":{"Map":102091,"UnlockLevel":130,"AddExp":[2000,0],"Threshold":3000,"ExpRatio":4,"MapPath":["bingfeng","bingfengan"],"TextPath":["bingfengzi","bingfengzian"],"PkEnv":"极度危险","ExtraDes":1}}
]}
