{"total_rows":24,"offset":0,"rows":[
{"id":"activities","key":2,"value":{"id":2,"times":-1,"liveness":50,"livenessTimes":1,"enterType":2,"shouldReturn":false,"unlockType":1,"requireFunc":201401,"rewards":[299010005,299010009,208030104],"timeProp":[[[12,30],[12,45]]]}},
{"id":"activities","key":5,"value":{"id":5,"times":-1,"liveness":20,"livenessTimes":3,"enterType":2,"shouldReturn":false,"unlockType":1,"requireFunc":200002,"rewards":[201130404,201160404,208010311]}},
{"id":"activities","key":101,"value":{"id":101,"times":3,"liveness":30,"livenessTimes":3,"enterType":2,"shouldReturn":false,"subEnterConsume":{"302013":["item",208021404,1],"302014":["item",208021404,1]},"unlockType":1,"requireFunc":200201,"rewards":[201130404,201160404,206020205]}},
{"id":"activities","key":103,"value":{"id":103,"times":5,"liveness":10,"livenessTimes":10,"enterType":2,"shouldReturn":false,"unlockType":1,"requireFunc":200501,"rewards":[299010004,208020601,208020602]}},
{"id":"activities","key":104,"value":{"id":104,"times":-1,"liveness":30,"livenessTimes":3,"enterType":2,"shouldReturn":false,"unlockType":1,"requireFunc":200002,"rewards":[201130404,201160404,208010311,208010541]}},
{"id":"activities","key":105,"value":{"id":105,"times":-1,"liveness":20,"livenessTimes":1,"enterType":2,"shouldReturn":false,"unlockType":1,"requireFunc":201001,"rewards":[206020205]}},
{"id":"activities","key":106,"value":{"id":106,"times":-1,"liveness":0,"livenessTimes":-1,"enterType":-1,"shouldReturn":false,"unlockType":1,"requireFunc":201101,"rewards":[299010004]}},
{"id":"activities","key":108,"value":{"id":108,"times":2,"liveness":30,"livenessTimes":3,"enterType":2,"shouldReturn":false,"enterConsume":[["item",208021401,1]],"unlockType":1,"requireFunc":200301,"rewards":[299010004]}},
{"id":"activities","key":109,"value":{"id":109,"times":2,"liveness":20,"livenessTimes":3,"enterType":2,"shouldReturn":false,"unlockType":1,"requireFunc":200401,"rewards":[299010001]}},
{"id":"activities","key":111,"value":{"id":111,"times":20,"liveness":3,"livenessTimes":20,"enterType":2,"shouldReturn":false,"unlockType":1,"requireFunc":200601,"rewards":[299010001,299010004]}},
{"id":"activities","key":112,"value":{"id":112,"times":3,"liveness":20,"livenessTimes":3,"enterType":2,"shouldReturn":false,"unlockType":1,"requireFunc":201801,"rewards":[299010001,299010004,208030303]}},
{"id":"activities","key":113,"value":{"id":113,"times":2,"liveness":20,"livenessTimes":3,"enterType":2,"shouldReturn":false,"unlockType":1,"requireFunc":202001,"rewards":[208010101]}},
{"id":"activities","key":114,"value":{"id":114,"times":2,"liveness":20,"livenessTimes":3,"enterType":2,"shouldReturn":false,"unlockType":1,"requireFunc":202101,"rewards":[208010511,208010512,208010521]}},
{"id":"activities","key":115,"value":{"id":115,"times":-1,"liveness":30,"livenessTimes":1,"enterType":-1,"shouldReturn":false,"unlockType":1,"requireFunc":200002,"rewards":[201130404,201160404,208010541,208010533]}},
{"id":"activities","key":116,"value":{"id":116,"times":99,"liveness":50,"livenessTimes":1,"enterType":2,"shouldReturn":false,"unlockType":2,"requireFunc":201502,"rewards":[208020602,208040601,299010005],"daysProp":[2,4,6],"timeProp":[[[20,0],[20,15]]],"prehint":300}},
{"id":"activities","key":117,"value":{"id":117,"times":-1,"liveness":50,"livenessTimes":1,"enterType":2,"shouldReturn":false,"unlockType":2,"requireFunc":202201,"rewards":[208040331,208040601,299010005],"daysProp":[1,3,5,7],"timeProp":[[[20,0],[20,15]]],"prehint":300}},
{"id":"activities","key":118,"value":{"id":118,"times":-1,"liveness":50,"livenessTimes":1,"enterType":2,"shouldReturn":false,"unlockType":1,"requireFunc":202701,"rewards":[299010005,299010004],"timeProp":[[[20,30],[20,48]]],"prehint":300}},
{"id":"activities","key":119,"value":{"id":119,"times":-1,"liveness":50,"livenessTimes":1,"enterType":2,"shouldReturn":false,"unlockType":1,"requireFunc":201301,"rewards":[299010001,299010004],"timeProp":[[[12,0],[12,15]]],"prehint":300}},
{"id":"activities","key":123,"value":{"id":123,"times":10,"liveness":30,"livenessTimes":2,"enterType":2,"shouldReturn":false,"enterConsume":[["item",213010001,1],["item",213010001,2],["item",213010001,3],["item",213010001,4],["item",213010001,5],["item",213010001,6]],"consumeQuickBuy":12123,"unlockType":1,"requireFunc":202501,"rewards":[201130404,201160404,208010311]}},
{"id":"activities","key":124,"value":{"id":124,"times":-1,"liveness":0,"livenessTimes":-1,"enterType":3,"shouldReturn":false,"unlockType":2,"requireFunc":202301,"rewards":[299010004,299010005],"daysProp":[6],"timeProp":[[[21,0],[21,20]],[[21,30],[21,50]]],"prehint":300,"openFirstType":1,"openFirstDays":4}},
{"id":"activities","key":125,"value":{"id":125,"times":-1,"liveness":0,"livenessTimes":-1,"enterType":-1,"shouldReturn":false,"unlockType":2,"requireFunc":202801,"rewards":[299010004,299010005],"daysProp":[7],"timeProp":[[[21,0],[21,30]]],"prehint":300,"openFirstType":1,"openFirstDays":7}},
{"id":"activities","key":301,"value":{"id":301,"times":10,"liveness":0,"livenessTimes":-1,"enterType":2,"shouldReturn":false,"unlockType":3,"daysProp":[4,7],"timeProp":[[[0,0],[23,59]]],"prehint":300}},
{"id":"activities","key":302,"value":{"id":302,"times":-1,"liveness":0,"livenessTimes":-1,"enterType":-1,"shouldReturn":false,"unlockType":3,"daysProp":[1,7],"timeProp":[[[9,0],[23,0]]]}},
{"id":"activities","key":303,"value":{"id":303,"times":1,"liveness":5,"livenessTimes":1,"enterType":2,"shouldReturn":false}}
]}
