{"total_rows":4,"offset":0,"rows":[
{"id":"escort:612101","key":2,"value":{"id":612101,"level":2,"woods":1000,"rewardExpRatio":240000,"doubleRewardExpRatio":480000,"requireAccept":[["coin",5000]],"rewards":[["item",208030303,1,true],["coin",25000]],"doubleRewards":[["item",208030303,2,true],["coin",50000]]}},
{"id":"escort:612102","key":3,"value":{"id":612102,"level":3,"woods":2000,"rewardExpRatio":400000,"doubleRewardExpRatio":800000,"requireAccept":[["coin",10000]],"rewards":[["item",208030303,1,true],["coin",40000]],"doubleRewards":[["item",208030303,2,true],["coin",80000]]}},
{"id":"escort:612103","key":4,"value":{"id":612103,"level":4,"woods":5000,"rewardExpRatio":560000,"doubleRewardExpRatio":1120000,"requireAccept":[["item",208020421,1]],"rewards":[["item",208030303,2,true],["coin",55000]],"doubleRewards":[["item",208030303,4,true],["coin",110000]]}},
{"id":"escort:612104","key":5,"value":{"id":612104,"level":5,"woods":10000,"rewardExpRatio":800000,"doubleRewardExpRatio":1600000,"requireAccept":[["item",208020421,2]],"rewards":[["item",208030303,3,true],["coin",80000]],"doubleRewards":[["item",208030303,6,true],["coin",160000]]}}
]}
