{"total_rows":8,"offset":0,"rows":[
{"id":"qa_quiz_rewards:1001","key":1001,"value":{"exp":20000,"appellation":0,"items":[]}},
{"id":"qa_quiz_rewards:1002","key":1002,"value":{"exp":18000,"appellation":0,"items":[]}},
{"id":"qa_quiz_rewards:3001","key":3001,"value":{"exp":0,"appellation":20011,"items":[["item",208030303,12,true]]}},
{"id":"qa_quiz_rewards:3002","key":3002,"value":{"exp":0,"appellation":20012,"items":[["item",208030303,11,true]]}},
{"id":"qa_quiz_rewards:3003","key":3003,"value":{"exp":0,"appellation":20013,"items":[["item",208030303,10,true]]}},
{"id":"qa_quiz_rewards:3004","key":3004,"value":{"exp":0,"appellation":0,"items":[["item",208030303,9,true]]}},
{"id":"qa_quiz_rewards:3005","key":3005,"value":{"exp":0,"appellation":0,"items":[["item",208030303,7,true]]}},
{"id":"qa_quiz_rewards:3006","key":3006,"value":{"exp":0,"appellation":0,"items":[["item",208030303,5,true]]}}
]}
