{"total_rows":334,"offset":0,"rows":[
{"id":"achievements","key":1,"value":{"type":1,"subType":1,"counter":1,"condition":[60],"points":10,"rewards":[["bep",10],["coin",10000]]}},
{"id":"achievements","key":2,"value":{"type":1,"subType":1,"counter":1,"condition":[90],"points":20,"rewards":[["bep",20],["coin",10000]]}},
{"id":"achievements","key":3,"value":{"type":1,"subType":1,"counter":1,"condition":[120],"points":30,"rewards":[["bep",30],["coin",20000]]}},
{"id":"achievements","key":4,"value":{"type":1,"subType":1,"counter":1,"condition":[150],"points":40,"rewards":[["bep",40],["coin",20000]]}},
{"id":"achievements","key":5,"value":{"type":1,"subType":1,"counter":1,"condition":[180],"points":50,"rewards":[["bep",50],["coin",100000]]}},
{"id":"achievements","key":6,"value":{"type":1,"subType":1,"counter":1,"condition":[210],"points":60,"rewards":[["bep",60],["coin",100000]]}},
{"id":"achievements","key":7,"value":{"type":1,"subType":1,"counter":1,"condition":[240],"points":70,"rewards":[["bep",70],["coin",200000]]}},
{"id":"achievements","key":8,"value":{"type":1,"subType":1,"counter":1,"condition":[260],"points":80,"rewards":[["bep",80],["coin",200000]]}},
{"id":"achievements","key":9,"value":{"type":1,"subType":1,"counter":1,"condition":[280],"points":90,"rewards":[["bep",90],["coin",500000]]}},
{"id":"achievements","key":10,"value":{"type":1,"subType":1,"counter":1,"condition":[300],"points":100,"rewards":[["bep",100],["coin",500000]]}},
{"id":"achievements","key":11,"value":{"type":1,"subType":2,"counter":2,"condition":[200],"points":10,"rewards":[["bep",10],["coin",10000]]}},
{"id":"achievements","key":12,"value":{"type":1,"subType":2,"counter":2,"condition":[400],"points":20,"rewards":[["bep",20],["coin",10000]]}},
{"id":"achievements","key":13,"value":{"type":1,"subType":2,"counter":2,"condition":[600],"points":30,"rewards":[["bep",30],["coin",20000]]}},
{"id":"achievements","key":14,"value":{"type":1,"subType":2,"counter":2,"condition":[8000],"points":40,"rewards":[["bep",40],["coin",20000]]}},
{"id":"achievements","key":15,"value":{"type":1,"subType":2,"counter":2,"condition":[1000],"points":50,"rewards":[["bep",50],["coin",100000]]}},
{"id":"achievements","key":16,"value":{"type":1,"subType":2,"counter":2,"condition":[1200],"points":60,"rewards":[["bep",60],["coin",100000]]}},
{"id":"achievements","key":17,"value":{"type":1,"subType":2,"counter":2,"condition":[1400],"points":70,"rewards":[["bep",70],["coin",200000]]}},
{"id":"achievements","key":18,"value":{"type":1,"subType":2,"counter":2,"condition":[1600],"points":80,"rewards":[["bep",80],["coin",200000]]}},
{"id":"achievements","key":19,"value":{"type":1,"subType":2,"counter":2,"condition":[1800],"points":90,"rewards":[["bep",90],["coin",500000]]}},
{"id":"achievements","key":20,"value":{"type":1,"subType":2,"counter":2,"condition":[2000],"points":100,"rewards":[["bep",100],["coin",500000]]}},
{"id":"achievements","key":21,"value":{"type":1,"subType":6,"counter":5,"condition":[25000],"points":2,"rewards":[["bep",10],["coin",10000]]}},
{"id":"achievements","key":22,"value":{"type":1,"subType":6,"counter":5,"condition":[50000],"points":3,"rewards":[["bep",20],["coin",10000]]}},
{"id":"achievements","key":23,"value":{"type":1,"subType":6,"counter":5,"condition":[75000],"points":5,"rewards":[["bep",30],["coin",20000]]}},
{"id":"achievements","key":24,"value":{"type":1,"subType":6,"counter":5,"condition":[120000],"points":10,"rewards":[["bep",40],["coin",20000]]}},
{"id":"achievements","key":25,"value":{"type":1,"subType":6,"counter":5,"condition":[180000],"points":20,"rewards":[["bep",50],["coin",100000]]}},
{"id":"achievements","key":26,"value":{"type":1,"subType":6,"counter":5,"condition":[240000],"points":60,"rewards":[["bep",60],["coin",100000]]}},
{"id":"achievements","key":27,"value":{"type":1,"subType":6,"counter":5,"condition":[320000],"points":70,"rewards":[["bep",70],["coin",200000]]}},
{"id":"achievements","key":28,"value":{"type":1,"subType":6,"counter":5,"condition":[400000],"points":80,"rewards":[["bep",80],["coin",200000]]}},
{"id":"achievements","key":29,"value":{"type":1,"subType":6,"counter":5,"condition":[520000],"points":90,"rewards":[["bep",90],["coin",500000]]}},
{"id":"achievements","key":30,"value":{"type":1,"subType":6,"counter":5,"condition":[660000],"points":100,"rewards":[["bep",100],["coin",500000]]}},
{"id":"achievements","key":31,"value":{"type":1,"subType":7,"counter":10,"condition":[12,1],"points":10,"rewards":[["item",208020601,5,true],["bep",10]]}},
{"id":"achievements","key":32,"value":{"type":1,"subType":7,"counter":10,"condition":[42,1],"points":20,"rewards":[["item",208020601,5,true],["bep",20]]}},
{"id":"achievements","key":33,"value":{"type":1,"subType":7,"counter":10,"condition":[72,1],"points":30,"rewards":[["item",208020601,10,true],["bep",30]]}},
{"id":"achievements","key":34,"value":{"type":1,"subType":7,"counter":10,"condition":[102,1],"points":40,"rewards":[["item",208020601,10,true],["bep",40]]}},
{"id":"achievements","key":35,"value":{"type":1,"subType":7,"counter":10,"condition":[122,1],"points":50,"rewards":[["item",208020601,20,true],["bep",50]]}},
{"id":"achievements","key":36,"value":{"type":1,"subType":7,"counter":10,"condition":[132,1],"points":60,"rewards":[["item",208020601,20,true],["bep",60]]}},
{"id":"achievements","key":37,"value":{"type":1,"subType":7,"counter":10,"condition":[162,1],"points":80,"rewards":[["item",208020601,30,true],["bep",80]]}},
{"id":"achievements","key":38,"value":{"type":1,"subType":7,"counter":10,"condition":[192,1],"points":100,"rewards":[["item",208020601,40,true],["bep",100]]}},
{"id":"achievements","key":39,"value":{"type":1,"subType":38,"counter":11,"condition":[106,1],"points":50,"rewards":[["item",208020601,5,true],["bep",50]]}},
{"id":"achievements","key":40,"value":{"type":1,"subType":38,"counter":11,"condition":[105,1],"points":80,"rewards":[["item",208020601,10,true],["bep",80]]}},
{"id":"achievements","key":41,"value":{"type":1,"subType":38,"counter":11,"condition":[104,1],"points":40,"rewards":[["item",208020601,10,true],["bep",40]]}},
{"id":"achievements","key":42,"value":{"type":1,"subType":38,"counter":11,"condition":[103,1],"points":60,"rewards":[["item",208020601,20,true],["bep",60]]}},
{"id":"achievements","key":43,"value":{"type":1,"subType":38,"counter":11,"condition":[102,1],"points":80,"rewards":[["item",208020601,30,true],["bep",80]]}},
{"id":"achievements","key":44,"value":{"type":1,"subType":38,"counter":11,"condition":[101,1],"points":100,"rewards":[["item",208020601,40,true],["bep",100]]}},
{"id":"achievements","key":45,"value":{"type":1,"subType":8,"counter":12,"condition":[10],"points":10,"rewards":[["item",208010511,10,true],["bep",10]]}},
{"id":"achievements","key":46,"value":{"type":1,"subType":8,"counter":12,"condition":[50],"points":20,"rewards":[["item",208010511,10,true],["bep",20]]}},
{"id":"achievements","key":47,"value":{"type":1,"subType":8,"counter":12,"condition":[100],"points":30,"rewards":[["item",208010511,20,true],["bep",30]]}},
{"id":"achievements","key":48,"value":{"type":1,"subType":8,"counter":12,"condition":[150],"points":40,"rewards":[["item",208010511,20,true],["bep",40]]}},
{"id":"achievements","key":49,"value":{"type":1,"subType":8,"counter":12,"condition":[200],"points":60,"rewards":[["item",208010511,20,true],["bep",60]]}},
{"id":"achievements","key":50,"value":{"type":1,"subType":8,"counter":12,"condition":[250],"points":80,"rewards":[["item",208010511,30,true],["bep",80]]}},
{"id":"achievements","key":51,"value":{"type":1,"subType":8,"counter":12,"condition":[300],"points":100,"rewards":[["item",208010511,30,true],["bep",100]]}},
{"id":"achievements","key":52,"value":{"type":1,"subType":39,"counter":13,"condition":[2],"points":10,"rewards":[["item",208010521,5,true],["bep",10]]}},
{"id":"achievements","key":53,"value":{"type":1,"subType":39,"counter":13,"condition":[3],"points":20,"rewards":[["item",208010521,5,true],["bep",20]]}},
{"id":"achievements","key":54,"value":{"type":1,"subType":39,"counter":13,"condition":[4],"points":30,"rewards":[["item",208010521,5,true],["bep",30]]}},
{"id":"achievements","key":55,"value":{"type":1,"subType":39,"counter":13,"condition":[5],"points":40,"rewards":[["item",208010521,10,true],["bep",40]]}},
{"id":"achievements","key":56,"value":{"type":1,"subType":39,"counter":13,"condition":[6],"points":50,"rewards":[["item",208010521,10,true],["bep",50]]}},
{"id":"achievements","key":57,"value":{"type":1,"subType":39,"counter":13,"condition":[7],"points":60,"rewards":[["item",208010521,10,true],["bep",60]]}},
{"id":"achievements","key":58,"value":{"type":1,"subType":39,"counter":13,"condition":[8],"points":70,"rewards":[["item",208010521,20,true],["bep",70]]}},
{"id":"achievements","key":59,"value":{"type":1,"subType":39,"counter":13,"condition":[9],"points":85,"rewards":[["item",208010521,20,true],["bep",85]]}},
{"id":"achievements","key":60,"value":{"type":1,"subType":39,"counter":13,"condition":[10],"points":100,"rewards":[["item",208010521,20,true],["bep",100]]}},
{"id":"achievements","key":61,"value":{"type":1,"subType":40,"counter":14,"condition":[10010,1],"points":20,"rewards":[["bep",20],["coin",100000]]}},
{"id":"achievements","key":62,"value":{"type":1,"subType":40,"counter":14,"condition":[10020,1],"points":20,"rewards":[["bep",20],["coin",100000]]}},
{"id":"achievements","key":63,"value":{"type":1,"subType":40,"counter":14,"condition":[10030,1],"points":40,"rewards":[["bep",40],["coin",100000]]}},
{"id":"achievements","key":64,"value":{"type":1,"subType":40,"counter":14,"condition":[10040,1],"points":60,"rewards":[["bep",60],["coin",100000]]}},
{"id":"achievements","key":65,"value":{"type":1,"subType":40,"counter":14,"condition":[10050,1],"points":70,"rewards":[["bep",70],["coin",100000]]}},
{"id":"achievements","key":66,"value":{"type":1,"subType":40,"counter":3,"condition":[1,1],"points":20,"rewards":[["bep",20],["coin",50000]]}},
{"id":"achievements","key":67,"value":{"type":1,"subType":40,"counter":3,"condition":[2,1],"points":40,"rewards":[["bep",40],["coin",50000]]}},
{"id":"achievements","key":68,"value":{"type":1,"subType":40,"counter":3,"condition":[3,1],"points":60,"rewards":[["bep",60],["coin",100000]]}},
{"id":"achievements","key":69,"value":{"type":1,"subType":40,"counter":3,"condition":[4,1],"points":80,"rewards":[["bep",80],["coin",200000]]}},
{"id":"achievements","key":70,"value":{"type":1,"subType":40,"counter":3,"condition":[5,1],"points":100,"rewards":[["bep",100],["coin",500000]]}},
{"id":"achievements","key":71,"value":{"type":1,"subType":9,"counter":15,"condition":[209030031,1],"points":10,"rewards":[["bep",10],["coin",50000]]}},
{"id":"achievements","key":72,"value":{"type":1,"subType":9,"counter":15,"condition":[209030041,1],"points":20,"rewards":[["bep",20],["coin",100000]]}},
{"id":"achievements","key":73,"value":{"type":1,"subType":9,"counter":15,"condition":[209030051,1],"points":30,"rewards":[["bep",30],["coin",100000]]}},
{"id":"achievements","key":74,"value":{"type":1,"subType":9,"counter":15,"condition":[209030061,1],"points":50,"rewards":[["bep",50],["coin",100000]]}},
{"id":"achievements","key":75,"value":{"type":1,"subType":10,"counter":16,"condition":[4,0,1],"points":10,"rewards":[["bep",10],["coin",10000]]}},
{"id":"achievements","key":76,"value":{"type":1,"subType":10,"counter":16,"condition":[4,0,8],"points":20,"rewards":[["bep",20],["coin",50000]]}},
{"id":"achievements","key":77,"value":{"type":1,"subType":10,"counter":16,"condition":[4,1,4],"points":30,"rewards":[["bep",30],["coin",50000]]}},
{"id":"achievements","key":78,"value":{"type":1,"subType":10,"counter":16,"condition":[5,1,4],"points":40,"rewards":[["bep",40],["coin",100000]]}},
{"id":"achievements","key":79,"value":{"type":1,"subType":10,"counter":16,"condition":[5,2,6],"points":50,"rewards":[["bep",50],["coin",100000]]}},
{"id":"achievements","key":80,"value":{"type":1,"subType":10,"counter":16,"condition":[5,3,6],"points":60,"rewards":[["bep",60],["coin",200000]]}},
{"id":"achievements","key":81,"value":{"type":1,"subType":10,"counter":16,"condition":[5,3,8],"points":80,"rewards":[["bep",80],["coin",200000]]}},
{"id":"achievements","key":82,"value":{"type":1,"subType":10,"counter":16,"condition":[5,2,3],"points":100,"rewards":[["bep",100],["coin",500000]]}},
{"id":"achievements","key":83,"value":{"type":1,"subType":41,"counter":18,"condition":[80],"points":10,"rewards":[["item",208010101,5,true],["bep",10]]}},
{"id":"achievements","key":84,"value":{"type":1,"subType":41,"counter":18,"condition":[140],"points":20,"rewards":[["item",208010101,5,true],["bep",20]]}},
{"id":"achievements","key":85,"value":{"type":1,"subType":41,"counter":18,"condition":[170],"points":30,"rewards":[["item",208010101,5,true],["bep",30]]}},
{"id":"achievements","key":86,"value":{"type":1,"subType":41,"counter":18,"condition":[200],"points":40,"rewards":[["item",208010101,10,true],["bep",40]]}},
{"id":"achievements","key":87,"value":{"type":1,"subType":41,"counter":18,"condition":[240],"points":50,"rewards":[["item",208010101,10,true],["bep",50]]}},
{"id":"achievements","key":88,"value":{"type":1,"subType":41,"counter":18,"condition":[290],"points":60,"rewards":[["item",208010101,10,true],["bep",60]]}},
{"id":"achievements","key":89,"value":{"type":1,"subType":41,"counter":18,"condition":[360],"points":70,"rewards":[["item",208010101,20,true],["bep",70]]}},
{"id":"achievements","key":90,"value":{"type":1,"subType":41,"counter":18,"condition":[430],"points":80,"rewards":[["item",208010101,20,true],["bep",80]]}},
{"id":"achievements","key":91,"value":{"type":1,"subType":41,"counter":18,"condition":[510],"points":90,"rewards":[["item",208010101,20,true],["bep",90]]}},
{"id":"achievements","key":92,"value":{"type":1,"subType":41,"counter":18,"condition":[600],"points":100,"rewards":[["bep",100],["coin",500000]]}},
{"id":"achievements","key":93,"value":{"type":1,"subType":11,"counter":19,"condition":[50],"points":10,"rewards":[["item",208040301,5,true],["bep",10]]}},
{"id":"achievements","key":94,"value":{"type":1,"subType":11,"counter":19,"condition":[100],"points":20,"rewards":[["item",208040301,5,true],["bep",20]]}},
{"id":"achievements","key":95,"value":{"type":1,"subType":11,"counter":19,"condition":[150],"points":30,"rewards":[["item",208040302,5,true],["bep",30]]}},
{"id":"achievements","key":96,"value":{"type":1,"subType":11,"counter":19,"condition":[200],"points":40,"rewards":[["item",208040302,5,true],["bep",40]]}},
{"id":"achievements","key":97,"value":{"type":1,"subType":11,"counter":19,"condition":[250],"points":50,"rewards":[["item",208040302,5,true],["bep",50]]}},
{"id":"achievements","key":98,"value":{"type":1,"subType":11,"counter":19,"condition":[300],"points":60,"rewards":[["item",208040303,5,true],["bep",60]]}},
{"id":"achievements","key":99,"value":{"type":1,"subType":11,"counter":19,"condition":[350],"points":70,"rewards":[["item",208040303,5,true],["bep",70]]}},
{"id":"achievements","key":100,"value":{"type":1,"subType":11,"counter":19,"condition":[400],"points":80,"rewards":[["item",208040303,5,true],["bep",80]]}},
{"id":"achievements","key":101,"value":{"type":1,"subType":11,"counter":19,"condition":[450],"points":90,"rewards":[["item",208040303,5,true],["bep",90]]}},
{"id":"achievements","key":102,"value":{"type":1,"subType":11,"counter":19,"condition":[500],"points":100,"rewards":[["bep",100],["coin",500000]]}},
{"id":"achievements","key":103,"value":{"type":1,"subType":12,"counter":21,"condition":[1,1],"points":20,"rewards":[["bep",20],["coin",20000]]}},
{"id":"achievements","key":104,"value":{"type":1,"subType":12,"counter":21,"condition":[2,1],"points":40,"rewards":[["bep",40],["coin",50000]]}},
{"id":"achievements","key":105,"value":{"type":1,"subType":12,"counter":21,"condition":[3,1],"points":60,"rewards":[["bep",60],["coin",100000]]}},
{"id":"achievements","key":106,"value":{"type":1,"subType":12,"counter":21,"condition":[4,1],"points":80,"rewards":[["bep",80],["coin",200000]]}},
{"id":"achievements","key":107,"value":{"type":1,"subType":12,"counter":21,"condition":[5,1],"points":100,"rewards":[["bep",100],["coin",500000]]}},
{"id":"achievements","key":108,"value":{"type":2,"subType":13,"counter":22,"condition":[20,1],"points":10,"rewards":[["bep",10],["coin",10000]]}},
{"id":"achievements","key":109,"value":{"type":2,"subType":13,"counter":22,"condition":[100,2],"points":30,"rewards":[["bep",30],["coin",50000]]}},
{"id":"achievements","key":110,"value":{"type":2,"subType":13,"counter":22,"condition":[150,3],"points":60,"rewards":[["bep",60],["coin",100000]]}},
{"id":"achievements","key":111,"value":{"type":2,"subType":13,"counter":22,"condition":[200,4],"points":100,"rewards":[["bep",100],["coin",200000]]}},
{"id":"achievements","key":112,"value":{"type":2,"subType":42,"counter":23,"condition":[30],"points":10,"rewards":[["item",206020101,2,true],["bep",10]]}},
{"id":"achievements","key":113,"value":{"type":2,"subType":42,"counter":23,"condition":[50],"points":20,"rewards":[["item",206020101,2,true],["bep",20]]}},
{"id":"achievements","key":114,"value":{"type":2,"subType":42,"counter":23,"condition":[100],"points":30,"rewards":[["item",206020103,5,true],["bep",30]]}},
{"id":"achievements","key":115,"value":{"type":2,"subType":42,"counter":23,"condition":[200],"points":40,"rewards":[["item",206020103,5,true],["bep",40]]}},
{"id":"achievements","key":116,"value":{"type":2,"subType":42,"counter":23,"condition":[500],"points":50,"rewards":[["item",206020104,8,true],["bep",50]]}},
{"id":"achievements","key":117,"value":{"type":2,"subType":42,"counter":23,"condition":[800],"points":60,"rewards":[["item",206020104,8,true],["bep",60]]}},
{"id":"achievements","key":118,"value":{"type":2,"subType":42,"counter":23,"condition":[1200],"points":70,"rewards":[["item",206020105,10,true],["bep",70]]}},
{"id":"achievements","key":119,"value":{"type":2,"subType":42,"counter":23,"condition":[1600],"points":80,"rewards":[["item",206020105,10,true],["bep",80]]}},
{"id":"achievements","key":120,"value":{"type":2,"subType":42,"counter":23,"condition":[2000],"points":90,"rewards":[["item",206020106,15,true],["bep",90]]}},
{"id":"achievements","key":121,"value":{"type":2,"subType":42,"counter":23,"condition":[3000],"points":100,"rewards":[["item",206020107,15,true],["bep",100]]}},
{"id":"achievements","key":122,"value":{"type":2,"subType":43,"counter":24,"condition":[0,1],"points":30,"rewards":[["bep",30],["coin",200000]]}},
{"id":"achievements","key":123,"value":{"type":2,"subType":43,"counter":24,"condition":[0,2],"points":60,"rewards":[["bep",60],["coin",200000]]}},
{"id":"achievements","key":124,"value":{"type":2,"subType":43,"counter":24,"condition":[0,3],"points":100,"rewards":[["bep",100],["coin",200000]]}},
{"id":"achievements","key":125,"value":{"type":2,"subType":44,"counter":26,"condition":[1,1],"points":10,"rewards":[["bep",10],["coin",10000]]}},
{"id":"achievements","key":126,"value":{"type":2,"subType":44,"counter":26,"condition":[2,2],"points":20,"rewards":[["bep",20],["coin",10000]]}},
{"id":"achievements","key":127,"value":{"type":2,"subType":44,"counter":26,"condition":[3,3],"points":30,"rewards":[["bep",30],["coin",20000]]}},
{"id":"achievements","key":128,"value":{"type":2,"subType":44,"counter":26,"condition":[4,4],"points":40,"rewards":[["bep",40],["coin",20000]]}},
{"id":"achievements","key":129,"value":{"type":2,"subType":44,"counter":26,"condition":[5,5],"points":50,"rewards":[["bep",50],["coin",100000]]}},
{"id":"achievements","key":130,"value":{"type":2,"subType":44,"counter":26,"condition":[6,6],"points":60,"rewards":[["bep",60],["coin",100000]]}},
{"id":"achievements","key":131,"value":{"type":2,"subType":44,"counter":26,"condition":[6,7],"points":70,"rewards":[["bep",70],["coin",200000]]}},
{"id":"achievements","key":132,"value":{"type":2,"subType":44,"counter":26,"condition":[6,8],"points":80,"rewards":[["bep",80],["coin",200000]]}},
{"id":"achievements","key":133,"value":{"type":2,"subType":44,"counter":26,"condition":[6,9],"points":90,"rewards":[["bep",90],["coin",500000]]}},
{"id":"achievements","key":134,"value":{"type":2,"subType":44,"counter":26,"condition":[6,10],"points":100,"rewards":[["bep",100],["coin",500000]]}},
{"id":"achievements","key":135,"value":{"type":2,"subType":45,"counter":27,"condition":[1,1],"points":10,"rewards":[["item",208030303,10,true],["bep",10]]}},
{"id":"achievements","key":136,"value":{"type":2,"subType":45,"counter":27,"condition":[1,2],"points":20,"rewards":[["item",208030303,10,true],["bep",20]]}},
{"id":"achievements","key":137,"value":{"type":2,"subType":45,"counter":27,"condition":[2,1],"points":30,"rewards":[["item",208030303,10,true],["bep",30]]}},
{"id":"achievements","key":138,"value":{"type":2,"subType":45,"counter":27,"condition":[2,2],"points":40,"rewards":[["item",208030303,10,true],["bep",40]]}},
{"id":"achievements","key":139,"value":{"type":2,"subType":45,"counter":27,"condition":[3,1],"points":50,"rewards":[["item",208030303,10,true],["bep",50]]}},
{"id":"achievements","key":140,"value":{"type":2,"subType":45,"counter":27,"condition":[3,2],"points":60,"rewards":[["item",208030303,20,true],["bep",60]]}},
{"id":"achievements","key":141,"value":{"type":2,"subType":45,"counter":27,"condition":[4,1],"points":70,"rewards":[["item",208030303,20,true],["bep",70]]}},
{"id":"achievements","key":142,"value":{"type":2,"subType":45,"counter":27,"condition":[4,2],"points":80,"rewards":[["item",208030303,20,true],["bep",80]]}},
{"id":"achievements","key":143,"value":{"type":2,"subType":45,"counter":27,"condition":[5,1],"points":90,"rewards":[["item",208030303,20,true],["bep",90]]}},
{"id":"achievements","key":144,"value":{"type":2,"subType":45,"counter":27,"condition":[5,2],"points":100,"rewards":[["item",208030303,20,true],["bep",100]]}},
{"id":"achievements","key":145,"value":{"type":2,"subType":46,"counter":28,"condition":[203010406,1],"points":50,"rewards":[["bep",50],["coin",100000]]}},
{"id":"achievements","key":146,"value":{"type":2,"subType":46,"counter":28,"condition":[203010502,1],"points":50,"rewards":[["bep",50],["coin",100000]]}},
{"id":"achievements","key":147,"value":{"type":2,"subType":46,"counter":28,"condition":[203010503,1],"points":50,"rewards":[["bep",50],["coin",100000]]}},
{"id":"achievements","key":148,"value":{"type":2,"subType":46,"counter":28,"condition":[203010504,1],"points":50,"rewards":[["bep",50],["coin",100000]]}},
{"id":"achievements","key":149,"value":{"type":2,"subType":46,"counter":28,"condition":[203010506,1],"points":50,"rewards":[["bep",50],["coin",100000]]}},
{"id":"achievements","key":150,"value":{"type":2,"subType":46,"counter":28,"condition":[203010505,1],"points":100,"rewards":[["bep",100],["coin",200000]]}},
{"id":"achievements","key":151,"value":{"type":2,"subType":46,"counter":28,"condition":[203010507,1],"points":100,"rewards":[["bep",100],["coin",200000]]}},
{"id":"achievements","key":152,"value":{"type":2,"subType":46,"counter":28,"condition":[203010508,1],"points":100,"rewards":[["bep",100],["coin",200000]]}},
{"id":"achievements","key":153,"value":{"type":3,"subType":14,"counter":29,"condition":[500],"points":10,"rewards":[["appellation",10025],["bep",10]]}},
{"id":"achievements","key":154,"value":{"type":3,"subType":14,"counter":29,"condition":[2000],"points":20,"rewards":[["appellation",10035],["bep",20]]}},
{"id":"achievements","key":155,"value":{"type":3,"subType":14,"counter":29,"condition":[5000],"points":40,"rewards":[["appellation",10045],["bep",40]]}},
{"id":"achievements","key":156,"value":{"type":3,"subType":14,"counter":29,"condition":[10000],"points":60,"rewards":[["appellation",10055],["bep",60]]}},
{"id":"achievements","key":157,"value":{"type":3,"subType":14,"counter":29,"condition":[100000],"points":100,"rewards":[["appellation",10065],["bep",100]]}},
{"id":"achievements","key":158,"value":{"type":3,"subType":47,"counter":30,"condition":[606301,1],"points":30,"rewards":[["bep",30],["coin",20000]]}},
{"id":"achievements","key":159,"value":{"type":3,"subType":47,"counter":30,"condition":[606302,1],"points":30,"rewards":[["bep",30],["coin",20000]]}},
{"id":"achievements","key":160,"value":{"type":3,"subType":47,"counter":30,"condition":[606303,1],"points":30,"rewards":[["bep",30],["coin",20000]]}},
{"id":"achievements","key":161,"value":{"type":3,"subType":47,"counter":30,"condition":[606304,1],"points":30,"rewards":[["bep",30],["coin",50000]]}},
{"id":"achievements","key":162,"value":{"type":3,"subType":47,"counter":30,"condition":[606305,1],"points":30,"rewards":[["bep",30],["coin",50000]]}},
{"id":"achievements","key":163,"value":{"type":3,"subType":47,"counter":30,"condition":[606306,1],"points":30,"rewards":[["bep",30],["coin",50000]]}},
{"id":"achievements","key":164,"value":{"type":3,"subType":47,"counter":30,"condition":[606307,1],"points":60,"rewards":[["bep",60],["coin",100000]]}},
{"id":"achievements","key":165,"value":{"type":3,"subType":47,"counter":30,"condition":[606308,1],"points":60,"rewards":[["bep",60],["coin",100000]]}},
{"id":"achievements","key":166,"value":{"type":3,"subType":47,"counter":30,"condition":[606309,1],"points":60,"rewards":[["bep",60],["coin",100000]]}},
{"id":"achievements","key":167,"value":{"type":3,"subType":47,"counter":30,"condition":[606310,1],"points":60,"rewards":[["bep",60],["coin",100000]]}},
{"id":"achievements","key":168,"value":{"type":3,"subType":48,"counter":31,"condition":[605301,605999,10],"points":20,"rewards":[["appellation",10011],["bep",20]]}},
{"id":"achievements","key":169,"value":{"type":3,"subType":48,"counter":31,"condition":[605301,605999,50],"points":40,"rewards":[["appellation",10012],["bep",40]]}},
{"id":"achievements","key":170,"value":{"type":3,"subType":48,"counter":31,"condition":[605301,605999,100],"points":60,"rewards":[["appellation",10013],["bep",60]]}},
{"id":"achievements","key":171,"value":{"type":3,"subType":48,"counter":31,"condition":[605301,605999,200],"points":80,"rewards":[["appellation",10014],["bep",80]]}},
{"id":"achievements","key":172,"value":{"type":3,"subType":48,"counter":31,"condition":[605301,605999,500],"points":100,"rewards":[["appellation",10015],["bep",100]]}},
{"id":"achievements","key":173,"value":{"type":3,"subType":15,"counter":32,"condition":[20],"points":10,"rewards":[["bep",10],["coin",10000]]}},
{"id":"achievements","key":174,"value":{"type":3,"subType":15,"counter":32,"condition":[100],"points":20,"rewards":[["bep",20],["coin",10000]]}},
{"id":"achievements","key":175,"value":{"type":3,"subType":15,"counter":32,"condition":[200],"points":30,"rewards":[["bep",30],["coin",20000]]}},
{"id":"achievements","key":176,"value":{"type":3,"subType":15,"counter":32,"condition":[400],"points":40,"rewards":[["bep",40],["coin",20000]]}},
{"id":"achievements","key":177,"value":{"type":3,"subType":15,"counter":32,"condition":[600],"points":50,"rewards":[["bep",50],["coin",100000]]}},
{"id":"achievements","key":178,"value":{"type":3,"subType":15,"counter":32,"condition":[800],"points":60,"rewards":[["bep",60],["coin",100000]]}},
{"id":"achievements","key":179,"value":{"type":3,"subType":15,"counter":32,"condition":[1000],"points":70,"rewards":[["bep",70],["coin",200000]]}},
{"id":"achievements","key":180,"value":{"type":3,"subType":15,"counter":32,"condition":[2000],"points":80,"rewards":[["bep",80],["coin",200000]]}},
{"id":"achievements","key":181,"value":{"type":3,"subType":15,"counter":32,"condition":[3000],"points":90,"rewards":[["bep",90],["coin",500000]]}},
{"id":"achievements","key":182,"value":{"type":3,"subType":15,"counter":32,"condition":[5000],"points":100,"rewards":[["bep",100],["coin",500000]]}},
{"id":"achievements","key":183,"value":{"type":3,"subType":16,"counter":33,"condition":[201020,1],"points":20,"rewards":[["bep",20],["coin",10000]]}},
{"id":"achievements","key":184,"value":{"type":3,"subType":16,"counter":33,"condition":[201030,1],"points":20,"rewards":[["bep",20],["coin",10000]]}},
{"id":"achievements","key":185,"value":{"type":3,"subType":16,"counter":33,"condition":[201040,1],"points":20,"rewards":[["bep",20],["coin",50000]]}},
{"id":"achievements","key":186,"value":{"type":3,"subType":16,"counter":33,"condition":[201050,1],"points":20,"rewards":[["bep",20],["coin",50000]]}},
{"id":"achievements","key":187,"value":{"type":3,"subType":16,"counter":33,"condition":[201060,1],"points":50,"rewards":[["bep",50],["coin",50000]]}},
{"id":"achievements","key":188,"value":{"type":3,"subType":16,"counter":33,"condition":[201070,1],"points":50,"rewards":[["bep",50],["coin",100000]]}},
{"id":"achievements","key":189,"value":{"type":3,"subType":16,"counter":33,"condition":[201080,1],"points":50,"rewards":[["bep",50],["coin",100000]]}},
{"id":"achievements","key":190,"value":{"type":3,"subType":16,"counter":33,"condition":[201090,1],"points":50,"rewards":[["bep",50],["coin",100000]]}},
{"id":"achievements","key":191,"value":{"type":3,"subType":17,"counter":34,"condition":[5],"points":10,"rewards":[["item",208020601,1,true],["bep",10]]}},
{"id":"achievements","key":192,"value":{"type":3,"subType":17,"counter":34,"condition":[50],"points":20,"rewards":[["item",208020601,1,true],["bep",20]]}},
{"id":"achievements","key":193,"value":{"type":3,"subType":17,"counter":34,"condition":[100],"points":30,"rewards":[["item",208020601,1,true],["bep",30]]}},
{"id":"achievements","key":194,"value":{"type":3,"subType":17,"counter":34,"condition":[200],"points":40,"rewards":[["item",208020601,2,true],["bep",40]]}},
{"id":"achievements","key":195,"value":{"type":3,"subType":17,"counter":34,"condition":[500],"points":50,"rewards":[["item",208020601,2,true],["bep",50]]}},
{"id":"achievements","key":196,"value":{"type":3,"subType":17,"counter":34,"condition":[800],"points":60,"rewards":[["item",208020601,2,true],["bep",60]]}},
{"id":"achievements","key":197,"value":{"type":3,"subType":17,"counter":34,"condition":[1200],"points":70,"rewards":[["item",208020601,5,true],["bep",70]]}},
{"id":"achievements","key":198,"value":{"type":3,"subType":17,"counter":34,"condition":[1600],"points":80,"rewards":[["item",208020601,5,true],["bep",80]]}},
{"id":"achievements","key":199,"value":{"type":3,"subType":17,"counter":34,"condition":[3000],"points":90,"rewards":[["item",208020601,10,true],["bep",90]]}},
{"id":"achievements","key":200,"value":{"type":3,"subType":17,"counter":34,"condition":[5000],"points":100,"rewards":[["item",208020601,10,true],["bep",100]]}},
{"id":"achievements","key":201,"value":{"type":3,"subType":18,"counter":35,"condition":[20],"points":10,"rewards":[["bep",10],["coin",10000]]}},
{"id":"achievements","key":202,"value":{"type":3,"subType":18,"counter":35,"condition":[40],"points":20,"rewards":[["bep",20],["coin",10000]]}},
{"id":"achievements","key":203,"value":{"type":3,"subType":18,"counter":35,"condition":[60],"points":30,"rewards":[["bep",30],["coin",20000]]}},
{"id":"achievements","key":204,"value":{"type":3,"subType":18,"counter":35,"condition":[80],"points":40,"rewards":[["bep",40],["coin",20000]]}},
{"id":"achievements","key":205,"value":{"type":3,"subType":18,"counter":35,"condition":[100],"points":50,"rewards":[["bep",50],["coin",50000]]}},
{"id":"achievements","key":206,"value":{"type":3,"subType":18,"counter":35,"condition":[120],"points":60,"rewards":[["bep",60],["coin",50000]]}},
{"id":"achievements","key":207,"value":{"type":3,"subType":18,"counter":35,"condition":[160],"points":70,"rewards":[["bep",70],["coin",100000]]}},
{"id":"achievements","key":208,"value":{"type":3,"subType":18,"counter":35,"condition":[200],"points":80,"rewards":[["bep",80],["coin",100000]]}},
{"id":"achievements","key":209,"value":{"type":3,"subType":18,"counter":35,"condition":[250],"points":90,"rewards":[["bep",90],["coin",200000]]}},
{"id":"achievements","key":210,"value":{"type":3,"subType":18,"counter":35,"condition":[300],"points":100,"rewards":[["bep",100],["coin",500000]]}},
{"id":"achievements","key":211,"value":{"type":3,"subType":19,"counter":36,"condition":[100],"points":20,"rewards":[["bep",20],["coin",200000]]}},
{"id":"achievements","key":212,"value":{"type":3,"subType":19,"counter":36,"condition":[500],"points":20,"rewards":[["bep",20],["coin",200000]]}},
{"id":"achievements","key":213,"value":{"type":3,"subType":19,"counter":36,"condition":[1000],"points":50,"rewards":[["bep",50],["coin",500000]]}},
{"id":"achievements","key":214,"value":{"type":3,"subType":19,"counter":36,"condition":[2000],"points":50,"rewards":[["bep",50],["coin",500000]]}},
{"id":"achievements","key":215,"value":{"type":3,"subType":19,"counter":36,"condition":[5000],"points":100,"rewards":[["bep",100],["coin",1000000]]}},
{"id":"achievements","key":216,"value":{"type":3,"subType":20,"counter":37,"condition":[1],"points":10,"rewards":[["bep",10],["coin",10000]]}},
{"id":"achievements","key":217,"value":{"type":3,"subType":20,"counter":37,"condition":[5],"points":20,"rewards":[["bep",20],["coin",10000]]}},
{"id":"achievements","key":218,"value":{"type":3,"subType":20,"counter":37,"condition":[10],"points":30,"rewards":[["bep",30],["coin",20000]]}},
{"id":"achievements","key":219,"value":{"type":3,"subType":20,"counter":37,"condition":[20],"points":40,"rewards":[["bep",40],["coin",20000]]}},
{"id":"achievements","key":220,"value":{"type":3,"subType":20,"counter":37,"condition":[50],"points":50,"rewards":[["bep",50],["coin",100000]]}},
{"id":"achievements","key":221,"value":{"type":3,"subType":20,"counter":37,"condition":[100],"points":60,"rewards":[["bep",60],["coin",100000]]}},
{"id":"achievements","key":222,"value":{"type":3,"subType":20,"counter":37,"condition":[200],"points":70,"rewards":[["bep",70],["coin",200000]]}},
{"id":"achievements","key":223,"value":{"type":3,"subType":20,"counter":37,"condition":[500],"points":80,"rewards":[["bep",80],["coin",200000]]}},
{"id":"achievements","key":224,"value":{"type":3,"subType":20,"counter":37,"condition":[1000],"points":90,"rewards":[["bep",90],["coin",500000]]}},
{"id":"achievements","key":225,"value":{"type":3,"subType":20,"counter":37,"condition":[2000],"points":100,"rewards":[["bep",100],["coin",500000]]}},
{"id":"achievements","key":226,"value":{"type":3,"subType":21,"counter":38,"condition":[1],"points":10,"rewards":[["item",208040301,3,true],["bep",10]]}},
{"id":"achievements","key":227,"value":{"type":3,"subType":21,"counter":38,"condition":[5],"points":20,"rewards":[["item",208040301,3,true],["bep",20]]}},
{"id":"achievements","key":228,"value":{"type":3,"subType":21,"counter":38,"condition":[10],"points":30,"rewards":[["item",208040301,3,true],["bep",30]]}},
{"id":"achievements","key":229,"value":{"type":3,"subType":21,"counter":38,"condition":[20],"points":40,"rewards":[["item",208040301,3,true],["bep",40]]}},
{"id":"achievements","key":230,"value":{"type":3,"subType":21,"counter":38,"condition":[50],"points":50,"rewards":[["item",208040301,3,true],["bep",50]]}},
{"id":"achievements","key":231,"value":{"type":3,"subType":21,"counter":38,"condition":[100],"points":60,"rewards":[["item",208040302,3,true],["bep",60]]}},
{"id":"achievements","key":232,"value":{"type":3,"subType":21,"counter":38,"condition":[200],"points":70,"rewards":[["item",208040302,3,true],["bep",70]]}},
{"id":"achievements","key":233,"value":{"type":3,"subType":21,"counter":38,"condition":[500],"points":80,"rewards":[["item",208040302,3,true],["bep",80]]}},
{"id":"achievements","key":234,"value":{"type":3,"subType":21,"counter":38,"condition":[1000],"points":90,"rewards":[["item",208040302,3,true],["bep",90]]}},
{"id":"achievements","key":235,"value":{"type":3,"subType":21,"counter":38,"condition":[2000],"points":100,"rewards":[["item",208040303,3,true],["bep",100]]}},
{"id":"achievements","key":236,"value":{"type":3,"subType":22,"counter":39,"condition":[1],"points":10,"rewards":[["bep",10],["coin",10000]]}},
{"id":"achievements","key":237,"value":{"type":3,"subType":22,"counter":39,"condition":[5],"points":20,"rewards":[["bep",20],["coin",10000]]}},
{"id":"achievements","key":238,"value":{"type":3,"subType":22,"counter":39,"condition":[10],"points":30,"rewards":[["bep",30],["coin",20000]]}},
{"id":"achievements","key":239,"value":{"type":3,"subType":22,"counter":39,"condition":[20],"points":40,"rewards":[["bep",40],["coin",20000]]}},
{"id":"achievements","key":240,"value":{"type":3,"subType":22,"counter":39,"condition":[50],"points":50,"rewards":[["bep",50],["coin",100000]]}},
{"id":"achievements","key":241,"value":{"type":3,"subType":22,"counter":39,"condition":[100],"points":60,"rewards":[["bep",60],["coin",100000]]}},
{"id":"achievements","key":242,"value":{"type":3,"subType":22,"counter":39,"condition":[200],"points":70,"rewards":[["bep",70],["coin",200000]]}},
{"id":"achievements","key":243,"value":{"type":3,"subType":22,"counter":39,"condition":[500],"points":80,"rewards":[["bep",80],["coin",200000]]}},
{"id":"achievements","key":244,"value":{"type":3,"subType":22,"counter":39,"condition":[1000],"points":90,"rewards":[["bep",90],["coin",500000]]}},
{"id":"achievements","key":245,"value":{"type":3,"subType":22,"counter":39,"condition":[2000],"points":100,"rewards":[["bep",100],["coin",500000]]}},
{"id":"achievements","key":246,"value":{"type":3,"subType":23,"counter":40,"condition":[1],"points":10,"rewards":[["bep",10],["coin",10000]]}},
{"id":"achievements","key":247,"value":{"type":3,"subType":23,"counter":40,"condition":[5],"points":20,"rewards":[["bep",20],["coin",10000]]}},
{"id":"achievements","key":248,"value":{"type":3,"subType":23,"counter":40,"condition":[10],"points":30,"rewards":[["bep",30],["coin",20000]]}},
{"id":"achievements","key":249,"value":{"type":3,"subType":23,"counter":40,"condition":[20],"points":40,"rewards":[["bep",40],["coin",20000]]}},
{"id":"achievements","key":250,"value":{"type":3,"subType":23,"counter":40,"condition":[50],"points":50,"rewards":[["bep",50],["coin",100000]]}},
{"id":"achievements","key":251,"value":{"type":3,"subType":23,"counter":40,"condition":[100],"points":60,"rewards":[["bep",60],["coin",100000]]}},
{"id":"achievements","key":252,"value":{"type":3,"subType":23,"counter":40,"condition":[200],"points":70,"rewards":[["bep",70],["coin",200000]]}},
{"id":"achievements","key":253,"value":{"type":3,"subType":23,"counter":40,"condition":[500],"points":80,"rewards":[["bep",80],["coin",200000]]}},
{"id":"achievements","key":254,"value":{"type":3,"subType":23,"counter":40,"condition":[1000],"points":90,"rewards":[["bep",90],["coin",500000]]}},
{"id":"achievements","key":255,"value":{"type":3,"subType":23,"counter":40,"condition":[2000],"points":100,"rewards":[["bep",100],["coin",500000]]}},
{"id":"achievements","key":256,"value":{"type":3,"subType":25,"counter":42,"condition":[619001,619999,1],"points":10,"rewards":[["item",208010451,1,true],["bep",10]]}},
{"id":"achievements","key":257,"value":{"type":3,"subType":25,"counter":42,"condition":[619001,619999,5],"points":20,"rewards":[["item",208010451,1,true],["bep",20]]}},
{"id":"achievements","key":258,"value":{"type":3,"subType":25,"counter":42,"condition":[619001,619999,10],"points":30,"rewards":[["item",208010451,2,true],["bep",30]]}},
{"id":"achievements","key":259,"value":{"type":3,"subType":25,"counter":42,"condition":[619001,619999,20],"points":40,"rewards":[["item",208010451,2,true],["bep",40]]}},
{"id":"achievements","key":260,"value":{"type":3,"subType":25,"counter":42,"condition":[619001,619999,50],"points":50,"rewards":[["item",208010451,2,true],["bep",50]]}},
{"id":"achievements","key":261,"value":{"type":3,"subType":25,"counter":42,"condition":[619001,619999,100],"points":60,"rewards":[["item",208010451,5,true],["bep",60]]}},
{"id":"achievements","key":262,"value":{"type":3,"subType":25,"counter":42,"condition":[619001,619999,200],"points":70,"rewards":[["item",208010451,5,true],["bep",70]]}},
{"id":"achievements","key":263,"value":{"type":3,"subType":25,"counter":42,"condition":[619001,619999,500],"points":80,"rewards":[["item",208010451,10,true],["bep",80]]}},
{"id":"achievements","key":264,"value":{"type":3,"subType":25,"counter":42,"condition":[619001,619999,1000],"points":90,"rewards":[["item",208010451,10,true],["bep",90]]}},
{"id":"achievements","key":265,"value":{"type":3,"subType":25,"counter":42,"condition":[619001,619999,2000],"points":100,"rewards":[["item",208010451,20,true],["bep",100]]}},
{"id":"achievements","key":266,"value":{"type":4,"subType":27,"counter":44,"condition":[5],"points":10,"rewards":[["appellation",10075],["bep",10]]}},
{"id":"achievements","key":267,"value":{"type":4,"subType":27,"counter":44,"condition":[15],"points":20,"rewards":[["appellation",10085],["bep",20]]}},
{"id":"achievements","key":268,"value":{"type":4,"subType":27,"counter":44,"condition":[40],"points":30,"rewards":[["appellation",10095],["bep",30]]}},
{"id":"achievements","key":269,"value":{"type":4,"subType":27,"counter":44,"condition":[100],"points":50,"rewards":[["appellation",10105],["bep",50]]}},
{"id":"achievements","key":270,"value":{"type":4,"subType":27,"counter":44,"condition":[1000],"points":100,"rewards":[["appellation",10115],["bep",100]]}},
{"id":"achievements","key":271,"value":{"type":4,"subType":28,"counter":45,"condition":[10],"points":20,"rewards":[["bep",20],["coin",10000]]}},
{"id":"achievements","key":272,"value":{"type":4,"subType":28,"counter":45,"condition":[20],"points":40,"rewards":[["bep",40],["coin",20000]]}},
{"id":"achievements","key":273,"value":{"type":4,"subType":28,"counter":45,"condition":[30],"points":60,"rewards":[["bep",60],["coin",100000]]}},
{"id":"achievements","key":274,"value":{"type":4,"subType":28,"counter":45,"condition":[40],"points":80,"rewards":[["bep",80],["coin",200000]]}},
{"id":"achievements","key":275,"value":{"type":4,"subType":28,"counter":45,"condition":[50],"points":100,"rewards":[["bep",100],["coin",500000]]}},
{"id":"achievements","key":276,"value":{"type":4,"subType":28,"counter":46,"condition":[10],"points":10,"rewards":[["bep",10],["coin",10000]]}},
{"id":"achievements","key":277,"value":{"type":4,"subType":28,"counter":46,"condition":[20],"points":20,"rewards":[["bep",20],["coin",20000]]}},
{"id":"achievements","key":278,"value":{"type":4,"subType":28,"counter":46,"condition":[30],"points":30,"rewards":[["bep",30],["coin",100000]]}},
{"id":"achievements","key":279,"value":{"type":4,"subType":28,"counter":46,"condition":[40],"points":40,"rewards":[["bep",40],["coin",200000]]}},
{"id":"achievements","key":280,"value":{"type":4,"subType":28,"counter":46,"condition":[50],"points":50,"rewards":[["bep",50],["coin",500000]]}},
{"id":"achievements","key":281,"value":{"type":4,"subType":30,"counter":48,"condition":[10],"points":10,"rewards":[["bep",10],["coin",10000]]}},
{"id":"achievements","key":282,"value":{"type":4,"subType":30,"counter":48,"condition":[50],"points":20,"rewards":[["bep",20],["coin",20000]]}},
{"id":"achievements","key":283,"value":{"type":4,"subType":30,"counter":48,"condition":[100],"points":30,"rewards":[["bep",30],["coin",30000]]}},
{"id":"achievements","key":284,"value":{"type":4,"subType":30,"counter":48,"condition":[200],"points":40,"rewards":[["bep",40],["coin",40000]]}},
{"id":"achievements","key":285,"value":{"type":4,"subType":30,"counter":48,"condition":[500],"points":50,"rewards":[["bep",50],["coin",50000]]}},
{"id":"achievements","key":286,"value":{"type":4,"subType":30,"counter":48,"condition":[1000],"points":60,"rewards":[["bep",60],["coin",100000]]}},
{"id":"achievements","key":287,"value":{"type":4,"subType":30,"counter":48,"condition":[2000],"points":70,"rewards":[["bep",70],["coin",200000]]}},
{"id":"achievements","key":288,"value":{"type":4,"subType":30,"counter":48,"condition":[5000],"points":80,"rewards":[["bep",80],["coin",200000]]}},
{"id":"achievements","key":289,"value":{"type":4,"subType":30,"counter":48,"condition":[8000],"points":90,"rewards":[["bep",90],["coin",500000]]}},
{"id":"achievements","key":290,"value":{"type":4,"subType":30,"counter":48,"condition":[10000],"points":100,"rewards":[["bep",100],["coin",500000]]}},
{"id":"achievements","key":291,"value":{"type":5,"subType":32,"counter":50,"condition":[1000],"points":10,"rewards":[["bep",10],["coin",10000]]}},
{"id":"achievements","key":292,"value":{"type":5,"subType":32,"counter":50,"condition":[2000],"points":20,"rewards":[["bep",20],["coin",10000]]}},
{"id":"achievements","key":293,"value":{"type":5,"subType":32,"counter":50,"condition":[3000],"points":30,"rewards":[["bep",30],["coin",20000]]}},
{"id":"achievements","key":294,"value":{"type":5,"subType":32,"counter":50,"condition":[4000],"points":40,"rewards":[["bep",40],["coin",20000]]}},
{"id":"achievements","key":295,"value":{"type":5,"subType":32,"counter":50,"condition":[5000],"points":50,"rewards":[["bep",50],["coin",100000]]}},
{"id":"achievements","key":296,"value":{"type":5,"subType":32,"counter":50,"condition":[6000],"points":60,"rewards":[["bep",60],["coin",100000]]}},
{"id":"achievements","key":297,"value":{"type":5,"subType":32,"counter":50,"condition":[7000],"points":70,"rewards":[["bep",70],["coin",200000]]}},
{"id":"achievements","key":298,"value":{"type":5,"subType":32,"counter":50,"condition":[8000],"points":80,"rewards":[["bep",80],["coin",200000]]}},
{"id":"achievements","key":299,"value":{"type":5,"subType":32,"counter":50,"condition":[9000],"points":90,"rewards":[["bep",90],["coin",500000]]}},
{"id":"achievements","key":300,"value":{"type":5,"subType":32,"counter":50,"condition":[10000],"points":100,"rewards":[["bep",100],["coin",500000]]}},
{"id":"achievements","key":301,"value":{"type":5,"subType":33,"counter":51,"condition":[1],"points":10,"rewards":[["item",208040301,3,true],["bep",10]]}},
{"id":"achievements","key":302,"value":{"type":5,"subType":33,"counter":51,"condition":[2],"points":20,"rewards":[["item",208040301,3,true],["bep",20]]}},
{"id":"achievements","key":303,"value":{"type":5,"subType":33,"counter":51,"condition":[3],"points":30,"rewards":[["item",208040301,3,true],["bep",30]]}},
{"id":"achievements","key":304,"value":{"type":5,"subType":33,"counter":51,"condition":[4],"points":40,"rewards":[["item",208040301,3,true],["bep",40]]}},
{"id":"achievements","key":305,"value":{"type":5,"subType":33,"counter":51,"condition":[5],"points":50,"rewards":[["item",208040301,3,true],["bep",50]]}},
{"id":"achievements","key":306,"value":{"type":5,"subType":33,"counter":51,"condition":[6],"points":60,"rewards":[["item",208040302,3,true],["bep",60]]}},
{"id":"achievements","key":307,"value":{"type":5,"subType":33,"counter":51,"condition":[7],"points":70,"rewards":[["item",208040302,3,true],["bep",70]]}},
{"id":"achievements","key":308,"value":{"type":5,"subType":33,"counter":51,"condition":[8],"points":85,"rewards":[["item",208040302,3,true],["bep",85]]}},
{"id":"achievements","key":309,"value":{"type":5,"subType":33,"counter":51,"condition":[9],"points":100,"rewards":[["item",208040302,3,true],["bep",100]]}},
{"id":"achievements","key":310,"value":{"type":5,"subType":34,"counter":52,"condition":[500],"points":10,"rewards":[["appellation",10125],["bep",10]]}},
{"id":"achievements","key":311,"value":{"type":5,"subType":34,"counter":52,"condition":[2000],"points":20,"rewards":[["appellation",10135],["bep",20]]}},
{"id":"achievements","key":312,"value":{"type":5,"subType":34,"counter":52,"condition":[5000],"points":30,"rewards":[["appellation",10145],["bep",30]]}},
{"id":"achievements","key":313,"value":{"type":5,"subType":34,"counter":52,"condition":[10000],"points":50,"rewards":[["appellation",10155],["bep",50]]}},
{"id":"achievements","key":314,"value":{"type":5,"subType":34,"counter":52,"condition":[15000],"points":100,"rewards":[["appellation",10165],["bep",100]]}},
{"id":"achievements","key":315,"value":{"type":5,"subType":35,"counter":53,"condition":[1],"points":10,"rewards":[["bep",10],["coin",10000]]}},
{"id":"achievements","key":316,"value":{"type":5,"subType":35,"counter":53,"condition":[5],"points":20,"rewards":[["bep",20],["coin",20000]]}},
{"id":"achievements","key":317,"value":{"type":5,"subType":35,"counter":53,"condition":[10],"points":30,"rewards":[["bep",30],["coin",50000]]}},
{"id":"achievements","key":318,"value":{"type":5,"subType":35,"counter":53,"condition":[20],"points":40,"rewards":[["bep",40],["coin",100000]]}},
{"id":"achievements","key":319,"value":{"type":5,"subType":35,"counter":53,"condition":[50],"points":50,"rewards":[["bep",50],["coin",200000]]}},
{"id":"achievements","key":320,"value":{"type":5,"subType":35,"counter":53,"condition":[100],"points":60,"rewards":[["bep",60],["coin",300000]]}},
{"id":"achievements","key":321,"value":{"type":5,"subType":35,"counter":53,"condition":[200],"points":70,"rewards":[["bep",70],["coin",400000]]}},
{"id":"achievements","key":322,"value":{"type":5,"subType":35,"counter":53,"condition":[500],"points":80,"rewards":[["bep",80],["coin",500000]]}},
{"id":"achievements","key":323,"value":{"type":5,"subType":35,"counter":53,"condition":[1000],"points":90,"rewards":[["bep",90],["coin",800000]]}},
{"id":"achievements","key":324,"value":{"type":5,"subType":35,"counter":53,"condition":[2000],"points":100,"rewards":[["bep",100],["coin",1000000]]}},
{"id":"achievements","key":325,"value":{"type":5,"subType":36,"counter":54,"condition":[2000000],"points":10,"rewards":[["appellation",10175],["bep",10]]}},
{"id":"achievements","key":326,"value":{"type":5,"subType":36,"counter":54,"condition":[10000000],"points":20,"rewards":[["appellation",10185],["bep",20]]}},
{"id":"achievements","key":327,"value":{"type":5,"subType":36,"counter":54,"condition":[30000000],"points":30,"rewards":[["appellation",10195],["bep",30]]}},
{"id":"achievements","key":328,"value":{"type":5,"subType":36,"counter":54,"condition":[100000000],"points":50,"rewards":[["appellation",10205],["bep",50]]}},
{"id":"achievements","key":329,"value":{"type":5,"subType":36,"counter":54,"condition":[1000000000],"points":100,"rewards":[["appellation",10215],["bep",100]]}},
{"id":"achievements","key":330,"value":{"type":5,"subType":37,"counter":55,"condition":[20],"points":10,"rewards":[["appellation",10225],["bep",10]]}},
{"id":"achievements","key":331,"value":{"type":5,"subType":37,"counter":55,"condition":[200],"points":20,"rewards":[["appellation",10235],["bep",20]]}},
{"id":"achievements","key":332,"value":{"type":5,"subType":37,"counter":55,"condition":[500],"points":30,"rewards":[["appellation",10245],["bep",30]]}},
{"id":"achievements","key":333,"value":{"type":5,"subType":37,"counter":55,"condition":[2000],"points":50,"rewards":[["appellation",10255],["bep",50]]}},
{"id":"achievements","key":334,"value":{"type":5,"subType":37,"counter":55,"condition":[5000],"points":100,"rewards":[["appellation",10265],["bep",100]]}}
]}
