{"total_rows":6,"offset":0,"rows":[
{"id":"nobility:101","key":101,"value":{"quality":6,"limit":3,"prestigeLimit":-1,"battlePower":30,"props":{"pvpDamageIncrease":1000}}},
{"id":"nobility:102","key":102,"value":{"quality":5,"limit":7,"prestigeLimit":-1,"battlePower":20,"props":{"pvpDamageIncrease":800}}},
{"id":"nobility:103","key":103,"value":{"quality":4,"limit":30,"prestigeLimit":-1,"battlePower":15,"props":{"pvpDamageIncrease":600}}},
{"id":"nobility:104","key":104,"value":{"quality":4,"limit":60,"prestigeLimit":-1,"battlePower":10,"props":{"pvpDamageIncrease":500}}},
{"id":"nobility:105","key":105,"value":{"quality":3,"limit":-1,"prestigeLimit":8000,"battlePower":6,"props":{"pvpDamageIncrease":300}}},
{"id":"nobility:106","key":106,"value":{"quality":3,"limit":-1,"prestigeLimit":5000,"battlePower":3,"props":{"pvpDamageIncrease":200}}}
]}
