{"total_rows":1,"offset":0,"rows":[
{"id":"prop_type","key":0,"value":[{"id":1,"abbr":"STR","name":"strength"},{"id":2,"abbr":"INT","name":"intelligence"},{"id":3,"abbr":"END","name":"endurance"},{"id":4,"abbr":"VIT","name":"vitality"},{"id":5,"abbr":"DEX","name":"dexterity"},{"id":6,"abbr":"PAK","name":"physicalAttack"},{"id":7,"abbr":"MPA","name":"minPhysicalAttack"},{"id":8,"abbr":"XPA","name":"maxPhysicalAttack"},{"id":9,"abbr":"MAT","name":"magicAttack"},{"id":10,"abbr":"MMA","name":"minMagicAttack"},{"id":11,"abbr":"XMA","name":"maxMagicAttack"},{"id":12,"abbr":"DEF","name":"armor"},{"id":13,"abbr":"RES","name":"resistance"},{"id":14,"abbr":"MHP","name":"health"},{"id":15,"abbr":"HITR","name":"hitRating"},{"id":16,"abbr":"DGER","name":"dodgeRating"},{"id":17,"abbr":"CRCR","name":"criticalRating"},{"id":18,"abbr":"CRSR","name":"criticalResistanceRating"},{"id":19,"abbr":"HIT","name":"hitChance"},{"id":20,"abbr":"DGE","name":"odgeChance"},{"id":21,"abbr":"CRC","name":"criticalChance"},{"id":22,"abbr":"CRS","name":"criticalResistance"},{"id":23,"abbr":"CRD","name":"criticalDamage"},{"id":24,"abbr":"CDR","name":"criticalDamageReduction"},{"id":25,"abbr":"BLK","name":"block"},{"id":26,"abbr":"BLKP","name":"blockPierce"},{"id":27,"abbr":"BLD","name":"blockDamage"},{"id":28,"abbr":"BLDP","name":"blockDamagePenetration"},{"id":29,"abbr":"DMI","name":"damageIncrease"},{"id":30,"abbr":"DMR","name":"damageReduction"},{"id":31,"abbr":"TDI","name":"trueDamageIncrease"},{"id":32,"abbr":"TDR","name":"trueDamageReduction"},{"id":33,"abbr":"PDMI","name":"pvpDamageIncrease"},{"id":34,"abbr":"PDMR","name":"pvpDamageReduction"},{"id":35,"abbr":"BDMI","name":"bossDamageIncrease"},{"id":36,"abbr":"FDMI","name":"finalDamageIncrease"},{"id":37,"abbr":"FDMR","name":"finalDamageReduction"},{"id":38,"abbr":"EARTH","name":"earth"},{"id":39,"abbr":"WATER","name":"water"},{"id":40,"abbr":"FIRE","name":"fire"},{"id":41,"abbr":"AIR","name":"air"},{"id":42,"abbr":"MVS","name":"moveSpeed"},{"id":43,"abbr":"POW","name":"battlePower"},{"id":44,"abbr":"EXP","name":"experience"},{"id":45,"abbr":"MFP","name":"fury"},{"id":46,"abbr":"XPR","name":"xpRecovery"},{"id":47,"abbr":"EEXP","name":"extraExperience"}]}
]}
