{"total_rows":25,"offset":0,"rows":[
{"id":"dress:103111","key":103111,"value":{"dressType":1,"activeProps":[["bp",[2,3,4,5,6,7]],["attack",[24,48,96,144,192,240]],["armor",[12,24,48,72,96,120]],["resistance",[12,24,48,72,96,120]],["health",[240,480,960,1440,1920,2400]]],"materialId":209041131,"materialStarAmount":[1,1,2,3,4,5]}},
{"id":"dress:103112","key":103112,"value":{"dressType":1,"activeProps":[["bp",[2,3,4,5,6,7]],["attack",[24,48,96,144,192,240]],["armor",[12,24,48,72,96,120]],["resistance",[12,24,48,72,96,120]],["health",[240,480,960,1440,1920,2400]]],"materialId":209041131,"materialStarAmount":[1,1,2,3,4,5]}},
{"id":"dress:103221","key":103221,"value":{"dressType":1,"activeProps":[["bp",[2,3,4,5,6,7]],["attack",[24,48,96,144,192,240]],["armor",[12,24,48,72,96,120]],["resistance",[12,24,48,72,96,120]],["health",[240,480,960,1440,1920,2400]]],"materialId":209041231,"materialStarAmount":[1,1,2,3,4,5]}},
{"id":"dress:103222","key":103222,"value":{"dressType":1,"activeProps":[["bp",[2,3,4,5,6,7]],["attack",[24,48,96,144,192,240]],["armor",[12,24,48,72,96,120]],["resistance",[12,24,48,72,96,120]],["health",[240,480,960,1440,1920,2400]]],"materialId":209041231,"materialStarAmount":[1,1,2,3,4,5]}},
{"id":"dress:103223","key":103223,"value":{"dressType":1,"activeProps":[["bp",[2,3,4,5,6,7]],["attack",[24,48,96,144,192,240]],["armor",[12,24,48,72,96,120]],["resistance",[12,24,48,72,96,120]],["health",[240,480,960,1440,1920,2400]]],"materialId":209041231,"materialStarAmount":[1,1,2,3,4,5]}},
{"id":"dress:103224","key":103224,"value":{"dressType":1,"activeProps":[["bp",[2,3,4,5,6,7]],["attack",[24,48,96,144,192,240]],["armor",[12,24,48,72,96,120]],["resistance",[12,24,48,72,96,120]],["health",[240,480,960,1440,1920,2400]]],"materialId":209041231,"materialStarAmount":[1,1,2,3,4,5]}},
{"id":"dress:103311","key":103311,"value":{"dressType":1,"activeProps":[["bp",[2,3,4,5,6,7]],["attack",[24,48,96,144,192,240]],["armor",[12,24,48,72,96,120]],["resistance",[12,24,48,72,96,120]],["health",[240,480,960,1440,1920,2400]]],"materialId":209041331,"materialStarAmount":[1,1,2,3,4,5]}},
{"id":"dress:103312","key":103312,"value":{"dressType":1,"activeProps":[["bp",[2,3,4,5,6,7]],["attack",[24,48,96,144,192,240]],["armor",[12,24,48,72,96,120]],["resistance",[12,24,48,72,96,120]],["health",[240,480,960,1440,1920,2400]]],"materialId":209041331,"materialStarAmount":[1,1,2,3,4,5]}},
{"id":"dress:103313","key":103313,"value":{"dressType":1,"activeProps":[["bp",[2,3,4,5,6,7]],["attack",[24,48,96,144,192,240]],["armor",[12,24,48,72,96,120]],["resistance",[12,24,48,72,96,120]],["health",[240,480,960,1440,1920,2400]]],"materialId":209041331,"materialStarAmount":[1,1,2,3,4,5]}},
{"id":"dress:103314","key":103314,"value":{"dressType":1,"activeProps":[["bp",[2,3,4,5,6,7]],["attack",[24,48,96,144,192,240]],["armor",[12,24,48,72,96,120]],["resistance",[12,24,48,72,96,120]],["health",[240,480,960,1440,1920,2400]]],"materialId":209041331,"materialStarAmount":[1,1,2,3,4,5]}},
{"id":"dress:103315","key":103315,"value":{"dressType":1,"activeProps":[["bp",[2,3,4,5,6,7]],["attack",[24,48,96,144,192,240]],["armor",[12,24,48,72,96,120]],["resistance",[12,24,48,72,96,120]],["health",[240,480,960,1440,1920,2400]]],"materialId":209041331,"materialStarAmount":[1,1,2,3,4,5]}},
{"id":"dress:203111","key":203111,"value":{"dressType":2,"activeProps":[["bp",[2,3,4,5,6,7]],["attack",[24,48,96,144,192,240]],["armor",[12,24,48,72,96,120]],["resistance",[12,24,48,72,96,120]],["health",[240,480,960,1440,1920,2400]]],"materialId":209041131,"materialStarAmount":[1,1,2,3,4,5]}},
{"id":"dress:203112","key":203112,"value":{"dressType":2,"activeProps":[["bp",[2,3,4,5,6,7]],["attack",[24,48,96,144,192,240]],["armor",[12,24,48,72,96,120]],["resistance",[12,24,48,72,96,120]],["health",[240,480,960,1440,1920,2400]]],"materialId":209041131,"materialStarAmount":[1,1,2,3,4,5]}},
{"id":"dress:203113","key":203113,"value":{"dressType":2,"activeProps":[["bp",[2,3,4,5,6,7]],["attack",[24,48,96,144,192,240]],["armor",[12,24,48,72,96,120]],["resistance",[12,24,48,72,96,120]],["health",[240,480,960,1440,1920,2400]]],"materialId":209041131,"materialStarAmount":[1,1,2,3,4,5]}},
{"id":"dress:203114","key":203114,"value":{"dressType":2,"activeProps":[["bp",[2,3,4,5,6,7]],["attack",[24,48,96,144,192,240]],["armor",[12,24,48,72,96,120]],["resistance",[12,24,48,72,96,120]],["health",[240,480,960,1440,1920,2400]]],"materialId":209041131,"materialStarAmount":[1,1,2,3,4,5]}},
{"id":"dress:203221","key":203221,"value":{"dressType":2,"activeProps":[["bp",[2,3,4,5,6,7]],["attack",[24,48,96,144,192,240]],["armor",[12,24,48,72,96,120]],["resistance",[12,24,48,72,96,120]],["health",[240,480,960,1440,1920,2400]]],"materialId":209041231,"materialStarAmount":[1,1,2,3,4,5]}},
{"id":"dress:203222","key":203222,"value":{"dressType":2,"activeProps":[["bp",[2,3,4,5,6,7]],["attack",[24,48,96,144,192,240]],["armor",[12,24,48,72,96,120]],["resistance",[12,24,48,72,96,120]],["health",[240,480,960,1440,1920,2400]]],"materialId":209041231,"materialStarAmount":[1,1,2,3,4,5]}},
{"id":"dress:203223","key":203223,"value":{"dressType":2,"activeProps":[["bp",[2,3,4,5,6,7]],["attack",[24,48,96,144,192,240]],["armor",[12,24,48,72,96,120]],["resistance",[12,24,48,72,96,120]],["health",[240,480,960,1440,1920,2400]]],"materialId":209041231,"materialStarAmount":[1,1,2,3,4,5]}},
{"id":"dress:203311","key":203311,"value":{"dressType":2,"activeProps":[["bp",[2,3,4,5,6,7]],["attack",[24,48,96,144,192,240]],["armor",[12,24,48,72,96,120]],["resistance",[12,24,48,72,96,120]],["health",[240,480,960,1440,1920,2400]]],"materialId":209041331,"materialStarAmount":[1,1,2,3,4,5]}},
{"id":"dress:203312","key":203312,"value":{"dressType":2,"activeProps":[["bp",[2,3,4,5,6,7]],["attack",[24,48,96,144,192,240]],["armor",[12,24,48,72,96,120]],["resistance",[12,24,48,72,96,120]],["health",[240,480,960,1440,1920,2400]]],"materialId":209041331,"materialStarAmount":[1,1,2,3,4,5]}},
{"id":"dress:203313","key":203313,"value":{"dressType":2,"activeProps":[["bp",[2,3,4,5,6,7]],["attack",[24,48,96,144,192,240]],["armor",[12,24,48,72,96,120]],["resistance",[12,24,48,72,96,120]],["health",[240,480,960,1440,1920,2400]]],"materialId":209041331,"materialStarAmount":[1,1,2,3,4,5]}},
{"id":"dress:203314","key":203314,"value":{"dressType":2,"activeProps":[["bp",[2,3,4,5,6,7]],["attack",[24,48,96,144,192,240]],["armor",[12,24,48,72,96,120]],["resistance",[12,24,48,72,96,120]],["health",[240,480,960,1440,1920,2400]]],"materialId":209041331,"materialStarAmount":[1,1,2,3,4,5]}},
{"id":"dress:212116","key":212116,"value":{"dressType":2,"activeProps":[["bp",[2,3,4,5,6,7]],["attack",[24,48,96,144,192,240]],["armor",[12,24,48,72,96,120]],["resistance",[12,24,48,72,96,120]],["health",[240,480,960,1440,1920,2400]]],"materialId":209041131,"materialStarAmount":[1,1,2,3,4,5]}},
{"id":"dress:212226","key":212226,"value":{"dressType":2,"activeProps":[["bp",[2,3,4,5,6,7]],["attack",[24,48,96,144,192,240]],["armor",[12,24,48,72,96,120]],["resistance",[12,24,48,72,96,120]],["health",[240,480,960,1440,1920,2400]]],"materialId":209041131,"materialStarAmount":[1,1,2,3,4,5]}},
{"id":"dress:212316","key":212316,"value":{"dressType":2,"activeProps":[["bp",[2,3,4,5,6,7]],["attack",[24,48,96,144,192,240]],["armor",[12,24,48,72,96,120]],["resistance",[12,24,48,72,96,120]],["health",[240,480,960,1440,1920,2400]]],"materialId":209041131,"materialStarAmount":[1,1,2,3,4,5]}}
]}
