{"total_rows":30,"offset":0,"rows":[
{"id":"battle_config:1101","key":1101,"value":{"filed":"character.level"}},
{"id":"battle_config:1110","key":1110,"value":{"filed":"character.spell"}},
{"id":"battle_config:1202","key":1202,"value":{"filed":"character.shape"}},
{"id":"battle_config:1203","key":1203,"value":{"filed":"character.shapestars"}},
{"id":"battle_config:1304","key":1304,"value":{"filed":"character.dresses"}},
{"id":"battle_config:1305","key":1305,"value":{"filed":"character.dressestars"}},
{"id":"battle_config:1406","key":1406,"value":{"filed":"character.mount"}},
{"id":"battle_config:1407","key":1407,"value":{"filed":"character.appelation"}},
{"id":"battle_config:1508","key":1508,"value":{"filed":"social.prestige"}},
{"id":"battle_config:1509","key":1509,"value":{"filed":"social.nobility"}},
{"id":"battle_config:1610","key":1610,"value":{"filed":"character.vip"}},
{"id":"battle_config:2101","key":2101,"value":{"filed":"equipments.equipments"}},
{"id":"battle_config:2102","key":2102,"value":{"filed":"equipments.enhanced"}},
{"id":"battle_config:2103","key":2103,"value":{"filed":"equipments.set"}},
{"id":"battle_config:2104","key":2104,"value":{}},
{"id":"battle_config:2105","key":2105,"value":{"filed":"equipments.sockets"}},
{"id":"battle_config:2106","key":2106,"value":{"filed":"equipments.t_level"}},
{"id":"battle_config:2107","key":2107,"value":{"filed":"equipments.t_rank"}},
{"id":"battle_config:2108","key":2108,"value":{"filed":"equipments.t_power"}},
{"id":"battle_config:2109","key":2109,"value":{"filed":"equipments.t_dress"}},
{"id":"battle_config:3101","key":3101,"value":{}},
{"id":"battle_config:3102","key":3102,"value":{}},
{"id":"battle_config:3103","key":3103,"value":{"filed":"eudemons.star"}},
{"id":"battle_config:3104","key":3104,"value":{}},
{"id":"battle_config:3105","key":3105,"value":{"filed":"eudemons.knights"}},
{"id":"battle_config:3106","key":3106,"value":{}},
{"id":"battle_config:3107","key":3107,"value":{"filed":"eudemons.talent"}},
{"id":"battle_config:3108","key":3108,"value":{"filed":"eudemons.ranking"}},
{"id":"battle_config:4101","key":4101,"value":{"filed":"group.totem"}},
{"id":"battle_config:4102","key":4102,"value":{"filed":"group.member_type"}}
]}
