{"total_rows":30,"offset":0,"rows":[
{"id":"random:1","key":1,"value":{"equipment":{"level":[0,1],"quality":[1,1],"enhance":[0,10]},"gem":{"level":[0,0],"amount":[0,0],"quality":[0,0]},"spell":[1,1,0,0]}},
{"id":"random:11","key":11,"value":{"equipment":{"level":[0,1],"quality":[1,1],"enhance":[0,10]},"gem":{"level":[0,0],"amount":[0,0],"quality":[0,0]},"spell":[2,1,1,1]}},
{"id":"random:21","key":21,"value":{"equipment":{"level":[0,1],"quality":[1,1],"enhance":[0,10]},"gem":{"level":[0,0],"amount":[0,0],"quality":[0,0]},"spell":[3,2,1,1]}},
{"id":"random:31","key":31,"value":{"equipment":{"level":[0,1],"quality":[1,1],"enhance":[10,20]},"gem":{"level":[0,0],"amount":[0,0],"quality":[0,0]},"spell":[4,2,2,2]}},
{"id":"random:41","key":41,"value":{"equipment":{"level":[1,1],"quality":[1,1],"enhance":[20,30]},"gem":{"level":[0,0],"amount":[0,0],"quality":[0,0]},"spell":[5,3,2,2]}},
{"id":"random:51","key":51,"value":{"equipment":{"level":[1,1],"quality":[1,1],"enhance":[30,40]},"gem":{"level":[0,0],"amount":[0,0],"quality":[0,0]},"spell":[6,4,3,3]}},
{"id":"random:61","key":61,"value":{"equipment":{"level":[1,2],"quality":[1,2],"enhance":[40,50]},"gem":{"level":[0,0],"amount":[0,0],"quality":[0,0]},"spell":[7,4,3,3]}},
{"id":"random:71","key":71,"value":{"equipment":{"level":[2,2],"quality":[1,2],"enhance":[60,70]},"gem":{"level":[1,2],"amount":[2,3],"quality":[1,1]},"spell":[8,5,4,4]}},
{"id":"random:81","key":81,"value":{"equipment":{"level":[2,2],"quality":[1,2],"enhance":[70,80]},"gem":{"level":[1,2],"amount":[3,4],"quality":[1,1]},"spell":[9,6,4,4]}},
{"id":"random:91","key":91,"value":{"equipment":{"level":[2,3],"quality":[2,3],"enhance":[80,90]},"gem":{"level":[1,2],"amount":[4,5],"quality":[1,2]},"spell":[10,6,5,5]}},
{"id":"random:101","key":101,"value":{"equipment":{"level":[3,3],"quality":[2,3],"enhance":[90,100]},"gem":{"level":[2,3],"amount":[7,9],"quality":[2,2]},"spell":[10,7,6,5]}},
{"id":"random:111","key":111,"value":{"equipment":{"level":[3,3],"quality":[2,3],"enhance":[110,120]},"gem":{"level":[2,3],"amount":[8,10],"quality":[2,2]},"spell":[10,7,6,6]}},
{"id":"random:121","key":121,"value":{"equipment":{"level":[3,4],"quality":[2,3],"enhance":[120,130]},"gem":{"level":[2,3],"amount":[9,11],"quality":[2,3]},"spell":[10,8,7,6]}},
{"id":"random:131","key":131,"value":{"equipment":{"level":[4,4],"quality":[2,3],"enhance":[130,140]},"gem":{"level":[3,4],"amount":[15,15],"quality":[2,3]},"spell":[10,9,7,7]}},
{"id":"random:141","key":141,"value":{"equipment":{"level":[4,4],"quality":[2,3],"enhance":[140,150]},"gem":{"level":[3,4],"amount":[16,16],"quality":[3,3]},"spell":[10,9,8,7]}},
{"id":"random:151","key":151,"value":{"equipment":{"level":[4,5],"quality":[3,4],"enhance":[150,160]},"gem":{"level":[3,4],"amount":[17,17],"quality":[3,3]},"spell":[10,10,8,8]}},
{"id":"random:161","key":161,"value":{"equipment":{"level":[5,5],"quality":[3,4],"enhance":[160,170]},"gem":{"level":[4,5],"amount":[21,21],"quality":[3,3]},"spell":[10,10,9,8]}},
{"id":"random:171","key":171,"value":{"equipment":{"level":[5,5],"quality":[3,4],"enhance":[170,180]},"gem":{"level":[4,5],"amount":[22,22],"quality":[3,4]},"spell":[10,10,9,9]}},
{"id":"random:181","key":181,"value":{"equipment":{"level":[5,6],"quality":[3,4],"enhance":[180,190]},"gem":{"level":[4,5],"amount":[23,23],"quality":[3,4]},"spell":[10,10,10,9]}},
{"id":"random:191","key":191,"value":{"equipment":{"level":[6,6],"quality":[3,4],"enhance":[190,200]},"gem":{"level":[5,6],"amount":[27,27],"quality":[4,4]},"spell":[10,10,10,10]}},
{"id":"random:201","key":201,"value":{"equipment":{"level":[6,6],"quality":[3,4],"enhance":[200,210]},"gem":{"level":[5,6],"amount":[28,28],"quality":[4,4]},"spell":[10,10,10,10]}},
{"id":"random:211","key":211,"value":{"equipment":{"level":[6,7],"quality":[3,4],"enhance":[210,220]},"gem":{"level":[5,6],"amount":[29,29],"quality":[4,4]},"spell":[10,10,10,10]}},
{"id":"random:221","key":221,"value":{"equipment":{"level":[7,7],"quality":[3,4],"enhance":[220,230]},"gem":{"level":[6,7],"amount":[30,30],"quality":[4,4]},"spell":[10,10,10,10]}},
{"id":"random:231","key":231,"value":{"equipment":{"level":[7,7],"quality":[3,5],"enhance":[230,240]},"gem":{"level":[6,7],"amount":[30,30],"quality":[4,5]},"spell":[10,10,10,10]}},
{"id":"random:241","key":241,"value":{"equipment":{"level":[7,8],"quality":[4,5],"enhance":[240,250]},"gem":{"level":[6,7],"amount":[30,30],"quality":[4,5]},"spell":[10,10,10,10]}},
{"id":"random:251","key":251,"value":{"equipment":{"level":[8,8],"quality":[4,5],"enhance":[250,260]},"gem":{"level":[7,8],"amount":[30,30],"quality":[5,5]},"spell":[10,10,10,10]}},
{"id":"random:261","key":261,"value":{"equipment":{"level":[8,9],"quality":[4,5],"enhance":[260,270]},"gem":{"level":[7,8],"amount":[30,30],"quality":[5,5]},"spell":[10,10,10,10]}},
{"id":"random:271","key":271,"value":{"equipment":{"level":[9,10],"quality":[5,6],"enhance":[270,280]},"gem":{"level":[8,9],"amount":[30,30],"quality":[5,5]},"spell":[10,10,10,10]}},
{"id":"random:281","key":281,"value":{"equipment":{"level":[9,10],"quality":[5,6],"enhance":[280,290]},"gem":{"level":[8,9],"amount":[30,30],"quality":[5,6]},"spell":[10,10,10,10]}},
{"id":"random:291","key":291,"value":{"equipment":{"level":[10,10],"quality":[5,6],"enhance":[290,300]},"gem":{"level":[9,10],"amount":[30,30],"quality":[5,6]},"spell":[10,10,10,10]}}
]}
