{"total_rows":4,"offset":0,"rows":[
{"id":"mount:209030031","key":209030031,"value":{"name":"狮子星炎华兽","gender":-1,"class":-1,"levelLow":1,"levelTop":300,"quality":3,"speedRate":0.5,"cost":[["item",209060031,1],["item",209060031,3],["item",209060031,5]],"props":{}}},
{"id":"mount:209030041","key":209030041,"value":{"name":"魅影冥龙・纳迦","gender":-1,"class":-1,"levelLow":1,"levelTop":300,"quality":4,"speedRate":0.75,"cost":[["item",209060041,1],["item",209060041,3],["item",209060041,5]],"props":{}}},
{"id":"mount:209030051","key":209030051,"value":{"name":"雷霆追风兽","gender":-1,"class":-1,"levelLow":1,"levelTop":300,"quality":5,"speedRate":1,"cost":[["item",209060051,1],["item",209060051,3],["item",209060051,5]],"props":{}}},
{"id":"mount:209030061","key":209030061,"value":{"name":"不死鸟菲尼克","gender":-1,"class":-1,"levelLow":1,"levelTop":300,"quality":6,"speedRate":1,"cost":[["item",209060061,1],["item",209060061,3],["item",209060061,5]],"props":{}}}
]}
