{"total_rows":54,"offset":0,"rows":[
{"id":"appellation:10011","key":10011,"value":{"name":"猎人","type":1,"quality":1,"timeType":"forever"}},
{"id":"appellation:10012","key":10012,"value":{"name":"猎龙者","type":1,"quality":2,"timeType":"forever"}},
{"id":"appellation:10013","key":10013,"value":{"name":"巨怪克星","type":1,"quality":3,"timeType":"forever"}},
{"id":"appellation:10014","key":10014,"value":{"name":"魔神追猎者","type":1,"quality":4,"timeType":"forever"}},
{"id":"appellation:10015","key":10015,"value":{"name":"狂猎之主","type":1,"quality":5,"timeType":"forever"}},
{"id":"appellation:10025","key":10025,"value":{"name":"佣兵","type":1,"quality":1,"timeType":"forever"}},
{"id":"appellation:10035","key":10035,"value":{"name":"守夜人","type":1,"quality":2,"timeType":"forever"}},
{"id":"appellation:10045","key":10045,"value":{"name":"破魔骑士","type":1,"quality":3,"timeType":"forever"}},
{"id":"appellation:10055","key":10055,"value":{"name":"兽潮清除者","type":1,"quality":4,"timeType":"forever"}},
{"id":"appellation:10065","key":10065,"value":{"name":"勇者之冠","type":1,"quality":5,"timeType":"forever"}},
{"id":"appellation:10075","key":10075,"value":{"name":"浪客","type":1,"quality":1,"timeType":"forever"}},
{"id":"appellation:10085","key":10085,"value":{"name":"仲裁人","type":1,"quality":2,"timeType":"forever"}},
{"id":"appellation:10095","key":10095,"value":{"name":"冷血判官","type":1,"quality":3,"timeType":"forever"}},
{"id":"appellation:10105","key":10105,"value":{"name":"黑暗驱逐者","type":1,"quality":4,"timeType":"forever"}},
{"id":"appellation:10115","key":10115,"value":{"name":"战争之王","type":1,"quality":5,"timeType":"forever"}},
{"id":"appellation:10125","key":10125,"value":{"name":"学徒","type":1,"quality":1,"timeType":"forever"}},
{"id":"appellation:10135","key":10135,"value":{"name":"探索者","type":1,"quality":2,"timeType":"forever"}},
{"id":"appellation:10145","key":10145,"value":{"name":"八方旅人","type":1,"quality":3,"timeType":"forever"}},
{"id":"appellation:10155","key":10155,"value":{"name":"传奇冒险家","type":1,"quality":4,"timeType":"forever"}},
{"id":"appellation:10165","key":10165,"value":{"name":"命运之手","type":1,"quality":5,"timeType":"forever"}},
{"id":"appellation:10175","key":10175,"value":{"name":"行商","type":1,"quality":1,"timeType":"forever"}},
{"id":"appellation:10185","key":10185,"value":{"name":"聚财者","type":1,"quality":2,"timeType":"forever"}},
{"id":"appellation:10195","key":10195,"value":{"name":"生财有道","type":1,"quality":3,"timeType":"forever"}},
{"id":"appellation:10205","key":10205,"value":{"name":"财富收割机","type":1,"quality":4,"timeType":"forever"}},
{"id":"appellation:10215","key":10215,"value":{"name":"富可敌国","type":1,"quality":5,"timeType":"forever"}},
{"id":"appellation:10225","key":10225,"value":{"name":"学者","type":1,"quality":1,"timeType":"forever"}},
{"id":"appellation:10235","key":10235,"value":{"name":"守秘人","type":1,"quality":2,"timeType":"forever"}},
{"id":"appellation:10245","key":10245,"value":{"name":"百科全书","type":1,"quality":3,"timeType":"forever"}},
{"id":"appellation:10255","key":10255,"value":{"name":"万物探寻者","type":1,"quality":4,"timeType":"forever"}},
{"id":"appellation:10265","key":10265,"value":{"name":"全知之眼","type":1,"quality":5,"timeType":"forever"}},
{"id":"appellation:20011","key":20011,"value":{"name":"魔域圣者","type":2,"quality":6,"timeType":"obtain","duration":24}},
{"id":"appellation:20012","key":20012,"value":{"name":"魔域智者","type":2,"quality":5,"timeType":"obtain","duration":24}},
{"id":"appellation:20013","key":20013,"value":{"name":"魔域慧者","type":2,"quality":4,"timeType":"obtain","duration":24}},
{"id":"appellation:20021","key":20021,"value":{"name":"卡诺萨城主","type":2,"quality":6,"timeType":"obtain","duration":167}},
{"id":"appellation:20022","key":20022,"value":{"name":"声名显赫","type":2,"quality":5,"timeType":"obtain","duration":24}},
{"id":"appellation:20023","key":20023,"value":{"name":"名动天下","type":2,"quality":6,"timeType":"obtain","duration":24}},
{"id":"appellation:20031","key":20031,"value":{"name":"军团霸主","type":2,"quality":6,"timeType":"forever"}},
{"id":"appellation:20041","key":20041,"value":{"name":"冲级之王","type":2,"quality":5,"timeType":"forever"}},
{"id":"appellation:20042","key":20042,"value":{"name":"法宝达人","type":2,"quality":5,"timeType":"forever"}},
{"id":"appellation:20043","key":20043,"value":{"name":"御兽大师","type":2,"quality":5,"timeType":"forever"}},
{"id":"appellation:20044","key":20044,"value":{"name":"任性之人","type":2,"quality":5,"timeType":"forever"}},
{"id":"appellation:20045","key":20045,"value":{"name":"宝石大师","type":2,"quality":5,"timeType":"forever"}},
{"id":"appellation:20046","key":20046,"value":{"name":"战力之王","type":2,"quality":5,"timeType":"forever"}},
{"id":"appellation:20047","key":20047,"value":{"name":"带头大哥","type":2,"quality":6,"timeType":"forever"}},
{"id":"appellation:50001","key":50001,"value":{"name":"星之战士","type":3,"quality":3,"timeType":"forever"}},
{"id":"appellation:50002","key":50002,"value":{"name":"月之祭祀","type":3,"quality":4,"timeType":"forever"}},
{"id":"appellation:50003","key":50003,"value":{"name":"神之使者","type":3,"quality":5,"timeType":"forever"}},
{"id":"appellation:50004","key":50004,"value":{"name":"龙之威严","type":3,"quality":5,"timeType":"forever"}},
{"id":"appellation:50005","key":50005,"value":{"name":"圣之血脉","type":3,"quality":6,"timeType":"forever"}},
{"id":"appellation:50006","key":50006,"value":{"name":"天之权柄","type":3,"quality":6,"timeType":"forever"}},
{"id":"appellation:60001","key":60001,"value":{"name":"心悦战神","type":2,"quality":3,"timeType":"forever"}},
{"id":"appellation:60002","key":60002,"value":{"name":"超级魔魂","type":2,"quality":3,"timeType":"forever"}},
{"id":"appellation:60003","key":60003,"value":{"name":"至尊魔神","type":2,"quality":3,"timeType":"forever"}},
{"id":"appellation:60004","key":60004,"value":{"name":"电竞大师","type":2,"quality":3,"timeType":"forever"}}
]}
