{"total_rows":201,"offset":0,"rows":[
{"id":"prestige_rating:1","key":1,"value":{"quality":1,"levelUp":57,"minAttack":1,"maxAttack":2,"hp":20,"battlePower":3,"devilTowerLayer":1}},
{"id":"prestige_rating:2","key":2,"value":{"quality":1,"levelUp":121,"minAttack":2,"maxAttack":4,"hp":30,"battlePower":6,"devilTowerLayer":1}},
{"id":"prestige_rating:3","key":3,"value":{"quality":1,"levelUp":194,"minAttack":4,"maxAttack":6,"hp":50,"battlePower":6,"devilTowerLayer":1}},
{"id":"prestige_rating:4","key":4,"value":{"quality":1,"levelUp":277,"minAttack":5,"maxAttack":7,"hp":60,"battlePower":6,"devilTowerLayer":1}},
{"id":"prestige_rating:5","key":5,"value":{"quality":1,"levelUp":371,"minAttack":6,"maxAttack":10,"hp":80,"battlePower":6,"devilTowerLayer":1}},
{"id":"prestige_rating:6","key":6,"value":{"quality":1,"levelUp":477,"minAttack":7,"maxAttack":11,"hp":90,"battlePower":6,"devilTowerLayer":1}},
{"id":"prestige_rating:7","key":7,"value":{"quality":1,"levelUp":596,"minAttack":11,"maxAttack":17,"hp":140,"battlePower":9,"devilTowerLayer":1}},
{"id":"prestige_rating:8","key":8,"value":{"quality":1,"levelUp":729,"minAttack":13,"maxAttack":19,"hp":160,"battlePower":9,"devilTowerLayer":1}},
{"id":"prestige_rating:9","key":9,"value":{"quality":1,"levelUp":878,"minAttack":14,"maxAttack":22,"hp":180,"battlePower":9,"devilTowerLayer":1}},
{"id":"prestige_rating:10","key":10,"value":{"quality":1,"levelUp":1043,"minAttack":16,"maxAttack":24,"hp":200,"battlePower":9,"devilTowerLayer":1}},
{"id":"prestige_rating:11","key":11,"value":{"quality":1,"levelUp":1226,"minAttack":18,"maxAttack":26,"hp":220,"battlePower":9,"devilTowerLayer":1}},
{"id":"prestige_rating:12","key":12,"value":{"quality":1,"levelUp":1427,"minAttack":19,"maxAttack":29,"hp":240,"battlePower":12,"devilTowerLayer":10}},
{"id":"prestige_rating:13","key":13,"value":{"quality":1,"levelUp":1648,"minAttack":21,"maxAttack":31,"hp":260,"battlePower":12,"devilTowerLayer":10}},
{"id":"prestige_rating:14","key":14,"value":{"quality":1,"levelUp":1890,"minAttack":27,"maxAttack":41,"hp":340,"battlePower":12,"devilTowerLayer":10}},
{"id":"prestige_rating:15","key":15,"value":{"quality":1,"levelUp":2154,"minAttack":29,"maxAttack":43,"hp":360,"battlePower":12,"devilTowerLayer":10}},
{"id":"prestige_rating:16","key":16,"value":{"quality":1,"levelUp":2441,"minAttack":31,"maxAttack":47,"hp":390,"battlePower":12,"devilTowerLayer":10}},
{"id":"prestige_rating:17","key":17,"value":{"quality":1,"levelUp":2752,"minAttack":33,"maxAttack":49,"hp":410,"battlePower":15,"devilTowerLayer":10}},
{"id":"prestige_rating:18","key":18,"value":{"quality":1,"levelUp":3088,"minAttack":34,"maxAttack":52,"hp":430,"battlePower":15,"devilTowerLayer":10}},
{"id":"prestige_rating:19","key":19,"value":{"quality":1,"levelUp":3451,"minAttack":37,"maxAttack":55,"hp":460,"battlePower":15,"devilTowerLayer":10}},
{"id":"prestige_rating:20","key":20,"value":{"quality":1,"levelUp":3841,"minAttack":38,"maxAttack":58,"hp":480,"battlePower":15,"devilTowerLayer":10}},
{"id":"prestige_rating:21","key":21,"value":{"quality":1,"levelUp":4260,"minAttack":48,"maxAttack":72,"hp":600,"battlePower":15,"devilTowerLayer":10}},
{"id":"prestige_rating:22","key":22,"value":{"quality":1,"levelUp":4708,"minAttack":50,"maxAttack":76,"hp":630,"battlePower":18,"devilTowerLayer":20}},
{"id":"prestige_rating:23","key":23,"value":{"quality":1,"levelUp":5187,"minAttack":53,"maxAttack":79,"hp":660,"battlePower":18,"devilTowerLayer":20}},
{"id":"prestige_rating:24","key":24,"value":{"quality":1,"levelUp":5698,"minAttack":55,"maxAttack":83,"hp":690,"battlePower":18,"devilTowerLayer":20}},
{"id":"prestige_rating:25","key":25,"value":{"quality":1,"levelUp":6242,"minAttack":57,"maxAttack":85,"hp":710,"battlePower":18,"devilTowerLayer":20}},
{"id":"prestige_rating:26","key":26,"value":{"quality":1,"levelUp":6820,"minAttack":59,"maxAttack":89,"hp":740,"battlePower":18,"devilTowerLayer":20}},
{"id":"prestige_rating:27","key":27,"value":{"quality":1,"levelUp":7433,"minAttack":71,"maxAttack":107,"hp":890,"battlePower":21,"devilTowerLayer":20}},
{"id":"prestige_rating:28","key":28,"value":{"quality":1,"levelUp":8082,"minAttack":74,"maxAttack":110,"hp":920,"battlePower":21,"devilTowerLayer":20}},
{"id":"prestige_rating:29","key":29,"value":{"quality":1,"levelUp":8769,"minAttack":77,"maxAttack":115,"hp":960,"battlePower":21,"devilTowerLayer":20}},
{"id":"prestige_rating:30","key":30,"value":{"quality":1,"levelUp":9494,"minAttack":79,"maxAttack":119,"hp":990,"battlePower":21,"devilTowerLayer":20}},
{"id":"prestige_rating:31","key":31,"value":{"quality":1,"levelUp":10259,"minAttack":82,"maxAttack":122,"hp":1020,"battlePower":21,"devilTowerLayer":20}},
{"id":"prestige_rating:32","key":32,"value":{"quality":1,"levelUp":11064,"minAttack":85,"maxAttack":127,"hp":1060,"battlePower":24,"devilTowerLayer":30}},
{"id":"prestige_rating:33","key":33,"value":{"quality":1,"levelUp":11911,"minAttack":87,"maxAttack":131,"hp":1090,"battlePower":24,"devilTowerLayer":30}},
{"id":"prestige_rating:34","key":34,"value":{"quality":1,"levelUp":12801,"minAttack":102,"maxAttack":152,"hp":1270,"battlePower":24,"devilTowerLayer":30}},
{"id":"prestige_rating:35","key":35,"value":{"quality":1,"levelUp":13735,"minAttack":105,"maxAttack":157,"hp":1310,"battlePower":24,"devilTowerLayer":30}},
{"id":"prestige_rating:36","key":36,"value":{"quality":1,"levelUp":14714,"minAttack":108,"maxAttack":162,"hp":1350,"battlePower":24,"devilTowerLayer":30}},
{"id":"prestige_rating:37","key":37,"value":{"quality":1,"levelUp":15739,"minAttack":111,"maxAttack":167,"hp":1390,"battlePower":27,"devilTowerLayer":30}},
{"id":"prestige_rating:38","key":38,"value":{"quality":1,"levelUp":16811,"minAttack":114,"maxAttack":170,"hp":1420,"battlePower":27,"devilTowerLayer":30}},
{"id":"prestige_rating:39","key":39,"value":{"quality":1,"levelUp":17932,"minAttack":117,"maxAttack":175,"hp":1460,"battlePower":27,"devilTowerLayer":30}},
{"id":"prestige_rating:40","key":40,"value":{"quality":1,"levelUp":19102,"minAttack":120,"maxAttack":180,"hp":1500,"battlePower":27,"devilTowerLayer":30}},
{"id":"prestige_rating:41","key":41,"value":{"quality":1,"levelUp":20323,"minAttack":138,"maxAttack":206,"hp":1720,"battlePower":27,"devilTowerLayer":30}},
{"id":"prestige_rating:42","key":42,"value":{"quality":1,"levelUp":21595,"minAttack":141,"maxAttack":211,"hp":1760,"battlePower":30,"devilTowerLayer":40}},
{"id":"prestige_rating:43","key":43,"value":{"quality":1,"levelUp":22920,"minAttack":144,"maxAttack":216,"hp":1800,"battlePower":30,"devilTowerLayer":40}},
{"id":"prestige_rating:44","key":44,"value":{"quality":1,"levelUp":24299,"minAttack":147,"maxAttack":221,"hp":1840,"battlePower":30,"devilTowerLayer":40}},
{"id":"prestige_rating:45","key":45,"value":{"quality":1,"levelUp":25733,"minAttack":151,"maxAttack":227,"hp":1890,"battlePower":30,"devilTowerLayer":40}},
{"id":"prestige_rating:46","key":46,"value":{"quality":1,"levelUp":27223,"minAttack":154,"maxAttack":232,"hp":1930,"battlePower":30,"devilTowerLayer":40}},
{"id":"prestige_rating:47","key":47,"value":{"quality":1,"levelUp":28770,"minAttack":174,"maxAttack":262,"hp":2180,"battlePower":33,"devilTowerLayer":40}},
{"id":"prestige_rating:48","key":48,"value":{"quality":1,"levelUp":30375,"minAttack":178,"maxAttack":268,"hp":2230,"battlePower":33,"devilTowerLayer":40}},
{"id":"prestige_rating:49","key":49,"value":{"quality":1,"levelUp":32040,"minAttack":182,"maxAttack":272,"hp":2270,"battlePower":33,"devilTowerLayer":40}},
{"id":"prestige_rating:50","key":50,"value":{"quality":1,"levelUp":33765,"minAttack":186,"maxAttack":278,"hp":2320,"battlePower":33,"devilTowerLayer":40}},
{"id":"prestige_rating:51","key":51,"value":{"quality":1,"levelUp":35552,"minAttack":189,"maxAttack":283,"hp":2360,"battlePower":33,"devilTowerLayer":40}},
{"id":"prestige_rating:52","key":52,"value":{"quality":1,"levelUp":37401,"minAttack":193,"maxAttack":289,"hp":2410,"battlePower":36,"devilTowerLayer":50}},
{"id":"prestige_rating:53","key":53,"value":{"quality":1,"levelUp":39314,"minAttack":197,"maxAttack":295,"hp":2460,"battlePower":36,"devilTowerLayer":50}},
{"id":"prestige_rating:54","key":54,"value":{"quality":1,"levelUp":41292,"minAttack":220,"maxAttack":330,"hp":2750,"battlePower":36,"devilTowerLayer":50}},
{"id":"prestige_rating:55","key":55,"value":{"quality":1,"levelUp":43336,"minAttack":224,"maxAttack":336,"hp":2800,"battlePower":36,"devilTowerLayer":50}},
{"id":"prestige_rating:56","key":56,"value":{"quality":1,"levelUp":45447,"minAttack":228,"maxAttack":342,"hp":2850,"battlePower":36,"devilTowerLayer":50}},
{"id":"prestige_rating:57","key":57,"value":{"quality":1,"levelUp":47626,"minAttack":232,"maxAttack":348,"hp":2900,"battlePower":39,"devilTowerLayer":50}},
{"id":"prestige_rating:58","key":58,"value":{"quality":1,"levelUp":49874,"minAttack":236,"maxAttack":354,"hp":2950,"battlePower":39,"devilTowerLayer":50}},
{"id":"prestige_rating:59","key":59,"value":{"quality":1,"levelUp":52193,"minAttack":240,"maxAttack":360,"hp":3000,"battlePower":39,"devilTowerLayer":50}},
{"id":"prestige_rating:60","key":60,"value":{"quality":1,"levelUp":54583,"minAttack":244,"maxAttack":366,"hp":3050,"battlePower":39,"devilTowerLayer":50}},
{"id":"prestige_rating:61","key":61,"value":{"quality":1,"levelUp":57046,"minAttack":270,"maxAttack":404,"hp":3370,"battlePower":39,"devilTowerLayer":50}},
{"id":"prestige_rating:62","key":62,"value":{"quality":1,"levelUp":59582,"minAttack":274,"maxAttack":412,"hp":3430,"battlePower":42,"devilTowerLayer":60}},
{"id":"prestige_rating:63","key":63,"value":{"quality":1,"levelUp":62193,"minAttack":278,"maxAttack":418,"hp":3480,"battlePower":42,"devilTowerLayer":60}},
{"id":"prestige_rating:64","key":64,"value":{"quality":1,"levelUp":64880,"minAttack":283,"maxAttack":425,"hp":3540,"battlePower":42,"devilTowerLayer":60}},
{"id":"prestige_rating:65","key":65,"value":{"quality":1,"levelUp":67644,"minAttack":287,"maxAttack":431,"hp":3590,"battlePower":42,"devilTowerLayer":60}},
{"id":"prestige_rating:66","key":66,"value":{"quality":1,"levelUp":70486,"minAttack":292,"maxAttack":438,"hp":3650,"battlePower":42,"devilTowerLayer":60}},
{"id":"prestige_rating:67","key":67,"value":{"quality":1,"levelUp":73407,"minAttack":320,"maxAttack":480,"hp":4000,"battlePower":45,"devilTowerLayer":60}},
{"id":"prestige_rating:68","key":68,"value":{"quality":1,"levelUp":76408,"minAttack":325,"maxAttack":487,"hp":4060,"battlePower":45,"devilTowerLayer":60}},
{"id":"prestige_rating:69","key":69,"value":{"quality":1,"levelUp":79491,"minAttack":330,"maxAttack":494,"hp":4120,"battlePower":45,"devilTowerLayer":60}},
{"id":"prestige_rating:70","key":70,"value":{"quality":1,"levelUp":82656,"minAttack":334,"maxAttack":502,"hp":4180,"battlePower":45,"devilTowerLayer":60}},
{"id":"prestige_rating:71","key":71,"value":{"quality":1,"levelUp":85905,"minAttack":339,"maxAttack":509,"hp":4240,"battlePower":45,"devilTowerLayer":60}},
{"id":"prestige_rating:72","key":72,"value":{"quality":2,"levelUp":89238,"minAttack":344,"maxAttack":516,"hp":4300,"battlePower":48,"devilTowerLayer":70}},
{"id":"prestige_rating:73","key":73,"value":{"quality":2,"levelUp":92657,"minAttack":349,"maxAttack":523,"hp":4360,"battlePower":48,"devilTowerLayer":70}},
{"id":"prestige_rating:74","key":74,"value":{"quality":2,"levelUp":96163,"minAttack":380,"maxAttack":570,"hp":4750,"battlePower":48,"devilTowerLayer":70}},
{"id":"prestige_rating:75","key":75,"value":{"quality":2,"levelUp":99757,"minAttack":386,"maxAttack":578,"hp":4820,"battlePower":48,"devilTowerLayer":70}},
{"id":"prestige_rating:76","key":76,"value":{"quality":2,"levelUp":103440,"minAttack":390,"maxAttack":586,"hp":4880,"battlePower":48,"devilTowerLayer":70}},
{"id":"prestige_rating:77","key":77,"value":{"quality":2,"levelUp":107213,"minAttack":396,"maxAttack":594,"hp":4950,"battlePower":51,"devilTowerLayer":70}},
{"id":"prestige_rating:78","key":78,"value":{"quality":2,"levelUp":111077,"minAttack":401,"maxAttack":601,"hp":5010,"battlePower":51,"devilTowerLayer":70}},
{"id":"prestige_rating:79","key":79,"value":{"quality":2,"levelUp":115034,"minAttack":406,"maxAttack":610,"hp":5080,"battlePower":51,"devilTowerLayer":70}},
{"id":"prestige_rating:80","key":80,"value":{"quality":2,"levelUp":119084,"minAttack":411,"maxAttack":617,"hp":5140,"battlePower":51,"devilTowerLayer":70}},
{"id":"prestige_rating:81","key":81,"value":{"quality":2,"levelUp":123229,"minAttack":446,"maxAttack":668,"hp":5570,"battlePower":51,"devilTowerLayer":70}},
{"id":"prestige_rating:82","key":82,"value":{"quality":2,"levelUp":127469,"minAttack":450,"maxAttack":676,"hp":5630,"battlePower":54,"devilTowerLayer":80}},
{"id":"prestige_rating:83","key":83,"value":{"quality":2,"levelUp":131806,"minAttack":456,"maxAttack":684,"hp":5700,"battlePower":54,"devilTowerLayer":80}},
{"id":"prestige_rating:84","key":84,"value":{"quality":2,"levelUp":136241,"minAttack":462,"maxAttack":692,"hp":5770,"battlePower":54,"devilTowerLayer":80}},
{"id":"prestige_rating:85","key":85,"value":{"quality":2,"levelUp":140775,"minAttack":467,"maxAttack":701,"hp":5840,"battlePower":54,"devilTowerLayer":80}},
{"id":"prestige_rating:86","key":86,"value":{"quality":2,"levelUp":145409,"minAttack":473,"maxAttack":709,"hp":5910,"battlePower":54,"devilTowerLayer":80}},
{"id":"prestige_rating:87","key":87,"value":{"quality":2,"levelUp":150144,"minAttack":478,"maxAttack":718,"hp":5980,"battlePower":57,"devilTowerLayer":80}},
{"id":"prestige_rating:88","key":88,"value":{"quality":2,"levelUp":154981,"minAttack":515,"maxAttack":773,"hp":6440,"battlePower":57,"devilTowerLayer":80}},
{"id":"prestige_rating:89","key":89,"value":{"quality":2,"levelUp":159922,"minAttack":521,"maxAttack":781,"hp":6510,"battlePower":57,"devilTowerLayer":80}},
{"id":"prestige_rating:90","key":90,"value":{"quality":2,"levelUp":164967,"minAttack":527,"maxAttack":791,"hp":6590,"battlePower":57,"devilTowerLayer":80}},
{"id":"prestige_rating:91","key":91,"value":{"quality":2,"levelUp":170118,"minAttack":533,"maxAttack":799,"hp":6660,"battlePower":57,"devilTowerLayer":80}},
{"id":"prestige_rating:92","key":92,"value":{"quality":2,"levelUp":175375,"minAttack":538,"maxAttack":808,"hp":6730,"battlePower":60,"devilTowerLayer":90}},
{"id":"prestige_rating:93","key":93,"value":{"quality":2,"levelUp":180740,"minAttack":545,"maxAttack":817,"hp":6810,"battlePower":60,"devilTowerLayer":90}},
{"id":"prestige_rating:94","key":94,"value":{"quality":2,"levelUp":186214,"minAttack":584,"maxAttack":876,"hp":7300,"battlePower":60,"devilTowerLayer":90}},
{"id":"prestige_rating:95","key":95,"value":{"quality":2,"levelUp":191798,"minAttack":590,"maxAttack":886,"hp":7380,"battlePower":60,"devilTowerLayer":90}},
{"id":"prestige_rating:96","key":96,"value":{"quality":2,"levelUp":197493,"minAttack":597,"maxAttack":895,"hp":7460,"battlePower":60,"devilTowerLayer":90}},
{"id":"prestige_rating:97","key":97,"value":{"quality":2,"levelUp":203300,"minAttack":602,"maxAttack":904,"hp":7530,"battlePower":63,"devilTowerLayer":90}},
{"id":"prestige_rating:98","key":98,"value":{"quality":2,"levelUp":209220,"minAttack":609,"maxAttack":913,"hp":7610,"battlePower":63,"devilTowerLayer":90}},
{"id":"prestige_rating:99","key":99,"value":{"quality":2,"levelUp":215255,"minAttack":615,"maxAttack":923,"hp":7690,"battlePower":63,"devilTowerLayer":90}},
{"id":"prestige_rating:100","key":100,"value":{"quality":2,"levelUp":221405,"minAttack":622,"maxAttack":932,"hp":7770,"battlePower":63,"devilTowerLayer":90}},
{"id":"prestige_rating:101","key":101,"value":{"quality":2,"levelUp":227672,"minAttack":664,"maxAttack":996,"hp":8300,"battlePower":63,"devilTowerLayer":90}},
{"id":"prestige_rating:102","key":102,"value":{"quality":2,"levelUp":234056,"minAttack":670,"maxAttack":1006,"hp":8380,"battlePower":66,"devilTowerLayer":100}},
{"id":"prestige_rating:103","key":103,"value":{"quality":2,"levelUp":240559,"minAttack":677,"maxAttack":1015,"hp":8460,"battlePower":66,"devilTowerLayer":100}},
{"id":"prestige_rating:104","key":104,"value":{"quality":2,"levelUp":247182,"minAttack":683,"maxAttack":1025,"hp":8540,"battlePower":66,"devilTowerLayer":100}},
{"id":"prestige_rating:105","key":105,"value":{"quality":2,"levelUp":253926,"minAttack":690,"maxAttack":1034,"hp":8620,"battlePower":66,"devilTowerLayer":100}},
{"id":"prestige_rating:106","key":106,"value":{"quality":2,"levelUp":260792,"minAttack":697,"maxAttack":1045,"hp":8710,"battlePower":66,"devilTowerLayer":100}},
{"id":"prestige_rating:107","key":107,"value":{"quality":2,"levelUp":267781,"minAttack":703,"maxAttack":1055,"hp":8790,"battlePower":69,"devilTowerLayer":100}},
{"id":"prestige_rating:108","key":108,"value":{"quality":2,"levelUp":274894,"minAttack":748,"maxAttack":1122,"hp":9350,"battlePower":69,"devilTowerLayer":100}},
{"id":"prestige_rating:109","key":109,"value":{"quality":2,"levelUp":282133,"minAttack":755,"maxAttack":1133,"hp":9440,"battlePower":69,"devilTowerLayer":100}},
{"id":"prestige_rating:110","key":110,"value":{"quality":2,"levelUp":289498,"minAttack":762,"maxAttack":1144,"hp":9530,"battlePower":69,"devilTowerLayer":100}},
{"id":"prestige_rating:111","key":111,"value":{"quality":2,"levelUp":296991,"minAttack":769,"maxAttack":1153,"hp":9610,"battlePower":69,"devilTowerLayer":100}},
{"id":"prestige_rating:112","key":112,"value":{"quality":2,"levelUp":304612,"minAttack":776,"maxAttack":1164,"hp":9700,"battlePower":72,"devilTowerLayer":110}},
{"id":"prestige_rating:113","key":113,"value":{"quality":2,"levelUp":312363,"minAttack":783,"maxAttack":1175,"hp":9790,"battlePower":72,"devilTowerLayer":110}},
{"id":"prestige_rating:114","key":114,"value":{"quality":2,"levelUp":320245,"minAttack":830,"maxAttack":1246,"hp":10380,"battlePower":72,"devilTowerLayer":110}},
{"id":"prestige_rating:115","key":115,"value":{"quality":2,"levelUp":328259,"minAttack":838,"maxAttack":1258,"hp":10480,"battlePower":72,"devilTowerLayer":110}},
{"id":"prestige_rating:116","key":116,"value":{"quality":2,"levelUp":336406,"minAttack":846,"maxAttack":1268,"hp":10570,"battlePower":72,"devilTowerLayer":110}},
{"id":"prestige_rating:117","key":117,"value":{"quality":2,"levelUp":344687,"minAttack":853,"maxAttack":1279,"hp":10660,"battlePower":75,"devilTowerLayer":110}},
{"id":"prestige_rating:118","key":118,"value":{"quality":2,"levelUp":353103,"minAttack":860,"maxAttack":1290,"hp":10750,"battlePower":75,"devilTowerLayer":110}},
{"id":"prestige_rating:119","key":119,"value":{"quality":2,"levelUp":361656,"minAttack":867,"maxAttack":1301,"hp":10840,"battlePower":75,"devilTowerLayer":110}},
{"id":"prestige_rating:120","key":120,"value":{"quality":2,"levelUp":370346,"minAttack":874,"maxAttack":1312,"hp":10930,"battlePower":75,"devilTowerLayer":110}},
{"id":"prestige_rating:121","key":121,"value":{"quality":2,"levelUp":379175,"minAttack":925,"maxAttack":1387,"hp":11560,"battlePower":75,"devilTowerLayer":110}},
{"id":"prestige_rating:122","key":122,"value":{"quality":2,"levelUp":388143,"minAttack":933,"maxAttack":1399,"hp":11660,"battlePower":78,"devilTowerLayer":120}},
{"id":"prestige_rating:123","key":123,"value":{"quality":2,"levelUp":397252,"minAttack":940,"maxAttack":1410,"hp":11750,"battlePower":78,"devilTowerLayer":120}},
{"id":"prestige_rating:124","key":124,"value":{"quality":2,"levelUp":406503,"minAttack":948,"maxAttack":1422,"hp":11850,"battlePower":78,"devilTowerLayer":120}},
{"id":"prestige_rating:125","key":125,"value":{"quality":2,"levelUp":415897,"minAttack":956,"maxAttack":1434,"hp":11950,"battlePower":78,"devilTowerLayer":120}},
{"id":"prestige_rating:126","key":126,"value":{"quality":2,"levelUp":425435,"minAttack":963,"maxAttack":1445,"hp":12040,"battlePower":78,"devilTowerLayer":120}},
{"id":"prestige_rating:127","key":127,"value":{"quality":2,"levelUp":435118,"minAttack":971,"maxAttack":1457,"hp":12140,"battlePower":81,"devilTowerLayer":120}},
{"id":"prestige_rating:128","key":128,"value":{"quality":2,"levelUp":444947,"minAttack":1024,"maxAttack":1536,"hp":12800,"battlePower":81,"devilTowerLayer":120}},
{"id":"prestige_rating:129","key":129,"value":{"quality":2,"levelUp":454924,"minAttack":1032,"maxAttack":1548,"hp":12900,"battlePower":81,"devilTowerLayer":120}},
{"id":"prestige_rating:130","key":130,"value":{"quality":2,"levelUp":465049,"minAttack":1040,"maxAttack":1560,"hp":13000,"battlePower":81,"devilTowerLayer":120}},
{"id":"prestige_rating:131","key":131,"value":{"quality":2,"levelUp":475324,"minAttack":1048,"maxAttack":1572,"hp":13100,"battlePower":81,"devilTowerLayer":120}},
{"id":"prestige_rating:132","key":132,"value":{"quality":2,"levelUp":485749,"minAttack":1056,"maxAttack":1584,"hp":13200,"battlePower":84,"devilTowerLayer":130}},
{"id":"prestige_rating:133","key":133,"value":{"quality":2,"levelUp":496326,"minAttack":1064,"maxAttack":1596,"hp":13300,"battlePower":84,"devilTowerLayer":130}},
{"id":"prestige_rating:134","key":134,"value":{"quality":2,"levelUp":507056,"minAttack":1120,"maxAttack":1680,"hp":14000,"battlePower":84,"devilTowerLayer":130}},
{"id":"prestige_rating:135","key":135,"value":{"quality":2,"levelUp":517940,"minAttack":1129,"maxAttack":1693,"hp":14110,"battlePower":84,"devilTowerLayer":130}},
{"id":"prestige_rating:136","key":136,"value":{"quality":2,"levelUp":528979,"minAttack":1137,"maxAttack":1705,"hp":14210,"battlePower":84,"devilTowerLayer":130}},
{"id":"prestige_rating:137","key":137,"value":{"quality":2,"levelUp":540174,"minAttack":1146,"maxAttack":1718,"hp":14320,"battlePower":87,"devilTowerLayer":130}},
{"id":"prestige_rating:138","key":138,"value":{"quality":2,"levelUp":551526,"minAttack":1154,"maxAttack":1730,"hp":14420,"battlePower":87,"devilTowerLayer":130}},
{"id":"prestige_rating:139","key":139,"value":{"quality":2,"levelUp":563037,"minAttack":1162,"maxAttack":1744,"hp":14530,"battlePower":87,"devilTowerLayer":130}},
{"id":"prestige_rating:140","key":140,"value":{"quality":2,"levelUp":574707,"minAttack":1170,"maxAttack":1756,"hp":14630,"battlePower":87,"devilTowerLayer":130}},
{"id":"prestige_rating:141","key":141,"value":{"quality":2,"levelUp":586538,"minAttack":1230,"maxAttack":1844,"hp":15370,"battlePower":87,"devilTowerLayer":130}},
{"id":"prestige_rating:142","key":142,"value":{"quality":2,"levelUp":598530,"minAttack":1238,"maxAttack":1858,"hp":15480,"battlePower":90,"devilTowerLayer":140}},
{"id":"prestige_rating:143","key":143,"value":{"quality":2,"levelUp":610685,"minAttack":1247,"maxAttack":1871,"hp":15590,"battlePower":90,"devilTowerLayer":140}},
{"id":"prestige_rating:144","key":144,"value":{"quality":2,"levelUp":623004,"minAttack":1255,"maxAttack":1883,"hp":15690,"battlePower":90,"devilTowerLayer":140}},
{"id":"prestige_rating:145","key":145,"value":{"quality":2,"levelUp":635488,"minAttack":1264,"maxAttack":1896,"hp":15800,"battlePower":90,"devilTowerLayer":140}},
{"id":"prestige_rating:146","key":146,"value":{"quality":2,"levelUp":648138,"minAttack":1273,"maxAttack":1909,"hp":15910,"battlePower":90,"devilTowerLayer":140}},
{"id":"prestige_rating:147","key":147,"value":{"quality":2,"levelUp":660955,"minAttack":1282,"maxAttack":1922,"hp":16020,"battlePower":93,"devilTowerLayer":140}},
{"id":"prestige_rating:148","key":148,"value":{"quality":2,"levelUp":673940,"minAttack":1343,"maxAttack":2015,"hp":16790,"battlePower":93,"devilTowerLayer":140}},
{"id":"prestige_rating:149","key":149,"value":{"quality":2,"levelUp":687095,"minAttack":1353,"maxAttack":2029,"hp":16910,"battlePower":93,"devilTowerLayer":140}},
{"id":"prestige_rating:150","key":150,"value":{"quality":2,"levelUp":700420,"minAttack":1362,"maxAttack":2042,"hp":17020,"battlePower":93,"devilTowerLayer":140}},
{"id":"prestige_rating:151","key":151,"value":{"quality":2,"levelUp":713917,"minAttack":1370,"maxAttack":2056,"hp":17130,"battlePower":93,"devilTowerLayer":140}},
{"id":"prestige_rating:152","key":152,"value":{"quality":2,"levelUp":727586,"minAttack":1380,"maxAttack":2070,"hp":17250,"battlePower":96,"devilTowerLayer":150}},
{"id":"prestige_rating:153","key":153,"value":{"quality":2,"levelUp":741429,"minAttack":1389,"maxAttack":2083,"hp":17360,"battlePower":96,"devilTowerLayer":150}},
{"id":"prestige_rating:154","key":154,"value":{"quality":2,"levelUp":755447,"minAttack":1398,"maxAttack":2096,"hp":17470,"battlePower":96,"devilTowerLayer":150}},
{"id":"prestige_rating:155","key":155,"value":{"quality":2,"levelUp":769641,"minAttack":1462,"maxAttack":2194,"hp":18280,"battlePower":96,"devilTowerLayer":150}},
{"id":"prestige_rating:156","key":156,"value":{"quality":2,"levelUp":784012,"minAttack":1472,"maxAttack":2208,"hp":18400,"battlePower":96,"devilTowerLayer":150}},
{"id":"prestige_rating:157","key":157,"value":{"quality":2,"levelUp":798561,"minAttack":1482,"maxAttack":2222,"hp":18520,"battlePower":99,"devilTowerLayer":150}},
{"id":"prestige_rating:158","key":158,"value":{"quality":2,"levelUp":813289,"minAttack":1490,"maxAttack":2236,"hp":18630,"battlePower":99,"devilTowerLayer":150}},
{"id":"prestige_rating:159","key":159,"value":{"quality":2,"levelUp":828198,"minAttack":1500,"maxAttack":2250,"hp":18750,"battlePower":99,"devilTowerLayer":150}},
{"id":"prestige_rating:160","key":160,"value":{"quality":2,"levelUp":843288,"minAttack":1510,"maxAttack":2264,"hp":18870,"battlePower":99,"devilTowerLayer":150}},
{"id":"prestige_rating:161","key":161,"value":{"quality":2,"levelUp":858561,"minAttack":1577,"maxAttack":2365,"hp":19710,"battlePower":99,"devilTowerLayer":150}},
{"id":"prestige_rating:162","key":162,"value":{"quality":3,"levelUp":874017,"minAttack":1586,"maxAttack":2380,"hp":19830,"battlePower":102,"devilTowerLayer":160}},
{"id":"prestige_rating:163","key":163,"value":{"quality":3,"levelUp":889658,"minAttack":1596,"maxAttack":2394,"hp":19950,"battlePower":102,"devilTowerLayer":160}},
{"id":"prestige_rating:164","key":164,"value":{"quality":3,"levelUp":905485,"minAttack":1606,"maxAttack":2410,"hp":20080,"battlePower":102,"devilTowerLayer":160}},
{"id":"prestige_rating:165","key":165,"value":{"quality":3,"levelUp":921499,"minAttack":1616,"maxAttack":2424,"hp":20200,"battlePower":102,"devilTowerLayer":160}},
{"id":"prestige_rating:166","key":166,"value":{"quality":3,"levelUp":937701,"minAttack":1626,"maxAttack":2438,"hp":20320,"battlePower":102,"devilTowerLayer":160}},
{"id":"prestige_rating:167","key":167,"value":{"quality":3,"levelUp":954092,"minAttack":1635,"maxAttack":2453,"hp":20440,"battlePower":105,"devilTowerLayer":160}},
{"id":"prestige_rating:168","key":168,"value":{"quality":3,"levelUp":970673,"minAttack":1706,"maxAttack":2558,"hp":21320,"battlePower":105,"devilTowerLayer":160}},
{"id":"prestige_rating:169","key":169,"value":{"quality":3,"levelUp":987446,"minAttack":1716,"maxAttack":2574,"hp":21450,"battlePower":105,"devilTowerLayer":160}},
{"id":"prestige_rating:170","key":170,"value":{"quality":3,"levelUp":1004411,"minAttack":1726,"maxAttack":2588,"hp":21570,"battlePower":105,"devilTowerLayer":160}},
{"id":"prestige_rating:171","key":171,"value":{"quality":3,"levelUp":1021570,"minAttack":1736,"maxAttack":2604,"hp":21700,"battlePower":105,"devilTowerLayer":160}},
{"id":"prestige_rating:172","key":172,"value":{"quality":3,"levelUp":1038923,"minAttack":1746,"maxAttack":2620,"hp":21830,"battlePower":108,"devilTowerLayer":170}},
{"id":"prestige_rating:173","key":173,"value":{"quality":3,"levelUp":1056472,"minAttack":1756,"maxAttack":2634,"hp":21950,"battlePower":108,"devilTowerLayer":170}},
{"id":"prestige_rating:174","key":174,"value":{"quality":3,"levelUp":1074218,"minAttack":1766,"maxAttack":2650,"hp":22080,"battlePower":108,"devilTowerLayer":170}},
{"id":"prestige_rating:175","key":175,"value":{"quality":3,"levelUp":1092162,"minAttack":1839,"maxAttack":2759,"hp":22990,"battlePower":108,"devilTowerLayer":170}},
{"id":"prestige_rating:176","key":176,"value":{"quality":3,"levelUp":1110305,"minAttack":1850,"maxAttack":2774,"hp":23120,"battlePower":108,"devilTowerLayer":170}},
{"id":"prestige_rating:177","key":177,"value":{"quality":3,"levelUp":1128648,"minAttack":1860,"maxAttack":2790,"hp":23250,"battlePower":111,"devilTowerLayer":170}},
{"id":"prestige_rating:178","key":178,"value":{"quality":3,"levelUp":1147192,"minAttack":1870,"maxAttack":2806,"hp":23380,"battlePower":111,"devilTowerLayer":170}},
{"id":"prestige_rating:179","key":179,"value":{"quality":3,"levelUp":1165939,"minAttack":1882,"maxAttack":2822,"hp":23520,"battlePower":111,"devilTowerLayer":170}},
{"id":"prestige_rating:180","key":180,"value":{"quality":3,"levelUp":1184889,"minAttack":1892,"maxAttack":2838,"hp":23650,"battlePower":111,"devilTowerLayer":170}},
{"id":"prestige_rating:181","key":181,"value":{"quality":3,"levelUp":1204044,"minAttack":1967,"maxAttack":2951,"hp":24590,"battlePower":111,"devilTowerLayer":170}},
{"id":"prestige_rating:182","key":182,"value":{"quality":3,"levelUp":1223404,"minAttack":1978,"maxAttack":2966,"hp":24720,"battlePower":114,"devilTowerLayer":180}},
{"id":"prestige_rating:183","key":183,"value":{"quality":3,"levelUp":1242971,"minAttack":1989,"maxAttack":2983,"hp":24860,"battlePower":114,"devilTowerLayer":180}},
{"id":"prestige_rating:184","key":184,"value":{"quality":3,"levelUp":1262746,"minAttack":2000,"maxAttack":3000,"hp":25000,"battlePower":114,"devilTowerLayer":180}},
{"id":"prestige_rating:185","key":185,"value":{"quality":3,"levelUp":1282730,"minAttack":2010,"maxAttack":3016,"hp":25130,"battlePower":114,"devilTowerLayer":180}},
{"id":"prestige_rating:186","key":186,"value":{"quality":3,"levelUp":1302924,"minAttack":2022,"maxAttack":3032,"hp":25270,"battlePower":114,"devilTowerLayer":180}},
{"id":"prestige_rating:187","key":187,"value":{"quality":3,"levelUp":1323329,"minAttack":2032,"maxAttack":3048,"hp":25400,"battlePower":117,"devilTowerLayer":180}},
{"id":"prestige_rating:188","key":188,"value":{"quality":3,"levelUp":1343946,"minAttack":2110,"maxAttack":3166,"hp":26380,"battlePower":117,"devilTowerLayer":180}},
{"id":"prestige_rating:189","key":189,"value":{"quality":3,"levelUp":1364777,"minAttack":2122,"maxAttack":3182,"hp":26520,"battlePower":117,"devilTowerLayer":180}},
{"id":"prestige_rating:190","key":190,"value":{"quality":3,"levelUp":1385822,"minAttack":2133,"maxAttack":3199,"hp":26660,"battlePower":117,"devilTowerLayer":180}},
{"id":"prestige_rating:191","key":191,"value":{"quality":3,"levelUp":1407083,"minAttack":2144,"maxAttack":3216,"hp":26800,"battlePower":117,"devilTowerLayer":180}},
{"id":"prestige_rating:192","key":192,"value":{"quality":3,"levelUp":1428560,"minAttack":2155,"maxAttack":3233,"hp":26940,"battlePower":120,"devilTowerLayer":190}},
{"id":"prestige_rating:193","key":193,"value":{"quality":3,"levelUp":1450255,"minAttack":2166,"maxAttack":3250,"hp":27080,"battlePower":120,"devilTowerLayer":190}},
{"id":"prestige_rating:194","key":194,"value":{"quality":3,"levelUp":1472169,"minAttack":2178,"maxAttack":3266,"hp":27220,"battlePower":120,"devilTowerLayer":190}},
{"id":"prestige_rating:195","key":195,"value":{"quality":3,"levelUp":1494303,"minAttack":2259,"maxAttack":3389,"hp":28240,"battlePower":120,"devilTowerLayer":190}},
{"id":"prestige_rating:196","key":196,"value":{"quality":3,"levelUp":1516658,"minAttack":2270,"maxAttack":3406,"hp":28380,"battlePower":120,"devilTowerLayer":190}},
{"id":"prestige_rating:197","key":197,"value":{"quality":3,"levelUp":1539235,"minAttack":2282,"maxAttack":3424,"hp":28530,"battlePower":123,"devilTowerLayer":190}},
{"id":"prestige_rating:198","key":198,"value":{"quality":3,"levelUp":1562035,"minAttack":2294,"maxAttack":3440,"hp":28670,"battlePower":123,"devilTowerLayer":190}},
{"id":"prestige_rating:199","key":199,"value":{"quality":3,"levelUp":1585060,"minAttack":2306,"maxAttack":3458,"hp":28820,"battlePower":123,"devilTowerLayer":190}},
{"id":"prestige_rating:200","key":200,"value":{"quality":3,"levelUp":1608310,"minAttack":2317,"maxAttack":3475,"hp":28960,"battlePower":123,"devilTowerLayer":190}},
{"id":"prestige_rating:201","key":201,"value":{"quality":3,"levelUp":1631787,"minAttack":2400,"maxAttack":3600,"hp":30000,"battlePower":126,"devilTowerLayer":190}}
]}
