{"total_rows":10,"offset":0,"rows":[
{"id":"title:101","key":101,"value":{"name":"「勋爵」","next":102,"requireBattlePower":1,"battlePower":2,"cost":[["item",208020611,2],["coin",500]],"props":{"physicalAttack":50,"health":1500}}},
{"id":"title:102","key":102,"value":{"name":"「男爵」","next":201,"requireBattlePower":10,"battlePower":5,"cost":[["item",208020611,4],["coin",1000]],"props":{"physicalAttack":100,"health":3000}}},
{"id":"title:201","key":201,"value":{"name":"「子爵」","next":202,"requireBattlePower":20,"battlePower":10,"cost":[["item",208020621,2],["coin",2000]],"props":{"physicalAttack":200,"health":6000}}},
{"id":"title:202","key":202,"value":{"name":"「伯爵」","next":301,"requireBattlePower":30,"battlePower":15,"cost":[["item",208020621,4],["coin",5000]],"props":{"physicalAttack":300,"health":9000}}},
{"id":"title:301","key":301,"value":{"name":"「侯爵」","next":302,"requireBattlePower":50,"battlePower":20,"cost":[["item",208020631,2],["coin",10000]],"props":{"physicalAttack":400,"health":12000}}},
{"id":"title:302","key":302,"value":{"name":"「公爵」","next":401,"requireBattlePower":100,"battlePower":30,"cost":[["item",208020631,4],["coin",20000]],"props":{"physicalAttack":600,"health":18000}}},
{"id":"title:401","key":401,"value":{"name":"「国王」","next":-1,"requireBattlePower":150,"battlePower":40,"cost":[["item",208020641,2],["coin",50000]],"props":{"physicalAttack":750,"health":22500}}},
{"id":"title:402","key":402,"value":{"name":"至尊","next":501,"requireBattlePower":300,"battlePower":60,"cost":[["item",208020641,4],["coin",100000]],"props":{"physicalAttack":900,"health":27000}}},
{"id":"title:501","key":501,"value":{"name":"主宰","next":502,"requireBattlePower":600,"battlePower":80,"cost":[["item",208020651,2],["coin",200000]],"props":{"physicalAttack":1200,"health":36000}}},
{"id":"title:502","key":502,"value":{"name":"传奇","next":-1,"requireBattlePower":1200,"battlePower":100,"cost":[["item",208020651,4],["coin",500000]],"props":{"physicalAttack":1500,"health":45000}}}
]}
