{"all":[{"id":209010131,"name":"战士优雅绅士-男","materialId1":209030131,"materialAmount1":1,"gender":0,"class":1,"levelLow":20,"levelTop":300,"quality":3,"type":0},{"id":209011131,"name":"战士优雅绅士-女","materialId1":209031131,"materialAmount1":1,"gender":1,"class":1,"levelLow":20,"levelTop":300,"quality":3,"type":0},{"id":209010231,"name":"法师优雅绅士-男","materialId1":209030231,"materialAmount1":1,"gender":0,"class":2,"levelLow":20,"levelTop":300,"quality":3,"type":0},{"id":209011231,"name":"法师优雅绅士-女","materialId1":209031231,"materialAmount1":1,"gender":1,"class":2,"levelLow":20,"levelTop":300,"quality":3,"type":0},{"id":209010331,"name":"血族优雅绅士-男","materialId1":209030331,"materialAmount1":1,"gender":0,"class":3,"levelLow":20,"levelTop":300,"quality":3,"type":0},{"id":209011331,"name":"血族优雅绅士-女","materialId1":209031331,"materialAmount1":1,"gender":1,"class":3,"levelLow":20,"levelTop":300,"quality":3,"type":0},{"id":209010141,"name":"战士罗马勇士-男","materialId1":209030141,"materialAmount1":1,"gender":0,"class":1,"levelLow":40,"levelTop":300,"quality":4,"type":1,"duration":30},{"id":209011141,"name":"战士罗马勇士-女","materialId1":209031141,"materialAmount1":1,"gender":1,"class":1,"levelLow":40,"levelTop":300,"quality":4,"type":0},{"id":209010241,"name":"法师罗马勇士-男","materialId1":209030241,"materialAmount1":1,"gender":0,"class":2,"levelLow":40,"levelTop":300,"quality":4,"type":0},{"id":209011241,"name":"法师罗马勇士-女","materialId1":209031241,"materialAmount1":1,"gender":1,"class":2,"levelLow":40,"levelTop":300,"quality":4,"type":0},{"id":209010341,"name":"血族罗马勇士-男","materialId1":209030341,"materialAmount1":1,"gender":0,"class":3,"levelLow":40,"levelTop":300,"quality":4,"type":0},{"id":209011341,"name":"血族罗马勇士-女","materialId1":209031341,"materialAmount1":1,"gender":1,"class":3,"levelLow":40,"levelTop":300,"quality":4,"type":0}]}
