{"total_rows":7,"offset":0,"rows":[
{"id":"eudemon_ladder_bps:1","key":1,"value":{"range":[1,1],"bp":25}},
{"id":"eudemon_ladder_bps:2","key":2,"value":{"range":[2,2],"bp":23}},
{"id":"eudemon_ladder_bps:3","key":3,"value":{"range":[3,3],"bp":21}},
{"id":"eudemon_ladder_bps:4","key":4,"value":{"range":[4,10],"bp":18}},
{"id":"eudemon_ladder_bps:5","key":5,"value":{"range":[11,20],"bp":15}},
{"id":"eudemon_ladder_bps:6","key":6,"value":{"range":[21,50],"bp":10}},
{"id":"eudemon_ladder_bps:7","key":7,"value":{"range":[51,100],"bp":5}}
]}
