{"total_rows":255,"offset":0,"rows":[
{"id":"discrete_text","key":899000001,"value":{"text":"一点寒芒先到,随后枪出如龙。"}},
{"id":"discrete_text","key":899000002,"value":{"text":"和睦共处，团结一心，一致对外，有福同享，有难同当。"}},
{"id":"discrete_text","key":899000003,"value":{"text":"我们与世无争，一起音乐共同游戏共同成长!"}},
{"id":"discrete_text","key":899000004,"value":{"text":"为了我们的妹子，冲啊。"}},
{"id":"discrete_text","key":899000005,"value":{"text":"开心玩游戏，快乐玩游戏。结交全国的好朋友。搭建一个友谊的桥梁。欢迎朋友们加入。"}},
{"id":"discrete_text","key":899000006,"value":{"text":"风起战乱中，云涌波涛里，盛情诚邀您，世世为王者，风云盛世，我们亘古不变的家园。"}},
{"id":"discrete_text","key":899000007,"value":{"text":"为了更多的钱钱，抢呀。"}},
{"id":"discrete_text","key":899000008,"value":{"text":"在军团里的都是朋友，军团的最大目标就是让大家有个安身之所。我们军团的宣言就是：团结就是力量!"}},
{"id":"discrete_text","key":899000009,"value":{"text":"我们欢笑，尽力挥洒，渴望完成我们的目标"}},
{"id":"discrete_text","key":899000010,"value":{"text":"我们目标明确,我们发掘自己，我们分享珍贵时刻永志不渝"}},
{"id":"discrete_text","key":899000011,"value":{"text":"和睦共处，团结一心，一致对外，有福同享，有难同当。"}},
{"id":"discrete_text","key":899000012,"value":{"text":"和睦共处，团结一心，一致对外，有福同享，有难同当。"}},
{"id":"discrete_text","key":899000013,"value":{"text":"和睦共处，团结一心，一致对外，有福同享，有难同当。"}},
{"id":"discrete_text","key":899000014,"value":{"text":"和睦共处，团结一心，一致对外，有福同享，有难同当。"}},
{"id":"discrete_text","key":899000015,"value":{"text":"和睦共处，团结一心，一致对外，有福同享，有难同当。"}},
{"id":"discrete_text","key":899000016,"value":{"text":"和睦共处，团结一心，一致对外，有福同享，有难同当。"}},
{"id":"discrete_text","key":899000017,"value":{"text":"和睦共处，团结一心，一致对外，有福同享，有难同当。"}},
{"id":"discrete_text","key":899000018,"value":{"text":"和睦共处，团结一心，一致对外，有福同享，有难同当。"}},
{"id":"discrete_text","key":899000019,"value":{"text":"和睦共处，团结一心，一致对外，有福同享，有难同当。"}},
{"id":"discrete_text","key":899000020,"value":{"text":"和睦共处，团结一心，一致对外，有福同享，有难同当。"}},
{"id":"discrete_text","key":899000021,"value":{"text":"非常活跃"}},
{"id":"discrete_text","key":899000022,"value":{"text":"活跃"}},
{"id":"discrete_text","key":899000023,"value":{"text":"不活跃"}},
{"id":"discrete_text","key":899000024,"value":{"text":"非常不活跃"}},
{"id":"discrete_text","key":899000025,"value":{"text":"非常活跃"}},
{"id":"discrete_text","key":899000026,"value":{"text":"活跃"}},
{"id":"discrete_text","key":899000027,"value":{"text":"不活跃"}},
{"id":"discrete_text","key":899000028,"value":{"text":"非常不活跃"}},
{"id":"discrete_text","key":899000029,"value":{"text":"追加"}},
{"id":"discrete_text","key":899000030,"value":{"text":"镶嵌"}},
{"id":"discrete_text","key":899000031,"value":{"text":"星之境界;月之境界;神之境界"}},
{"id":"discrete_text","key":899000032,"value":{"text":"头盔"}},
{"id":"discrete_text","key":899000033,"value":{"text":"护肩"}},
{"id":"discrete_text","key":899000034,"value":{"text":"项链"}},
{"id":"discrete_text","key":899000035,"value":{"text":"衣服"}},
{"id":"discrete_text","key":899000036,"value":{"text":"护腕"}},
{"id":"discrete_text","key":899000037,"value":{"text":"腰带"}},
{"id":"discrete_text","key":899000038,"value":{"text":"鞋子"}},
{"id":"discrete_text","key":899000039,"value":{"text":"戒指"}},
{"id":"discrete_text","key":899000040,"value":{"text":"装备列表"}},
{"id":"discrete_text","key":899000041,"value":{"text":"已装备"}},
{"id":"discrete_text","key":899000042,"value":{"text":"该宝石孔位暂时未开启！"}},
{"id":"discrete_text","key":899000043,"value":{"text":"银币不足，请充值"}},
{"id":"discrete_text","key":899000044,"value":{"text":"请提升至{0}级"}},
{"id":"discrete_text","key":899000045,"value":{"text":"该装备位上没有宝石，无需卸下"}},
{"id":"discrete_text","key":899000046,"value":{"text":"没有符合第{0}个宝石孔的宝石"}},
{"id":"discrete_text","key":899000047,"value":{"text":"第{0}个宝石孔还未解锁，您可升级解锁后再镶嵌"}},
{"id":"discrete_text","key":899000048,"value":{"text":"第{0}个宝石孔已经镶嵌宝石，无需再次镶嵌"}},
{"id":"discrete_text","key":899000049,"value":{"text":"<color=#ffd675>成功率</color><color=#4AFF4E>{0}%</color>"}},
{"id":"discrete_text","key":899000050,"value":{"text":"追加+{0}"}},
{"id":"discrete_text","key":899000051,"value":{"text":"{0}道具不足"}},
{"id":"discrete_text","key":899000052,"value":{"text":"追加消耗"}},
{"id":"discrete_text","key":899000053,"value":{"text":"<color=#ffd675>（失败后，增加</color><color=#4AFF4E>{0}%</color><color=#ffd675>成功率）</color>"}},
{"id":"discrete_text","key":899000054,"value":{"text":"{0}级"}},
{"id":"discrete_text","key":899000055,"value":{"text":"（当前已达上限）"}},
{"id":"discrete_text","key":899000056,"value":{"text":"通关时长{0}"}},
{"id":"discrete_text","key":899000057,"value":{"text":"奖励"}},
{"id":"discrete_text","key":899000058,"value":{"text":"失败原因"}},
{"id":"discrete_text","key":899000059,"value":{"text":"点击任意位置退出副本"}},
{"id":"discrete_text","key":899000060,"value":{"text":"副本将在{0}秒后自动关闭"}},
{"id":"discrete_text","key":899000061,"value":{"text":"已追加至当前装备最大等级"}},
{"id":"discrete_text","key":899000062,"value":{"text":"请卸下宝石，再进行镶嵌"}},
{"id":"discrete_text","key":899000063,"value":{"text":"复仇骑士阿拉玛已经出现在中央大厅"}},
{"id":"discrete_text","key":899000064,"value":{"text":"击破封印石可召唤元素守卫"}},
{"id":"discrete_text","key":899000065,"value":{"text":"击败元素守卫之魂可破除阿拉玛无敌"}},
{"id":"discrete_text","key":899000066,"value":{"text":"需要角色等级{0}"}},
{"id":"discrete_text","key":899000067,"value":{"text":"组队ID1"}},
{"id":"discrete_text","key":899000068,"value":{"text":"组队ID2"}},
{"id":"discrete_text","key":899000069,"value":{"text":"组队ID3"}},
{"id":"discrete_text","key":899000070,"value":{"text":"组队ID4"}},
{"id":"discrete_text","key":899000071,"value":{"text":"组队ID5"}},
{"id":"discrete_text","key":899000072,"value":{"text":"组队ID6"}},
{"id":"discrete_text","key":899000073,"value":{"text":"组队ID7"}},
{"id":"discrete_text","key":899000074,"value":{"text":"组队ID8"}},
{"id":"discrete_text","key":899000075,"value":{"text":"组队ID9"}},
{"id":"discrete_text","key":899000076,"value":{"text":"组队ID10"}},
{"id":"discrete_text","key":899000077,"value":{"text":"组队ID11"}},
{"id":"discrete_text","key":899000078,"value":{"text":"组队ID12"}},
{"id":"discrete_text","key":899000079,"value":{"text":"组队ID13"}},
{"id":"discrete_text","key":899000080,"value":{"text":"组队ID14"}},
{"id":"discrete_text","key":899000081,"value":{"text":"组队ID15"}},
{"id":"discrete_text","key":899000082,"value":{"text":"组队ID16"}},
{"id":"discrete_text","key":899000083,"value":{"text":"组队ID17"}},
{"id":"discrete_text","key":899000084,"value":{"text":"组队ID18"}},
{"id":"discrete_text","key":899000085,"value":{"text":"组队ID19"}},
{"id":"discrete_text","key":899000086,"value":{"text":"组队ID20"}},
{"id":"discrete_text","key":899000087,"value":{"text":"经验球中有经验时自动开启野外修炼\\n在野外和冰封走廊杀怪可获得10倍怪物经验\\n每天5点，会自动向经验球中注入一次经验\\n玩家等级越高，经验越高"}},
{"id":"discrete_text","key":899000088,"value":{"text":"XP值回复速度快/怪物密集度高"}},
{"id":"discrete_text","key":899000089,"value":{"text":"1.必须放入同等级同品质的5件装备\r\n2.部位没有要求\r\n3.生成同等级同品质或者更高品质的随机部位装备\r\n4.附加属性会影响生成高品质装备的概率\r\n5.低级装备或金色装备不能熔炼"}},
{"id":"discrete_text","key":899000090,"value":{"text":"装备熔炼规则："}},
{"id":"discrete_text","key":899000091,"value":{"text":"无同等级同品质的5件装备，不可熔炼"}},
{"id":"discrete_text","key":899000092,"value":{"text":"此等级和品质装备不足5个，不可熔炼"}},
{"id":"discrete_text","key":899000093,"value":{"text":"尽快摧毁魔法柱，阻止黑化仪式"}},
{"id":"discrete_text","key":899000094,"value":{"text":"拉法尔已经被黑化，请尽快击退"}},
{"id":"discrete_text","key":899000095,"value":{"text":"追加成功"}},
{"id":"discrete_text","key":899000096,"value":{"text":"追加失败"}},
{"id":"discrete_text","key":899000097,"value":{"text":"镶嵌成功"}},
{"id":"discrete_text","key":899000098,"value":{"text":"拆卸成功"}},
{"id":"discrete_text","key":899000099,"value":{"text":"小提示：满级后资源找回无法获得经验奖励"}},
{"id":"discrete_text","key":899000100,"value":{"text":"商店购买"}},
{"id":"discrete_text","key":899000101,"value":{"text":"商店购买"}},
{"id":"discrete_text","key":899000102,"value":{"text":"商店购买"}},
{"id":"discrete_text","key":899000103,"value":{"text":"每日最多击退3000只怪"}},
{"id":"discrete_text","key":899000104,"value":{"text":"军团大厅等级代表军团等级\\n提升军团大厅等级可以开放其他建筑的升级\\n提升军团大厅等级可以增加官职和成员数量"}},
{"id":"discrete_text","key":899000105,"value":{"text":"可以花费战勋在战勋商店中购买各类道具\\n战勋商店升级后，商店中的商品等级会提升\\n战勋商店升级后，商品折扣会提升"}},
{"id":"discrete_text","key":899000106,"value":{"text":"军需库中可以通过捐献获得战勋，可以领取军团物资\\n军需库升级后，所领取的军团物资品质会提升"}},
{"id":"discrete_text","key":899000107,"value":{"text":"您今日挖宝次数已经达到上限"}},
{"id":"discrete_text","key":899000108,"value":{"text":"您没有队伍或不是队长"}},
{"id":"discrete_text","key":899000109,"value":{"text":"组队人数不足3人"}},
{"id":"discrete_text","key":899000110,"value":{"text":"等级不足，无法使用"}},
{"id":"discrete_text","key":899000111,"value":{"text":"背包内没有合适的道具"}},
{"id":"discrete_text","key":899000112,"value":{"text":"当前地图不可使用该道具"}},
{"id":"discrete_text","key":899000113,"value":{"text":"有队员不在附近区域"}},
{"id":"discrete_text","key":899000114,"value":{"text":"寒冰封印已破除，继续挑战吧"}},
{"id":"discrete_text","key":899000115,"value":{"text":"击退全部钢甲摩根后母虫才会钻出"}},
{"id":"discrete_text","key":899000116,"value":{"text":"恭喜{0}创建{1}军团"}},
{"id":"discrete_text","key":899000117,"value":{"text":"温馨提示：更换装备，追加等级会被继承，更换装备不会损失"}},
{"id":"discrete_text","key":899000118,"value":{"text":"温馨提示：单击已镶嵌宝石可替换或卸下"}},
{"id":"discrete_text","key":899000119,"value":{"text":"温馨提示：5阶紫色及以上品质装备才能锻造"}},
{"id":"discrete_text","key":899000120,"value":{"text":"温馨提示：传承最高相性属性和锻造次数"}},
{"id":"discrete_text","key":899000121,"value":{"text":"经典法攻幻兽;经典物攻幻兽"}},
{"id":"discrete_text","key":899000122,"value":{"text":"星级O兽蛋，幻兽升星更迅猛"}},
{"id":"discrete_text","key":899000123,"value":{"text":"出征第三只幻兽，锋芒崭露所向无敌"}},
{"id":"discrete_text","key":899000124,"value":{"text":"超高血量加成，合体战斗打首领更安全"}},
{"id":"discrete_text","key":899000125,"value":{"text":"传说品质，经典超高物攻幻兽"}},
{"id":"discrete_text","key":899000126,"value":{"text":"无副本挑战次数，无法挑战"}},
{"id":"discrete_text","key":899000127,"value":{"text":"无副本挑战门票，无法挑战"}},
{"id":"discrete_text","key":899000128,"value":{"text":"副本处于冷却时间中，请稍后再来"}},
{"id":"discrete_text","key":899000129,"value":{"text":"有队员无挑战次数，无法挑战"}},
{"id":"discrete_text","key":899000130,"value":{"text":"有队员无挑战门票，无法挑战"}},
{"id":"discrete_text","key":899000131,"value":{"text":"有队员处于冷却时间中，请稍后再来"}},
{"id":"discrete_text","key":899000132,"value":{"text":"恭喜{0}在名人堂中力压群雄获得排名第一的成绩，英雄寂寞，但求一战。"}},
{"id":"discrete_text","key":899000133,"value":{"text":"光幕消失，可以继续前进"}},
{"id":"discrete_text","key":899000134,"value":{"text":"尽快找到被困的神使"}},
{"id":"discrete_text","key":899000135,"value":{"text":"已在当前线路"}},
{"id":"discrete_text","key":899000136,"value":{"text":"物品处于拾取保护状态"}},
{"id":"discrete_text","key":899000137,"value":{"text":"继续前进，接受女王的祝福！"}},
{"id":"discrete_text","key":899000138,"value":{"text":"已成功关注，首领刷新前1分钟将收到通知"}},
{"id":"discrete_text","key":899000139,"value":{"text":"贵族等级不足{0},是否消耗{1}魔石进入（优先消耗绑定魔石）"}},
{"id":"discrete_text","key":899000140,"value":{"text":"<color=#56f856>150%</color>超高物品掉落！"}},
{"id":"discrete_text","key":899000141,"value":{"text":"<color=#56f856>100%</color>物品掉落，抓紧！"}},
{"id":"discrete_text","key":899000142,"value":{"text":"<color=#56f856>50%</color>物品掉落，抓紧！"}},
{"id":"discrete_text","key":899000143,"value":{"text":"保护海滩，消灭海妖先锋部队"}},
{"id":"discrete_text","key":899000144,"value":{"text":"做好开战准备，海妖大军即将发起进攻"}},
{"id":"discrete_text","key":899000145,"value":{"text":"坚持住，为了骑士团的荣耀"}},
{"id":"discrete_text","key":899000146,"value":{"text":"装备锻造帮助说明"}},
{"id":"discrete_text","key":899000147,"value":{"text":"装备武神觉醒帮助说明"}},
{"id":"discrete_text","key":899000148,"value":{"text":"装备战神觉醒帮助说明"}},
{"id":"discrete_text","key":899000149,"value":{"text":"温馨提示：装备替换时自动返还觉醒石，不会返还觉醒石"}},
{"id":"discrete_text","key":899000150,"value":{"text":"温馨提示：装备替换时自动返还觉醒石，不会返还觉醒石"}},
{"id":"discrete_text","key":899000151,"value":{"text":"快抓住塔蕾娜，别让她跑了！"}},
{"id":"discrete_text","key":899000152,"value":{"text":"点燃风车楼旁的火堆，逼出魔族斥候！"}},
{"id":"discrete_text","key":899000153,"value":{"text":"跑商中不能切换地图"}},
{"id":"discrete_text","key":899000154,"value":{"text":"击败怪物获得积分"}},
{"id":"discrete_text","key":899000155,"value":{"text":"怪物进入后消失"}},
{"id":"discrete_text","key":899000156,"value":{"text":"激活后全地图怪物减速70%持续15秒，勾选自动激活后，怪物进入减速区自动激活减速"}},
{"id":"discrete_text","key":899000157,"value":{"text":"下一波怪物将在3秒后攻击"}},
{"id":"discrete_text","key":899000158,"value":{"text":"地精恶棍被惊动了，赶紧阻止他们继续逞凶"}},
{"id":"discrete_text","key":899000159,"value":{"text":"艾伦塔尔命令怪物向你发起攻击"}},
{"id":"discrete_text","key":899000160,"value":{"text":"老提古莫出现了，狠狠的教训他吧"}},
{"id":"discrete_text","key":899000161,"value":{"text":"图腾祭坛可以给军团成员提供战斗力\\n图腾祭坛升级后，可以开启更多的幻兽图腾\\n图腾祭坛升级后，可以开启图腾加持功能"}},
{"id":"discrete_text","key":899000162,"value":{"text":"魔法学院中有激发军团成员各种潜力的特技\\n魔法学院升级后，可以研究更多的军团特技"}},
{"id":"discrete_text","key":899000163,"value":{"text":"拍卖还款"}},
{"id":"discrete_text","key":899000164,"value":{"text":"你在世界拍卖中竞拍的物品{0:i}有其他玩家给出了更高的价格，返还你的竞拍魔石"}},
{"id":"discrete_text","key":899000165,"value":{"text":"拍卖物品"}},
{"id":"discrete_text","key":899000166,"value":{"text":"恭喜你在世界拍卖中竞拍获得{0:i}！"}},
{"id":"discrete_text","key":899000167,"value":{"text":"拍卖分红"}},
{"id":"discrete_text","key":899000168,"value":{"text":"{0:i}在世界拍卖中以{1}魔石成功拍出，你获得{2}绑定魔石分红，请领取！"}},
{"id":"discrete_text","key":899000169,"value":{"text":"流拍分红"}},
{"id":"discrete_text","key":899000170,"value":{"text":"{0:i}在世界拍卖中流拍，系统以基础价格的80%进行回收，你获得{1}绑定魔石分红，请领取！"}},
{"id":"discrete_text","key":899000171,"value":{"text":"军团工资"}},
{"id":"discrete_text","key":899000172,"value":{"text":"恭喜你！军团总战力排名第{0}名，本周获得军团工资{1}绑定魔石\\n军团工资在每周一00:00点结算\\n军团总战力排名越高军团工资越高"}},
{"id":"discrete_text","key":899000173,"value":{"text":"军团解散"}},
{"id":"discrete_text","key":899000174,"value":{"text":"由于军团已经连续7日维护资金不足，军团已自动解散"}},
{"id":"discrete_text","key":899000175,"value":{"text":"军团维护资金不足"}},
{"id":"discrete_text","key":899000176,"value":{"text":"军团资金不足，军团维护资金缴纳失败，当前需缴纳{0}维护资金\\n未缴纳军团维护资金将关闭部分军团功能\\n连续7日未缴纳军团维护资金军团将被解散\\n<color=#ff4646>贵军团已经连续{1}日未缴纳维护资金，请尽快缴纳</color>"}},
{"id":"discrete_text","key":899000177,"value":{"text":"军团维护"}},
{"id":"discrete_text","key":899000178,"value":{"text":"军团维护资金缴纳成功，已成功缴纳{0}军团资金，军团全部功能可以正常使用"}},
{"id":"discrete_text","key":899000179,"value":{"text":"又是你，准备承受魔王的诅咒吧"}},
{"id":"discrete_text","key":899000180,"value":{"text":"{0}进入{1}"}},
{"id":"discrete_text","key":899000181,"value":{"text":"{0}携带大量珍贵物品出现在{1}，前往挑战"}},
{"id":"discrete_text","key":899000182,"value":{"text":"{0}在{1}与{2}大战三百回合，获得极品{3}"}},
{"id":"discrete_text","key":899000183,"value":{"text":"军团争霸预告"}},
{"id":"discrete_text","key":899000184,"value":{"text":"今天晚上9点，军团争霸将准时开启，请各位军团成员做好准备，迎接挑战！"}},
{"id":"discrete_text","key":899000185,"value":{"text":"军团争霸奖励"}},
{"id":"discrete_text","key":899000186,"value":{"text":"本轮军团争霸已经结束，奖励直接发放到各位成员邮件里，请注意查收!"}},
{"id":"discrete_text","key":899000187,"value":{"text":"连胜奖励分配"}},
{"id":"discrete_text","key":899000188,"value":{"text":"军团领袖已经本次军团争霸的连胜奖励分配给你！"}},
{"id":"discrete_text","key":899000189,"value":{"text":"终结连胜奖励"}},
{"id":"discrete_text","key":899000190,"value":{"text":"军团领袖已经本次军团争霸的连胜终结奖励分配给你！"}},
{"id":"discrete_text","key":899000191,"value":{"text":"军团争霸军团长奖励"}},
{"id":"discrete_text","key":899000192,"value":{"text":"由于你的军团获得王者赛区第一名，特颁发你荣耀军团限时状态和称号奖励，状态和称号从获得就开始计时，请快快使用，早早享受！"}},
{"id":"discrete_text","key":899000193,"value":{"text":"锻造可提升装备相性属性"}},
{"id":"discrete_text","key":899000194,"value":{"text":"相性属性可增加幻兽攻击"}},
{"id":"discrete_text","key":899000195,"value":{"text":"领地争夺战奖励"}},
{"id":"discrete_text","key":899000196,"value":{"text":"恭喜你所在军团在此次领地争夺战中获得第{0}名，获得{1}战勋参与奖\\n恭喜你在此次领地争夺战的讨伐排名中获得第{2}名，获得排名奖励{3}战勋"}},
{"id":"discrete_text","key":899000197,"value":{"text":"该领地人数已达上限，请进入其他领地进行争夺"}},
{"id":"discrete_text","key":899000198,"value":{"text":"使用雷锤击破艾伦塔尔的钢之护盾"}},
{"id":"discrete_text","key":899000199,"value":{"text":"炼金池发生变化，下波怪物将在1秒后出现"}},
{"id":"discrete_text","key":899000200,"value":{"text":"怪物即将出现"}},
{"id":"discrete_text","key":899000201,"value":{"text":"赶紧乘坐渡船前往下一区域"}},
{"id":"discrete_text","key":899000202,"value":{"text":"挑战将在3秒后开始"}},
{"id":"discrete_text","key":899000203,"value":{"text":"第1波雄狮出现"}},
{"id":"discrete_text","key":899000204,"value":{"text":"第2波雄狮出现"}},
{"id":"discrete_text","key":899000205,"value":{"text":"通过跳跃机关，向虫穴深处进发"}},
{"id":"discrete_text","key":899000206,"value":{"text":"前方的光幕阻挡已消失"}},
{"id":"discrete_text","key":899000207,"value":{"text":"通往黑化仪式的光幕阻挡已消除"}},
{"id":"discrete_text","key":899000208,"value":{"text":"前方的光幕阻挡已消失"}},
{"id":"discrete_text","key":899000209,"value":{"text":"魔族封印被削弱，前方的光幕阻挡已消失"}},
{"id":"discrete_text","key":899000210,"value":{"text":"兽王仆从开始献祭，快阻止他们"}},
{"id":"discrete_text","key":899000211,"value":{"text":"兽王仆从加快了献祭的速度"}},
{"id":"discrete_text","key":899000212,"value":{"text":"花园深处异兽被惊动了，小心他们的袭击"}},
{"id":"discrete_text","key":899000213,"value":{"text":"你唤醒了花园守卫，赶紧消灭他，获得花园中心的钥匙"}},
{"id":"discrete_text","key":899000214,"value":{"text":"使用钥匙开启遗忘花园的后花园大门"}},
{"id":"discrete_text","key":899000215,"value":{"text":"经验提升30%免费传送\r\n持续30天"}},
{"id":"discrete_text","key":899000216,"value":{"text":"◆专属称号：“星之战士”，战斗力提升<color=#00e200>5</color>\r\n◆海量经验：冰封魔窖副本购买次数+<color=#00e200>1</color>\r\n◆快速升级：杀怪经验+<color=#00e200>30%</color>\r\n◆离线升级：离线经验+<color=#00e200>30%</color>\r\n◆大量金币：炎龙宝藏副本购买次数+<color=#00e200>1</color>\r\n◆装备提升：皇家矿山副本购买次数+<color=#00e200>1</color>\r\n◆法宝升级：雷炎禁地副本购买次数+<color=#00e200>1</color>\r\n◆威望勋章：名人堂购买次数+<color=#00e200>5</color>\r\n◆觉醒材料：钢翼之巢进入次数+<color=#00e200>1</color>\r\n◆吞噬加成：圣徽吞噬经验+<color=#00e200>5%</color>\r\n◆签到双倍：对应签到<color=#00e200>奖励翻倍</color>\r\n◆稀有道具：限时云购购买次数+<color=#00e200>6</color>\r\n◆商人福利：摆摊税率减半，降至<color=#00e200>10%</color>\r\n◆方便快捷：<color=#00e200>无限传送</color>\r\n◆属性加成：攻击+<color=#00e200>100</color>，双防+<color=#00e200>100</color>，生命+<color=#00e200>100</color>"}},
{"id":"discrete_text","key":899000217,"value":{"text":"经验材料金币全面升级\r\n持续90天"}},
{"id":"discrete_text","key":899000218,"value":{"text":"◆专属称号：“月之祭祀”，战斗力提升<color=#00e200>6</color>\r\n◆海量经验：冰封魔窖副本购买次数+<color=#00e200>1</color>\r\n◆快速升级：杀怪经验+<color=#00e200>30%</color>\r\n◆离线升级：离线经验+<color=#00e200>30%</color>\r\n◆大量金币：炎龙宝藏副本购买次数+<color=#00e200>1</color>\r\n◆装备提升：皇家矿山副本购买次数+<color=#00e200>1</color>\r\n◆法宝升级：雷炎禁地副本购买次数+<color=#00e200>1</color>\r\n◆威望勋章：名人堂购买次数+<color=#00e200>5</color>\r\n◆觉醒材料：钢翼之巢进入次数+<color=#00e200>2</color>\r\n◆吞噬加成：圣徽吞噬经验+<color=#00e200>5%</color>\r\n◆签到双倍：对应签到<color=#00e200>奖励翻倍</color>\r\n◆稀有道具：限时云购购买次数+<color=#00e200>7</color>\r\n◆商人福利：摆摊税率减半，降至<color=#00e200>10%</color>\r\n◆方便快捷：<color=#00e200>无限传送</color>\r\n◆属性加成：攻击+<color=#00e200>200</color>，双防+<color=#00e200>200</color>，生命+<color=#00e200>200</color>\r\n"}},
{"id":"discrete_text","key":899000219,"value":{"text":"专属首领之家，兑爆极品\r\n持续180天"}},
{"id":"discrete_text","key":899000220,"value":{"text":"◆专属称号：“神之使者”，战斗力提升<color=#00e200>10</color>\r\n◆海量经验：冰封魔窖副本购买次数+<color=#00e200>1</color>\r\n◆快速升级：杀怪经验+<color=#00e200>30%</color>\r\n◆离线升级：离线经验+<color=#00e200>30%</color>\r\n◆大量金币：炎龙宝藏副本购买次数+<color=#00e200>2</color>\r\n◆装备提升：皇家矿山副本购买次数+<color=#00e200>2</color>\r\n◆法宝升级：雷炎禁地副本购买次数+<color=#00e200>2</color>\r\n◆威望勋章：名人堂购买次数+<color=#00e200>10</color>\r\n◆觉醒材料：钢翼之巢进入次数+<color=#00e200>3</color>\r\n◆稀有橙装：免费进入魔王堡垒<color=#00e200>1层</color>\r\n◆吞噬加成：圣徽吞噬经验+<color=#00e200>10%</color>\r\n◆签到双倍：对应签到<color=#00e200>奖励翻倍</color>\r\n◆稀有道具：限时云购购买次数+<color=#00e200>10</color>\r\n◆商人福利：摆摊税率减半，降至<color=#00e200>10%</color>\r\n◆方便快捷：<color=#00e200>无限传送</color>\r\n◆属性加成：攻击+<color=#00e200>400</color>，双防+<color=#00e200>400</color>，生命+<color=#00e200>400</color>"}},
{"id":"discrete_text","key":899000221,"value":{"text":"◆快速升级：杀怪经验+<color=#00e200>30%</color>\r\n◆离线升级：离线经验+<color=#00e200>10%</color>\r\n◆稀有道具：限时云购购买次数+<color=#00e200>5</color>\r\n◆方便快捷：<color=#00e200>无限传送</color>\r\n"}},
{"id":"discrete_text","key":899000222,"value":{"text":"其他军团与连胜次数≥2的荣耀军团进行王者赛区的冠亚军战时，可获得士气鼓舞状态\r\n<color=#62ba3c>连胜次数越多，状态效果越强</color>\r\n当前状态：攻击、防御、生命+{0}%"}},
{"id":"discrete_text","key":899000223,"value":{"text":"其他军团终结连胜次数≥2的荣耀军团，<color=#62ba3c>连胜次数越多，终结荣耀军团获得的奖励越高</color>（终结者：新一届的荣耀军团）"}},
{"id":"discrete_text","key":899000224,"value":{"text":"匹配规则：\r\n1、<color=#62ba3c>开服第4天</color>及之后的<color=#62ba3c>每周日晚</color>进行军团争霸，共分2轮进行\r\n2、赛区<color=#62ba3c>级别越高</color>，获得的<color=#62ba3c>经验</color>和<color=#62ba3c>战勋</color>奖励也越高\r\n3、首轮<color=#62ba3c>同级赛区随机匹配</color>，次轮<color=#62ba3c>胜者对胜者、败者对败者、决出名次</color>\r\n4、王者赛区的冠军可以获得<color=#62ba3c>荣耀圣殿</color>的支配权\r\n5、除王者赛区外，每级比赛的冠军可以<color=#62ba3c>晋级到更高级的赛区</color>\r\n6、除白银赛区外，每级比赛的末名会<color=#62ba3c>降级到低一级的赛区</color>\r\n7、白银赛区资格在每次<color=#62ba3c>活动前重定</color>，由<color=#62ba3c>其余军团中战力前4名</color>获得\r\n\r\n活动规则：\r\n1、加入军团<color=#62ba3c>24小时以上</color>的成员方可加入战场\r\n2、战场中共有5个资源点，<color=#62ba3c>占领旗帜可以占领资源点</color>\r\n3、资源点不仅会积累积分，还可以提供<color=#62ba3c>就近复活点</color>\r\n4、积分<color=#62ba3c>优先达到2000</color>的一方获得胜利\r\n5、若报名军团争霸后未在时间内登入进行争霸，则系统会依照先前的记录，按照战力高低发送奖励。\r\n\r\n活动奖励：</color>\r\n1、每轮争霸后，军团会根据所在赛区和胜负结果获得一定<color=#62ba3c>军团资金</color>，军团成员可获得<color=#62ba3c>胜负奖励\r\n2、每轮争霸后，系统会根据军团成员在<color=#62ba3c>战斗中的贡献</color>进行排名，从而获得不同的<color=#62ba3c>战勋</color>\r\n3、王者赛区的胜利军团，可以获得<color=#62ba3c>连胜奖励</color>，军团领袖可以将奖励分给任何一名军团成员\r\n4、王者赛区的胜利军团，获得荣耀圣殿的荣誉，<color=#62ba3c>荣耀军团</color>的成员每天可以领取<color=#62ba3c>固定工资</color>"}},
{"id":"discrete_text","key":899000225,"value":{"text":"退出军团"}},
{"id":"discrete_text","key":899000226,"value":{"text":"{0:p}已将你请离军团"}},
{"id":"discrete_text","key":899000227,"value":{"text":"圣域战场离线奖励"}},
{"id":"discrete_text","key":899000228,"value":{"text":"你的排名奖励"}},
{"id":"discrete_text","key":899000229,"value":{"text":"通过跳跃点，前往微光渡口"}},
{"id":"discrete_text","key":899000230,"value":{"text":"你合体的幻兽{0:hs}已死亡"}},
{"id":"discrete_text","key":899000231,"value":{"text":"当前正在竞技中，无法进行该操作"}},
{"id":"discrete_text","key":899000232,"value":{"text":"萨尔瓦召唤出封印阵开始吸取能量，快打破四周的能量水晶阻止他"}},
{"id":"discrete_text","key":899000233,"value":{"text":"萨尔瓦召唤出兽王仆从阻止你破坏水晶"}},
{"id":"discrete_text","key":899000234,"value":{"text":"封印阵已损坏，快去打败萨尔瓦"}},
{"id":"discrete_text","key":899000235,"value":{"text":"注意躲避地上的火焰陷进"}},
{"id":"discrete_text","key":899000236,"value":{"text":"欢迎来到战神藏宝室，打败寇德之影将获得战神遗产"}},
{"id":"discrete_text","key":899000237,"value":{"text":"成功激活所有机关，寇德之影被唤醒了"}},
{"id":"discrete_text","key":899000238,"value":{"text":"贵族等级不足\r\n贵族等级达到{0},可免费进入\r\n贵族等级达到{1},可消耗{2}魔石进入（优先消耗绑定魔石）"}},
{"id":"discrete_text","key":899000239,"value":{"text":"贵族等级不足\r\n贵族等级达到{0},可免费进入"}},
{"id":"discrete_text","key":899000240,"value":{"text":"云购通知"}},
{"id":"discrete_text","key":899000241,"value":{"text":"18:00过后,若当天云购没被抢完，则不再限制购买次数，请大家速速参与，夺取幸运大奖！"}},
{"id":"discrete_text","key":899000242,"value":{"text":"云购获奖通知"}},
{"id":"discrete_text","key":899000243,"value":{"text":"恭喜您在限时云购中获得了云购大奖{0}，真是太走运了！"}},
{"id":"discrete_text","key":899000244,"value":{"text":"1.每次购买马上获得一张云购券，并赠送云购大礼一份\r\n\r\n2.开奖剩余份数为0时立即揭晓幸运大奖\r\n\r\n3.每位参与的玩家都有可能获得幸运大奖，购买份数越多，中奖几率越高\r\n\r\n4.今天共有<color=#62ba3c>{0}</color>轮云购，当前第<color=#62ba3c>{1}</color>轮，每轮云购都会重置可购买次数\r\n\r\n5.贵族等级越高，可参与云购次数越多，每天<color=#62ba3c>18:00</color>后不限制云购次数"}},
{"id":"discrete_text","key":899000245,"value":{"text":"大地一阵震动，艾伦塔尔发现了你的踪迹！"}},
{"id":"discrete_text","key":899000246,"value":{"text":"消灭全部的梦魇女妖，才能前往梦境深处"}},
{"id":"discrete_text","key":899000247,"value":{"text":"已经消灭全部女妖，快前往梦境深处吧"}},
{"id":"discrete_text","key":899000248,"value":{"text":"梦魇恶魔释放出邪念幻象阻挡你的前进"}},
{"id":"discrete_text","key":899000249,"value":{"text":"梦魇恶魔苏醒，化身为黑暗诗寇蒂"}},
{"id":"discrete_text","key":899000250,"value":{"text":"您获得神力加持，快使用XP技能击溃魔族士兵！"}},
{"id":"discrete_text","key":899000251,"value":{"text":"充值到账"}},
{"id":"discrete_text","key":899000252,"value":{"text":"你所充值的魔石已经到账"}},
{"id":"discrete_text","key":899000253,"value":{"text":"军团争霸预告"}},
{"id":"discrete_text","key":899000254,"value":{"text":"今天晚上9点，军团争霸将准时开启，届时全服排名前20的军团将参与争夺，敬请期待！"}},
{"id":"discrete_text","key":899000999,"value":{"Id":899000999,"Text":"【测试消息】高能预警，服务器即将重新启动","Remark":""}}
]}
