{"total_rows":150,"offset":0,"rows":[
{"id":"equipment_socket:101","key":[1,1,1],"value":{"unlockLevel":60,"type":[5]}},
{"id":"equipment_socket:101","key":[1,1,2],"value":{"unlockLevel":70,"type":[3]}},
{"id":"equipment_socket:101","key":[1,1,3],"value":{"unlockLevel":80,"type":[4,5]}},
{"id":"equipment_socket:101","key":[1,1,4],"value":{"unlockLevel":1,"type":[5]}},
{"id":"equipment_socket:101","key":[1,1,5],"value":{"unlockLevel":1,"type":[3]}},
{"id":"equipment_socket:102","key":[1,2,1],"value":{"unlockLevel":60,"type":[5]}},
{"id":"equipment_socket:102","key":[1,2,2],"value":{"unlockLevel":70,"type":[3]}},
{"id":"equipment_socket:102","key":[1,2,3],"value":{"unlockLevel":80,"type":[4,5]}},
{"id":"equipment_socket:102","key":[1,2,4],"value":{"unlockLevel":1,"type":[5]}},
{"id":"equipment_socket:102","key":[1,2,5],"value":{"unlockLevel":1,"type":[3]}},
{"id":"equipment_socket:103","key":[1,3,1],"value":{"unlockLevel":60,"type":[5]}},
{"id":"equipment_socket:103","key":[1,3,2],"value":{"unlockLevel":70,"type":[3]}},
{"id":"equipment_socket:103","key":[1,3,3],"value":{"unlockLevel":80,"type":[4,5]}},
{"id":"equipment_socket:103","key":[1,3,4],"value":{"unlockLevel":1,"type":[5]}},
{"id":"equipment_socket:103","key":[1,3,5],"value":{"unlockLevel":1,"type":[3]}},
{"id":"equipment_socket:104","key":[1,4,1],"value":{"unlockLevel":60,"type":[5]}},
{"id":"equipment_socket:104","key":[1,4,2],"value":{"unlockLevel":70,"type":[3]}},
{"id":"equipment_socket:104","key":[1,4,3],"value":{"unlockLevel":80,"type":[4,5]}},
{"id":"equipment_socket:104","key":[1,4,4],"value":{"unlockLevel":1,"type":[5]}},
{"id":"equipment_socket:104","key":[1,4,5],"value":{"unlockLevel":1,"type":[3]}},
{"id":"equipment_socket:105","key":[1,5,1],"value":{"unlockLevel":60,"type":[5]}},
{"id":"equipment_socket:105","key":[1,5,2],"value":{"unlockLevel":70,"type":[3]}},
{"id":"equipment_socket:105","key":[1,5,3],"value":{"unlockLevel":80,"type":[4,5]}},
{"id":"equipment_socket:105","key":[1,5,4],"value":{"unlockLevel":1,"type":[5]}},
{"id":"equipment_socket:105","key":[1,5,5],"value":{"unlockLevel":1,"type":[3]}},
{"id":"equipment_socket:106","key":[1,6,1],"value":{"unlockLevel":60,"type":[1]}},
{"id":"equipment_socket:106","key":[1,6,2],"value":{"unlockLevel":70,"type":[1]}},
{"id":"equipment_socket:106","key":[1,6,3],"value":{"unlockLevel":80,"type":[1]}},
{"id":"equipment_socket:106","key":[1,6,4],"value":{"unlockLevel":1,"type":[1]}},
{"id":"equipment_socket:106","key":[1,6,5],"value":{"unlockLevel":1,"type":[1]}},
{"id":"equipment_socket:107","key":[1,7,1],"value":{"unlockLevel":60,"type":[1]}},
{"id":"equipment_socket:107","key":[1,7,2],"value":{"unlockLevel":70,"type":[3,4]}},
{"id":"equipment_socket:107","key":[1,7,3],"value":{"unlockLevel":80,"type":[3,4]}},
{"id":"equipment_socket:107","key":[1,7,4],"value":{"unlockLevel":1,"type":[1]}},
{"id":"equipment_socket:107","key":[1,7,5],"value":{"unlockLevel":1,"type":[1]}},
{"id":"equipment_socket:108","key":[1,8,1],"value":{"unlockLevel":60,"type":[1]}},
{"id":"equipment_socket:108","key":[1,8,2],"value":{"unlockLevel":70,"type":[1,5]}},
{"id":"equipment_socket:108","key":[1,8,3],"value":{"unlockLevel":80,"type":[1,5]}},
{"id":"equipment_socket:108","key":[1,8,4],"value":{"unlockLevel":1,"type":[1]}},
{"id":"equipment_socket:108","key":[1,8,5],"value":{"unlockLevel":1,"type":[1]}},
{"id":"equipment_socket:109","key":[1,9,1],"value":{"unlockLevel":60,"type":[1,5]}},
{"id":"equipment_socket:109","key":[1,9,2],"value":{"unlockLevel":70,"type":[1,5]}},
{"id":"equipment_socket:109","key":[1,9,3],"value":{"unlockLevel":80,"type":[1,5]}},
{"id":"equipment_socket:109","key":[1,9,4],"value":{"unlockLevel":1,"type":[1]}},
{"id":"equipment_socket:109","key":[1,9,5],"value":{"unlockLevel":1,"type":[1]}},
{"id":"equipment_socket:110","key":[1,10,1],"value":{"unlockLevel":60,"type":[3,4]}},
{"id":"equipment_socket:110","key":[1,10,2],"value":{"unlockLevel":70,"type":[3,4]}},
{"id":"equipment_socket:110","key":[1,10,3],"value":{"unlockLevel":80,"type":[3,4]}},
{"id":"equipment_socket:110","key":[1,10,4],"value":{"unlockLevel":1,"type":[1]}},
{"id":"equipment_socket:110","key":[1,10,5],"value":{"unlockLevel":1,"type":[1]}},
{"id":"equipment_socket:201","key":[2,1,1],"value":{"unlockLevel":60,"type":[5]}},
{"id":"equipment_socket:201","key":[2,1,2],"value":{"unlockLevel":70,"type":[3]}},
{"id":"equipment_socket:201","key":[2,1,3],"value":{"unlockLevel":80,"type":[4,5]}},
{"id":"equipment_socket:201","key":[2,1,4],"value":{"unlockLevel":1,"type":[5]}},
{"id":"equipment_socket:201","key":[2,1,5],"value":{"unlockLevel":1,"type":[3]}},
{"id":"equipment_socket:202","key":[2,2,1],"value":{"unlockLevel":60,"type":[5]}},
{"id":"equipment_socket:202","key":[2,2,2],"value":{"unlockLevel":70,"type":[3]}},
{"id":"equipment_socket:202","key":[2,2,3],"value":{"unlockLevel":80,"type":[4,5]}},
{"id":"equipment_socket:202","key":[2,2,4],"value":{"unlockLevel":1,"type":[5]}},
{"id":"equipment_socket:202","key":[2,2,5],"value":{"unlockLevel":1,"type":[3]}},
{"id":"equipment_socket:203","key":[2,3,1],"value":{"unlockLevel":60,"type":[5]}},
{"id":"equipment_socket:203","key":[2,3,2],"value":{"unlockLevel":70,"type":[3]}},
{"id":"equipment_socket:203","key":[2,3,3],"value":{"unlockLevel":80,"type":[4,5]}},
{"id":"equipment_socket:203","key":[2,3,4],"value":{"unlockLevel":1,"type":[5]}},
{"id":"equipment_socket:203","key":[2,3,5],"value":{"unlockLevel":1,"type":[3]}},
{"id":"equipment_socket:204","key":[2,4,1],"value":{"unlockLevel":60,"type":[5]}},
{"id":"equipment_socket:204","key":[2,4,2],"value":{"unlockLevel":70,"type":[3]}},
{"id":"equipment_socket:204","key":[2,4,3],"value":{"unlockLevel":80,"type":[4,5]}},
{"id":"equipment_socket:204","key":[2,4,4],"value":{"unlockLevel":1,"type":[5]}},
{"id":"equipment_socket:204","key":[2,4,5],"value":{"unlockLevel":1,"type":[3]}},
{"id":"equipment_socket:205","key":[2,5,1],"value":{"unlockLevel":60,"type":[5]}},
{"id":"equipment_socket:205","key":[2,5,2],"value":{"unlockLevel":70,"type":[3]}},
{"id":"equipment_socket:205","key":[2,5,3],"value":{"unlockLevel":80,"type":[4,5]}},
{"id":"equipment_socket:205","key":[2,5,4],"value":{"unlockLevel":1,"type":[5]}},
{"id":"equipment_socket:205","key":[2,5,5],"value":{"unlockLevel":1,"type":[3]}},
{"id":"equipment_socket:206","key":[2,6,1],"value":{"unlockLevel":60,"type":[2]}},
{"id":"equipment_socket:206","key":[2,6,2],"value":{"unlockLevel":70,"type":[2]}},
{"id":"equipment_socket:206","key":[2,6,3],"value":{"unlockLevel":80,"type":[2]}},
{"id":"equipment_socket:206","key":[2,6,4],"value":{"unlockLevel":1,"type":[2]}},
{"id":"equipment_socket:206","key":[2,6,5],"value":{"unlockLevel":1,"type":[2]}},
{"id":"equipment_socket:207","key":[2,7,1],"value":{"unlockLevel":60,"type":[2]}},
{"id":"equipment_socket:207","key":[2,7,2],"value":{"unlockLevel":70,"type":[3,4]}},
{"id":"equipment_socket:207","key":[2,7,3],"value":{"unlockLevel":80,"type":[3,4]}},
{"id":"equipment_socket:207","key":[2,7,4],"value":{"unlockLevel":1,"type":[2]}},
{"id":"equipment_socket:207","key":[2,7,5],"value":{"unlockLevel":1,"type":[2]}},
{"id":"equipment_socket:208","key":[2,8,1],"value":{"unlockLevel":60,"type":[2]}},
{"id":"equipment_socket:208","key":[2,8,2],"value":{"unlockLevel":70,"type":[2,5]}},
{"id":"equipment_socket:208","key":[2,8,3],"value":{"unlockLevel":80,"type":[2,5]}},
{"id":"equipment_socket:208","key":[2,8,4],"value":{"unlockLevel":1,"type":[2]}},
{"id":"equipment_socket:208","key":[2,8,5],"value":{"unlockLevel":1,"type":[2]}},
{"id":"equipment_socket:209","key":[2,9,1],"value":{"unlockLevel":60,"type":[2,5]}},
{"id":"equipment_socket:209","key":[2,9,2],"value":{"unlockLevel":70,"type":[2,5]}},
{"id":"equipment_socket:209","key":[2,9,3],"value":{"unlockLevel":80,"type":[2,5]}},
{"id":"equipment_socket:209","key":[2,9,4],"value":{"unlockLevel":1,"type":[2]}},
{"id":"equipment_socket:209","key":[2,9,5],"value":{"unlockLevel":1,"type":[2]}},
{"id":"equipment_socket:210","key":[2,10,1],"value":{"unlockLevel":60,"type":[3,4]}},
{"id":"equipment_socket:210","key":[2,10,2],"value":{"unlockLevel":70,"type":[3,4]}},
{"id":"equipment_socket:210","key":[2,10,3],"value":{"unlockLevel":80,"type":[3,4]}},
{"id":"equipment_socket:210","key":[2,10,4],"value":{"unlockLevel":1,"type":[2]}},
{"id":"equipment_socket:210","key":[2,10,5],"value":{"unlockLevel":1,"type":[2]}},
{"id":"equipment_socket:301","key":[3,1,1],"value":{"unlockLevel":60,"type":[5]}},
{"id":"equipment_socket:301","key":[3,1,2],"value":{"unlockLevel":70,"type":[3]}},
{"id":"equipment_socket:301","key":[3,1,3],"value":{"unlockLevel":80,"type":[4,5]}},
{"id":"equipment_socket:301","key":[3,1,4],"value":{"unlockLevel":1,"type":[5]}},
{"id":"equipment_socket:301","key":[3,1,5],"value":{"unlockLevel":1,"type":[3]}},
{"id":"equipment_socket:302","key":[3,2,1],"value":{"unlockLevel":60,"type":[5]}},
{"id":"equipment_socket:302","key":[3,2,2],"value":{"unlockLevel":70,"type":[3]}},
{"id":"equipment_socket:302","key":[3,2,3],"value":{"unlockLevel":80,"type":[4,5]}},
{"id":"equipment_socket:302","key":[3,2,4],"value":{"unlockLevel":1,"type":[5]}},
{"id":"equipment_socket:302","key":[3,2,5],"value":{"unlockLevel":1,"type":[3]}},
{"id":"equipment_socket:303","key":[3,3,1],"value":{"unlockLevel":60,"type":[5]}},
{"id":"equipment_socket:303","key":[3,3,2],"value":{"unlockLevel":70,"type":[3]}},
{"id":"equipment_socket:303","key":[3,3,3],"value":{"unlockLevel":80,"type":[4,5]}},
{"id":"equipment_socket:303","key":[3,3,4],"value":{"unlockLevel":1,"type":[5]}},
{"id":"equipment_socket:303","key":[3,3,5],"value":{"unlockLevel":1,"type":[3]}},
{"id":"equipment_socket:304","key":[3,4,1],"value":{"unlockLevel":60,"type":[5]}},
{"id":"equipment_socket:304","key":[3,4,2],"value":{"unlockLevel":70,"type":[3]}},
{"id":"equipment_socket:304","key":[3,4,3],"value":{"unlockLevel":80,"type":[4,5]}},
{"id":"equipment_socket:304","key":[3,4,4],"value":{"unlockLevel":1,"type":[5]}},
{"id":"equipment_socket:304","key":[3,4,5],"value":{"unlockLevel":1,"type":[3]}},
{"id":"equipment_socket:305","key":[3,5,1],"value":{"unlockLevel":60,"type":[5]}},
{"id":"equipment_socket:305","key":[3,5,2],"value":{"unlockLevel":70,"type":[3]}},
{"id":"equipment_socket:305","key":[3,5,3],"value":{"unlockLevel":80,"type":[4,5]}},
{"id":"equipment_socket:305","key":[3,5,4],"value":{"unlockLevel":1,"type":[5]}},
{"id":"equipment_socket:305","key":[3,5,5],"value":{"unlockLevel":1,"type":[3]}},
{"id":"equipment_socket:306","key":[3,6,1],"value":{"unlockLevel":60,"type":[1]}},
{"id":"equipment_socket:306","key":[3,6,2],"value":{"unlockLevel":70,"type":[1]}},
{"id":"equipment_socket:306","key":[3,6,3],"value":{"unlockLevel":80,"type":[1]}},
{"id":"equipment_socket:306","key":[3,6,4],"value":{"unlockLevel":1,"type":[1]}},
{"id":"equipment_socket:306","key":[3,6,5],"value":{"unlockLevel":1,"type":[1]}},
{"id":"equipment_socket:307","key":[3,7,1],"value":{"unlockLevel":60,"type":[1]}},
{"id":"equipment_socket:307","key":[3,7,2],"value":{"unlockLevel":70,"type":[3,4]}},
{"id":"equipment_socket:307","key":[3,7,3],"value":{"unlockLevel":80,"type":[3,4]}},
{"id":"equipment_socket:307","key":[3,7,4],"value":{"unlockLevel":1,"type":[1]}},
{"id":"equipment_socket:307","key":[3,7,5],"value":{"unlockLevel":1,"type":[1]}},
{"id":"equipment_socket:308","key":[3,8,1],"value":{"unlockLevel":60,"type":[1]}},
{"id":"equipment_socket:308","key":[3,8,2],"value":{"unlockLevel":70,"type":[1,5]}},
{"id":"equipment_socket:308","key":[3,8,3],"value":{"unlockLevel":80,"type":[1,5]}},
{"id":"equipment_socket:308","key":[3,8,4],"value":{"unlockLevel":1,"type":[1]}},
{"id":"equipment_socket:308","key":[3,8,5],"value":{"unlockLevel":1,"type":[1]}},
{"id":"equipment_socket:309","key":[3,9,1],"value":{"unlockLevel":60,"type":[1,5]}},
{"id":"equipment_socket:309","key":[3,9,2],"value":{"unlockLevel":70,"type":[1,5]}},
{"id":"equipment_socket:309","key":[3,9,3],"value":{"unlockLevel":80,"type":[1,5]}},
{"id":"equipment_socket:309","key":[3,9,4],"value":{"unlockLevel":1,"type":[1]}},
{"id":"equipment_socket:309","key":[3,9,5],"value":{"unlockLevel":1,"type":[1]}},
{"id":"equipment_socket:310","key":[3,10,1],"value":{"unlockLevel":60,"type":[3,4]}},
{"id":"equipment_socket:310","key":[3,10,2],"value":{"unlockLevel":70,"type":[3,4]}},
{"id":"equipment_socket:310","key":[3,10,3],"value":{"unlockLevel":80,"type":[3,4]}},
{"id":"equipment_socket:310","key":[3,10,4],"value":{"unlockLevel":1,"type":[1]}},
{"id":"equipment_socket:310","key":[3,10,5],"value":{"unlockLevel":1,"type":[1]}}
]}
