{"total_rows":32,"offset":0,"rows":[
{"id":"rare_props_lib:3110","key":3110,"value":[{"amount":1,"group":[[1101,40],[1001,30],[1002,30]]}]},
{"id":"rare_props_lib:3111","key":3111,"value":[{"amount":1,"group":[[3101,35],[3102,35],[3111,30]]}]},
{"id":"rare_props_lib:3120","key":3120,"value":[{"amount":1,"group":[[1101,40],[1001,30],[1002,30]]}]},
{"id":"rare_props_lib:3121","key":3121,"value":[{"amount":1,"group":[[3101,35],[3102,35],[3121,30]]}]},
{"id":"rare_props_lib:3210","key":3210,"value":[{"amount":1,"group":[[1201,30],[1202,30],[1001,20],[1002,20]]}]},
{"id":"rare_props_lib:3211","key":3211,"value":[{"amount":1,"group":[[3201,35],[3202,35],[3211,30]]}]},
{"id":"rare_props_lib:3220","key":3220,"value":[{"amount":1,"group":[[1201,30],[1202,30],[1001,20],[1002,20]]}]},
{"id":"rare_props_lib:3221","key":3221,"value":[{"amount":1,"group":[[3201,35],[3202,35],[3221,30]]}]},
{"id":"rare_props_lib:4111","key":4111,"value":[{"amount":1,"group":[[4101,35],[4102,35],[4111,30]]},{"amount":1,"group":[[1101,40],[1001,30],[1002,30]]}]},
{"id":"rare_props_lib:4112","key":4112,"value":[{"amount":2,"group":[[4101,35],[4102,35],[4111,30]]}]},
{"id":"rare_props_lib:4121","key":4121,"value":[{"amount":1,"group":[[4101,35],[4102,35],[4121,30]]},{"amount":1,"group":[[1101,40],[1001,30],[1002,30]]}]},
{"id":"rare_props_lib:4122","key":4122,"value":[{"amount":2,"group":[[4101,35],[4102,35],[4121,30]]}]},
{"id":"rare_props_lib:4211","key":4211,"value":[{"amount":1,"group":[[4201,35],[4202,35],[4211,30]]},{"amount":1,"group":[[1201,30],[1202,30],[1001,20],[1002,20]]}]},
{"id":"rare_props_lib:4212","key":4212,"value":[{"amount":2,"group":[[4201,35],[4202,35],[4211,30]]}]},
{"id":"rare_props_lib:4221","key":4221,"value":[{"amount":1,"group":[[4201,35],[4202,35],[4221,30]]},{"amount":1,"group":[[1201,30],[1202,30],[1001,20],[1002,20]]}]},
{"id":"rare_props_lib:4222","key":4222,"value":[{"amount":2,"group":[[4201,35],[4202,35],[4221,30]]}]},
{"id":"rare_props_lib:5111","key":5111,"value":[{"amount":1,"group":[[5101,35],[5102,35],[5111,30]]},{"amount":2,"group":[[1101,40],[1001,30],[1002,30]]}]},
{"id":"rare_props_lib:5112","key":5112,"value":[{"amount":2,"group":[[5101,35],[5102,35],[5111,30]]},{"amount":1,"group":[[1101,40],[1001,30],[1002,30]]}]},
{"id":"rare_props_lib:5113","key":5113,"value":[{"amount":3,"group":[[5101,35],[5102,35],[5111,30]]}]},
{"id":"rare_props_lib:5121","key":5121,"value":[{"amount":1,"group":[[5101,35],[5102,35],[5121,30]]},{"amount":2,"group":[[1101,40],[1001,30],[1002,30]]}]},
{"id":"rare_props_lib:5122","key":5122,"value":[{"amount":2,"group":[[5101,35],[5102,35],[5121,30]]},{"amount":1,"group":[[1101,40],[1001,30],[1002,30]]}]},
{"id":"rare_props_lib:5123","key":5123,"value":[{"amount":3,"group":[[5101,35],[5102,35],[5121,30]]}]},
{"id":"rare_props_lib:5211","key":5211,"value":[{"amount":1,"group":[[5201,35],[5202,35],[5211,30]]},{"amount":2,"group":[[1201,30],[1202,30],[1001,20],[1002,20]]}]},
{"id":"rare_props_lib:5212","key":5212,"value":[{"amount":2,"group":[[5201,35],[5202,35],[5211,30]]},{"amount":1,"group":[[1201,30],[1202,30],[1001,20],[1002,20]]}]},
{"id":"rare_props_lib:5213","key":5213,"value":[{"amount":3,"group":[[5201,35],[5202,35],[5211,30]]}]},
{"id":"rare_props_lib:5221","key":5221,"value":[{"amount":1,"group":[[5201,35],[5202,35],[5221,30]]},{"amount":2,"group":[[1201,30],[1202,30],[1001,20],[1002,20]]}]},
{"id":"rare_props_lib:5222","key":5222,"value":[{"amount":2,"group":[[5201,35],[5202,35],[5221,30]]},{"amount":1,"group":[[1201,30],[1202,30],[1001,20],[1002,20]]}]},
{"id":"rare_props_lib:5223","key":5223,"value":[{"amount":3,"group":[[5201,35],[5202,35],[5221,30]]}]},
{"id":"rare_props_lib:9000","key":9000,"value":[{"amount":2,"group":[[4101,50],[4102,50],[4121,0]]}]},
{"id":"rare_props_lib:9001","key":9001,"value":[{"amount":2,"group":[[5201,50],[5202,50],[5211,0]]},{"amount":1,"group":[[1201,100],[1202,0],[1001,0],[1002,0]]}]},
{"id":"rare_props_lib:9010","key":9010,"value":[{"amount":2,"group":[[5101,50],[5102,50],[5111,0]]},{"amount":1,"group":[[1101,100],[1001,0],[1002,0]]}]},
{"id":"rare_props_lib:9011","key":9011,"value":[{"amount":2,"group":[[5201,50],[5202,50],[5211,0]]},{"amount":1,"group":[[1201,100],[1001,0],[1002,0]]}]}
]}
