{"total_rows":10,"offset":0,"rows":[
{"id":"equipment_slots:1","key":1,"value":{"rarePropLibs":[4212,5212,5213]}},
{"id":"equipment_slots:2","key":2,"value":{"rarePropLibs":[4222,5222,5223]}},
{"id":"equipment_slots:3","key":3,"value":{"rarePropLibs":[4212,5212,5213]}},
{"id":"equipment_slots:4","key":4,"value":{"rarePropLibs":[4222,5222,5223]}},
{"id":"equipment_slots:5","key":5,"value":{"rarePropLibs":[4222,5222,5223]}},
{"id":"equipment_slots:6","key":6,"value":{"rarePropLibs":[4112,5112,5113]}},
{"id":"equipment_slots:7","key":7,"value":{"rarePropLibs":[4122,5122,5123]}},
{"id":"equipment_slots:8","key":8,"value":{"rarePropLibs":[4112,5112,5113]}},
{"id":"equipment_slots:9","key":9,"value":{"rarePropLibs":[4122,5122,5123]}},
{"id":"equipment_slots:10","key":10,"value":{"rarePropLibs":[4112,5112,5113]}}
]}
