{"total_rows":60,"offset":0,"rows":[
{"id":"equipment_enhance_levels","key":1,"value":{"chance":10000,"failCompensate":100,"requireLevel":1,"cost":[["item",208010101,1]]}},
{"id":"equipment_enhance_levels","key":2,"value":{"chance":9200,"failCompensate":100,"requireLevel":1,"cost":[["item",208010101,1]]}},
{"id":"equipment_enhance_levels","key":3,"value":{"chance":7600,"failCompensate":100,"requireLevel":1,"cost":[["item",208010101,1]]}},
{"id":"equipment_enhance_levels","key":4,"value":{"chance":6800,"failCompensate":100,"requireLevel":1,"cost":[["item",208010101,1]]}},
{"id":"equipment_enhance_levels","key":5,"value":{"chance":5200,"failCompensate":100,"requireLevel":1,"cost":[["item",208010101,1]]}},
{"id":"equipment_enhance_levels","key":6,"value":{"chance":9200,"failCompensate":100,"requireLevel":1,"cost":[["item",208010101,3]]}},
{"id":"equipment_enhance_levels","key":7,"value":{"chance":8400,"failCompensate":100,"requireLevel":1,"cost":[["item",208010101,3]]}},
{"id":"equipment_enhance_levels","key":8,"value":{"chance":6800,"failCompensate":100,"requireLevel":1,"cost":[["item",208010101,3]]}},
{"id":"equipment_enhance_levels","key":9,"value":{"chance":6000,"failCompensate":100,"requireLevel":1,"cost":[["item",208010101,3]]}},
{"id":"equipment_enhance_levels","key":10,"value":{"chance":4400,"failCompensate":100,"requireLevel":1,"cost":[["item",208010101,3]]}},
{"id":"equipment_enhance_levels","key":11,"value":{"chance":8400,"failCompensate":100,"requireLevel":1,"cost":[["item",208010101,5]]}},
{"id":"equipment_enhance_levels","key":12,"value":{"chance":7600,"failCompensate":100,"requireLevel":1,"cost":[["item",208010101,5]]}},
{"id":"equipment_enhance_levels","key":13,"value":{"chance":6000,"failCompensate":100,"requireLevel":1,"cost":[["item",208010101,5]]}},
{"id":"equipment_enhance_levels","key":14,"value":{"chance":5200,"failCompensate":100,"requireLevel":1,"cost":[["item",208010101,5]]}},
{"id":"equipment_enhance_levels","key":15,"value":{"chance":3600,"failCompensate":100,"requireLevel":1,"cost":[["item",208010101,5]]}},
{"id":"equipment_enhance_levels","key":16,"value":{"chance":7600,"failCompensate":100,"requireLevel":1,"cost":[["item",208010101,8]]}},
{"id":"equipment_enhance_levels","key":17,"value":{"chance":6800,"failCompensate":100,"requireLevel":1,"cost":[["item",208010101,8]]}},
{"id":"equipment_enhance_levels","key":18,"value":{"chance":5200,"failCompensate":100,"requireLevel":1,"cost":[["item",208010101,8]]}},
{"id":"equipment_enhance_levels","key":19,"value":{"chance":4400,"failCompensate":100,"requireLevel":1,"cost":[["item",208010101,8]]}},
{"id":"equipment_enhance_levels","key":20,"value":{"chance":2800,"failCompensate":100,"requireLevel":1,"cost":[["item",208010101,8]]}},
{"id":"equipment_enhance_levels","key":21,"value":{"chance":6800,"failCompensate":100,"requireLevel":1,"cost":[["item",208010101,10]]}},
{"id":"equipment_enhance_levels","key":22,"value":{"chance":6000,"failCompensate":100,"requireLevel":1,"cost":[["item",208010101,10]]}},
{"id":"equipment_enhance_levels","key":23,"value":{"chance":4400,"failCompensate":100,"requireLevel":1,"cost":[["item",208010101,10]]}},
{"id":"equipment_enhance_levels","key":24,"value":{"chance":3600,"failCompensate":100,"requireLevel":1,"cost":[["item",208010101,10]]}},
{"id":"equipment_enhance_levels","key":25,"value":{"chance":2000,"failCompensate":100,"requireLevel":1,"cost":[["item",208010101,10]]}},
{"id":"equipment_enhance_levels","key":26,"value":{"chance":6000,"failCompensate":100,"requireLevel":1,"cost":[["item",208010101,12]]}},
{"id":"equipment_enhance_levels","key":27,"value":{"chance":5200,"failCompensate":100,"requireLevel":1,"cost":[["item",208010101,12]]}},
{"id":"equipment_enhance_levels","key":28,"value":{"chance":3600,"failCompensate":100,"requireLevel":1,"cost":[["item",208010101,12]]}},
{"id":"equipment_enhance_levels","key":29,"value":{"chance":2800,"failCompensate":100,"requireLevel":1,"cost":[["item",208010101,12]]}},
{"id":"equipment_enhance_levels","key":30,"value":{"chance":1200,"failCompensate":100,"requireLevel":1,"cost":[["item",208010101,12]]}},
{"id":"equipment_enhance_levels","key":31,"value":{"chance":5200,"failCompensate":100,"requireLevel":1,"cost":[["item",208010101,15]]}},
{"id":"equipment_enhance_levels","key":32,"value":{"chance":4400,"failCompensate":100,"requireLevel":1,"cost":[["item",208010101,15]]}},
{"id":"equipment_enhance_levels","key":33,"value":{"chance":2800,"failCompensate":100,"requireLevel":1,"cost":[["item",208010101,15]]}},
{"id":"equipment_enhance_levels","key":34,"value":{"chance":2000,"failCompensate":100,"requireLevel":1,"cost":[["item",208010101,15]]}},
{"id":"equipment_enhance_levels","key":35,"value":{"chance":1000,"failCompensate":100,"requireLevel":1,"cost":[["item",208010101,15]]}},
{"id":"equipment_enhance_levels","key":36,"value":{"chance":4400,"failCompensate":100,"requireLevel":1,"cost":[["item",208010101,18]]}},
{"id":"equipment_enhance_levels","key":37,"value":{"chance":3600,"failCompensate":100,"requireLevel":1,"cost":[["item",208010101,18]]}},
{"id":"equipment_enhance_levels","key":38,"value":{"chance":2000,"failCompensate":100,"requireLevel":1,"cost":[["item",208010101,18]]}},
{"id":"equipment_enhance_levels","key":39,"value":{"chance":1200,"failCompensate":100,"requireLevel":1,"cost":[["item",208010101,18]]}},
{"id":"equipment_enhance_levels","key":40,"value":{"chance":1000,"failCompensate":100,"requireLevel":1,"cost":[["item",208010101,18]]}},
{"id":"equipment_enhance_levels","key":41,"value":{"chance":3600,"failCompensate":100,"requireLevel":1,"cost":[["item",208010101,20]]}},
{"id":"equipment_enhance_levels","key":42,"value":{"chance":2800,"failCompensate":100,"requireLevel":1,"cost":[["item",208010101,20]]}},
{"id":"equipment_enhance_levels","key":43,"value":{"chance":1200,"failCompensate":100,"requireLevel":1,"cost":[["item",208010101,20]]}},
{"id":"equipment_enhance_levels","key":44,"value":{"chance":1000,"failCompensate":100,"requireLevel":1,"cost":[["item",208010101,20]]}},
{"id":"equipment_enhance_levels","key":45,"value":{"chance":1000,"failCompensate":100,"requireLevel":1,"cost":[["item",208010101,20]]}},
{"id":"equipment_enhance_levels","key":46,"value":{"chance":2800,"failCompensate":100,"requireLevel":1,"cost":[["item",208010101,25]]}},
{"id":"equipment_enhance_levels","key":47,"value":{"chance":2000,"failCompensate":100,"requireLevel":1,"cost":[["item",208010101,25]]}},
{"id":"equipment_enhance_levels","key":48,"value":{"chance":1000,"failCompensate":100,"requireLevel":1,"cost":[["item",208010101,25]]}},
{"id":"equipment_enhance_levels","key":49,"value":{"chance":1000,"failCompensate":100,"requireLevel":1,"cost":[["item",208010101,25]]}},
{"id":"equipment_enhance_levels","key":50,"value":{"chance":1000,"failCompensate":100,"requireLevel":1,"cost":[["item",208010101,25]]}},
{"id":"equipment_enhance_levels","key":51,"value":{"chance":2000,"failCompensate":100,"requireLevel":1,"cost":[["item",208010101,30]]}},
{"id":"equipment_enhance_levels","key":52,"value":{"chance":1200,"failCompensate":100,"requireLevel":1,"cost":[["item",208010101,30]]}},
{"id":"equipment_enhance_levels","key":53,"value":{"chance":1000,"failCompensate":100,"requireLevel":1,"cost":[["item",208010101,30]]}},
{"id":"equipment_enhance_levels","key":54,"value":{"chance":1000,"failCompensate":100,"requireLevel":1,"cost":[["item",208010101,30]]}},
{"id":"equipment_enhance_levels","key":55,"value":{"chance":1000,"failCompensate":100,"requireLevel":1,"cost":[["item",208010101,30]]}},
{"id":"equipment_enhance_levels","key":56,"value":{"chance":1200,"failCompensate":100,"requireLevel":1,"cost":[["item",208010101,35]]}},
{"id":"equipment_enhance_levels","key":57,"value":{"chance":1000,"failCompensate":100,"requireLevel":1,"cost":[["item",208010101,35]]}},
{"id":"equipment_enhance_levels","key":58,"value":{"chance":1000,"failCompensate":100,"requireLevel":1,"cost":[["item",208010101,35]]}},
{"id":"equipment_enhance_levels","key":59,"value":{"chance":1000,"failCompensate":100,"requireLevel":1,"cost":[["item",208010101,35]]}},
{"id":"equipment_enhance_levels","key":60,"value":{"chance":1000,"failCompensate":100,"requireLevel":1,"cost":[["item",208010101,35]]}}
]}
