{"total_rows":29,"offset":0,"rows":[
{"id":"rare_props:1001","key":1001,"value":{"quality":3,"type":"MDRP","args":3,"bp":0,"score":30}},
{"id":"rare_props:1002","key":1002,"value":{"quality":3,"type":"EDRP","args":3,"bp":0,"score":30}},
{"id":"rare_props:1101","key":1101,"value":{"quality":3,"type":"APTL","args":1,"bp":0,"score":30}},
{"id":"rare_props:1201","key":1201,"value":{"quality":3,"type":"DPTL","args":1,"bp":0,"score":30}},
{"id":"rare_props:1202","key":1202,"value":{"quality":3,"type":"HPTL","args":1,"bp":0,"score":30}},
{"id":"rare_props:3101","key":3101,"value":{"quality":4,"type":"ATK","args":120,"bp":1,"score":34}},
{"id":"rare_props:3102","key":3102,"value":{"quality":4,"type":"criticalDamage","args":600,"bp":1,"score":37}},
{"id":"rare_props:3111","key":3111,"value":{"quality":4,"type":"criticalChance","args":180,"bp":1,"score":38}},
{"id":"rare_props:3121","key":3121,"value":{"quality":4,"type":"damageIncrease","args":120,"bp":1,"score":36}},
{"id":"rare_props:3201","key":3201,"value":{"quality":4,"type":"DEF","args":120,"bp":1,"score":34}},
{"id":"rare_props:3202","key":3202,"value":{"quality":4,"type":"MHP","args":120,"bp":1,"score":36}},
{"id":"rare_props:3211","key":3211,"value":{"quality":4,"type":"damageReduction","args":180,"bp":1,"score":37}},
{"id":"rare_props:3221","key":3221,"value":{"quality":4,"type":"block","args":180,"bp":1,"score":38}},
{"id":"rare_props:4101","key":4101,"value":{"quality":4,"type":"ATK","args":160,"bp":2,"score":43}},
{"id":"rare_props:4102","key":4102,"value":{"quality":4,"type":"criticalDamage","args":800,"bp":2,"score":46}},
{"id":"rare_props:4111","key":4111,"value":{"quality":4,"type":"criticalChance","args":240,"bp":2,"score":48}},
{"id":"rare_props:4121","key":4121,"value":{"quality":4,"type":"damageIncrease","args":160,"bp":2,"score":45}},
{"id":"rare_props:4201","key":4201,"value":{"quality":4,"type":"DEF","args":160,"bp":2,"score":43}},
{"id":"rare_props:4202","key":4202,"value":{"quality":4,"type":"MHP","args":160,"bp":2,"score":45}},
{"id":"rare_props:4211","key":4211,"value":{"quality":4,"type":"damageReduction","args":240,"bp":2,"score":46}},
{"id":"rare_props:4221","key":4221,"value":{"quality":4,"type":"block","args":240,"bp":2,"score":48}},
{"id":"rare_props:5101","key":5101,"value":{"quality":4,"type":"ATK","args":200,"bp":3,"score":54}},
{"id":"rare_props:5102","key":5102,"value":{"quality":4,"type":"criticalDamage","args":1000,"bp":3,"score":58}},
{"id":"rare_props:5111","key":5111,"value":{"quality":4,"type":"criticalChance","args":300,"bp":3,"score":60}},
{"id":"rare_props:5121","key":5121,"value":{"quality":4,"type":"damageIncrease","args":200,"bp":3,"score":56}},
{"id":"rare_props:5201","key":5201,"value":{"quality":4,"type":"DEF","args":200,"bp":3,"score":54}},
{"id":"rare_props:5202","key":5202,"value":{"quality":4,"type":"MHP","args":200,"bp":3,"score":56}},
{"id":"rare_props:5211","key":5211,"value":{"quality":4,"type":"damageReduction","args":300,"bp":3,"score":58}},
{"id":"rare_props:5221","key":5221,"value":{"quality":4,"type":"block","args":300,"bp":3,"score":60}}
]}
