{"total_rows":36,"offset":0,"rows":[
{"id":"equipment_props_item:404100101","key":404100101,"value":{"earth":1}},
{"id":"equipment_props_item:404100102","key":404100102,"value":{"earth":2}},
{"id":"equipment_props_item:404100103","key":404100103,"value":{"earth":3}},
{"id":"equipment_props_item:404100104","key":404100104,"value":{"earth":4}},
{"id":"equipment_props_item:404100105","key":404100105,"value":{"earth":5}},
{"id":"equipment_props_item:404100106","key":404100106,"value":{"earth":6}},
{"id":"equipment_props_item:404100107","key":404100107,"value":{"earth":7}},
{"id":"equipment_props_item:404100108","key":404100108,"value":{"earth":8}},
{"id":"equipment_props_item:404100109","key":404100109,"value":{"earth":9}},
{"id":"equipment_props_item:404100201","key":404100201,"value":{"water":1}},
{"id":"equipment_props_item:404100202","key":404100202,"value":{"water":2}},
{"id":"equipment_props_item:404100203","key":404100203,"value":{"water":3}},
{"id":"equipment_props_item:404100204","key":404100204,"value":{"water":4}},
{"id":"equipment_props_item:404100205","key":404100205,"value":{"water":5}},
{"id":"equipment_props_item:404100206","key":404100206,"value":{"water":6}},
{"id":"equipment_props_item:404100207","key":404100207,"value":{"water":7}},
{"id":"equipment_props_item:404100208","key":404100208,"value":{"water":8}},
{"id":"equipment_props_item:404100209","key":404100209,"value":{"water":9}},
{"id":"equipment_props_item:404100301","key":404100301,"value":{"fire":1}},
{"id":"equipment_props_item:404100302","key":404100302,"value":{"fire":2}},
{"id":"equipment_props_item:404100303","key":404100303,"value":{"fire":3}},
{"id":"equipment_props_item:404100304","key":404100304,"value":{"fire":4}},
{"id":"equipment_props_item:404100305","key":404100305,"value":{"fire":5}},
{"id":"equipment_props_item:404100306","key":404100306,"value":{"fire":6}},
{"id":"equipment_props_item:404100307","key":404100307,"value":{"fire":7}},
{"id":"equipment_props_item:404100308","key":404100308,"value":{"fire":8}},
{"id":"equipment_props_item:404100309","key":404100309,"value":{"fire":9}},
{"id":"equipment_props_item:404100401","key":404100401,"value":{"air":1}},
{"id":"equipment_props_item:404100402","key":404100402,"value":{"air":2}},
{"id":"equipment_props_item:404100403","key":404100403,"value":{"air":3}},
{"id":"equipment_props_item:404100404","key":404100404,"value":{"air":4}},
{"id":"equipment_props_item:404100405","key":404100405,"value":{"air":5}},
{"id":"equipment_props_item:404100406","key":404100406,"value":{"air":6}},
{"id":"equipment_props_item:404100407","key":404100407,"value":{"air":7}},
{"id":"equipment_props_item:404100408","key":404100408,"value":{"air":8}},
{"id":"equipment_props_item:404100409","key":404100409,"value":{"air":9}}
]}
