{"total_rows":300,"offset":0,"rows":[
{"id":"talisman_class:1","key":1,"value":{"requireExp":115,"exp":115,"stats":{"attack":2,"armor":1,"resistance":1,"health":20}}},
{"id":"talisman_class:2","key":2,"value":{"requireExp":145,"exp":260,"stats":{"attack":4,"armor":2,"resistance":2,"health":40}}},
{"id":"talisman_class:3","key":3,"value":{"requireExp":190,"exp":450,"stats":{"attack":6,"armor":3,"resistance":3,"health":60}}},
{"id":"talisman_class:4","key":4,"value":{"requireExp":250,"exp":700,"stats":{"attack":8,"armor":4,"resistance":4,"health":80}}},
{"id":"talisman_class:5","key":5,"value":{"requireExp":330,"exp":1030,"stats":{"attack":10,"armor":5,"resistance":5,"health":100}}},
{"id":"talisman_class:6","key":6,"value":{"requireExp":420,"exp":1450,"stats":{"attack":12,"armor":6,"resistance":6,"health":120}}},
{"id":"talisman_class:7","key":7,"value":{"requireExp":530,"exp":1980,"stats":{"attack":14,"armor":7,"resistance":7,"health":140}}},
{"id":"talisman_class:8","key":8,"value":{"requireExp":655,"exp":2635,"stats":{"attack":16,"armor":8,"resistance":8,"health":160}}},
{"id":"talisman_class:9","key":9,"value":{"requireExp":800,"exp":3435,"stats":{"attack":18,"armor":9,"resistance":9,"health":180}}},
{"id":"talisman_class:10","key":10,"value":{"requireExp":955,"exp":4390,"stats":{"attack":20,"armor":10,"resistance":10,"health":200}}},
{"id":"talisman_class:11","key":11,"value":{"requireExp":1130,"exp":5520,"stats":{"attack":22,"armor":11,"resistance":11,"health":220}}},
{"id":"talisman_class:12","key":12,"value":{"requireExp":1320,"exp":6840,"stats":{"attack":24,"armor":12,"resistance":12,"health":240}}},
{"id":"talisman_class:13","key":13,"value":{"requireExp":1525,"exp":8365,"stats":{"attack":26,"armor":13,"resistance":13,"health":260}}},
{"id":"talisman_class:14","key":14,"value":{"requireExp":1745,"exp":10110,"stats":{"attack":28,"armor":14,"resistance":14,"health":280}}},
{"id":"talisman_class:15","key":15,"value":{"requireExp":1985,"exp":12095,"stats":{"attack":30,"armor":15,"resistance":15,"health":300}}},
{"id":"talisman_class:16","key":16,"value":{"requireExp":2235,"exp":14330,"stats":{"attack":32,"armor":16,"resistance":16,"health":320}}},
{"id":"talisman_class:17","key":17,"value":{"requireExp":2505,"exp":16835,"stats":{"attack":34,"armor":17,"resistance":17,"health":340}}},
{"id":"talisman_class:18","key":18,"value":{"requireExp":2790,"exp":19625,"stats":{"attack":36,"armor":18,"resistance":18,"health":360}}},
{"id":"talisman_class:19","key":19,"value":{"requireExp":3095,"exp":22720,"stats":{"attack":38,"armor":19,"resistance":19,"health":380}}},
{"id":"talisman_class:20","key":20,"value":{"requireExp":3410,"exp":26130,"stats":{"attack":40,"armor":20,"resistance":20,"health":400}}},
{"id":"talisman_class:21","key":21,"value":{"requireExp":3745,"exp":29875,"stats":{"attack":42,"armor":21,"resistance":21,"health":420}}},
{"id":"talisman_class:22","key":22,"value":{"requireExp":4095,"exp":33970,"stats":{"attack":44,"armor":22,"resistance":22,"health":440}}},
{"id":"talisman_class:23","key":23,"value":{"requireExp":4460,"exp":38430,"stats":{"attack":46,"armor":23,"resistance":23,"health":460}}},
{"id":"talisman_class:24","key":24,"value":{"requireExp":4840,"exp":43270,"stats":{"attack":48,"armor":24,"resistance":24,"health":480}}},
{"id":"talisman_class:25","key":25,"value":{"requireExp":5240,"exp":48510,"stats":{"attack":50,"armor":25,"resistance":25,"health":500}}},
{"id":"talisman_class:26","key":26,"value":{"requireExp":5650,"exp":54160,"stats":{"attack":52,"armor":26,"resistance":26,"health":520}}},
{"id":"talisman_class:27","key":27,"value":{"requireExp":6080,"exp":60240,"stats":{"attack":54,"armor":27,"resistance":27,"health":540}}},
{"id":"talisman_class:28","key":28,"value":{"requireExp":6525,"exp":66765,"stats":{"attack":56,"armor":28,"resistance":28,"health":560}}},
{"id":"talisman_class:29","key":29,"value":{"requireExp":6990,"exp":73755,"stats":{"attack":58,"armor":29,"resistance":29,"health":580}}},
{"id":"talisman_class:30","key":30,"value":{"requireExp":7465,"exp":81220,"stats":{"attack":60,"armor":30,"resistance":30,"health":600}}},
{"id":"talisman_class:31","key":31,"value":{"requireExp":7960,"exp":89180,"stats":{"attack":62,"armor":31,"resistance":31,"health":620}}},
{"id":"talisman_class:32","key":32,"value":{"requireExp":8470,"exp":97650,"stats":{"attack":64,"armor":32,"resistance":32,"health":640}}},
{"id":"talisman_class:33","key":33,"value":{"requireExp":8995,"exp":106645,"stats":{"attack":66,"armor":33,"resistance":33,"health":660}}},
{"id":"talisman_class:34","key":34,"value":{"requireExp":9535,"exp":116180,"stats":{"attack":68,"armor":34,"resistance":34,"health":680}}},
{"id":"talisman_class:35","key":35,"value":{"requireExp":10095,"exp":126275,"stats":{"attack":70,"armor":35,"resistance":35,"health":700}}},
{"id":"talisman_class:36","key":36,"value":{"requireExp":10665,"exp":136940,"stats":{"attack":72,"armor":36,"resistance":36,"health":720}}},
{"id":"talisman_class:37","key":37,"value":{"requireExp":11255,"exp":148195,"stats":{"attack":74,"armor":37,"resistance":37,"health":740}}},
{"id":"talisman_class:38","key":38,"value":{"requireExp":11860,"exp":160055,"stats":{"attack":76,"armor":38,"resistance":38,"health":760}}},
{"id":"talisman_class:39","key":39,"value":{"requireExp":12485,"exp":172540,"stats":{"attack":78,"armor":39,"resistance":39,"health":780}}},
{"id":"talisman_class:40","key":40,"value":{"requireExp":13120,"exp":185660,"stats":{"attack":88,"armor":44,"resistance":44,"health":880}}},
{"id":"talisman_class:41","key":41,"value":{"requireExp":13775,"exp":199435,"stats":{"attack":92,"armor":46,"resistance":46,"health":920}}},
{"id":"talisman_class:42","key":42,"value":{"requireExp":14445,"exp":213880,"stats":{"attack":94,"armor":47,"resistance":47,"health":940}}},
{"id":"talisman_class:43","key":43,"value":{"requireExp":15130,"exp":229010,"stats":{"attack":96,"armor":48,"resistance":48,"health":960}}},
{"id":"talisman_class:44","key":44,"value":{"requireExp":15830,"exp":244840,"stats":{"attack":98,"armor":49,"resistance":49,"health":980}}},
{"id":"talisman_class:45","key":45,"value":{"requireExp":16550,"exp":261390,"stats":{"attack":100,"armor":50,"resistance":50,"health":1000}}},
{"id":"talisman_class:46","key":46,"value":{"requireExp":17280,"exp":278670,"stats":{"attack":102,"armor":51,"resistance":51,"health":1020}}},
{"id":"talisman_class:47","key":47,"value":{"requireExp":18030,"exp":296700,"stats":{"attack":104,"armor":52,"resistance":52,"health":1040}}},
{"id":"talisman_class:48","key":48,"value":{"requireExp":18795,"exp":315495,"stats":{"attack":106,"armor":53,"resistance":53,"health":1060}}},
{"id":"talisman_class:49","key":49,"value":{"requireExp":19580,"exp":335075,"stats":{"attack":108,"armor":54,"resistance":54,"health":1080}}},
{"id":"talisman_class:50","key":50,"value":{"requireExp":20375,"exp":355450,"stats":{"attack":126,"armor":63,"resistance":63,"health":1260}}},
{"id":"talisman_class:51","key":51,"value":{"requireExp":21190,"exp":376640,"stats":{"attack":128,"armor":64,"resistance":64,"health":1280}}},
{"id":"talisman_class:52","key":52,"value":{"requireExp":22020,"exp":398660,"stats":{"attack":130,"armor":65,"resistance":65,"health":1300}}},
{"id":"talisman_class:53","key":53,"value":{"requireExp":22865,"exp":421525,"stats":{"attack":134,"armor":67,"resistance":67,"health":1340}}},
{"id":"talisman_class:54","key":54,"value":{"requireExp":23725,"exp":445250,"stats":{"attack":136,"armor":68,"resistance":68,"health":1360}}},
{"id":"talisman_class:55","key":55,"value":{"requireExp":24605,"exp":469855,"stats":{"attack":138,"armor":69,"resistance":69,"health":1380}}},
{"id":"talisman_class:56","key":56,"value":{"requireExp":25495,"exp":495350,"stats":{"attack":140,"armor":70,"resistance":70,"health":1400}}},
{"id":"talisman_class:57","key":57,"value":{"requireExp":26405,"exp":521755,"stats":{"attack":144,"armor":72,"resistance":72,"health":1440}}},
{"id":"talisman_class:58","key":58,"value":{"requireExp":27330,"exp":549085,"stats":{"attack":146,"armor":73,"resistance":73,"health":1460}}},
{"id":"talisman_class:59","key":59,"value":{"requireExp":28275,"exp":577360,"stats":{"attack":148,"armor":74,"resistance":74,"health":1480}}},
{"id":"talisman_class:60","key":60,"value":{"requireExp":29230,"exp":606590,"stats":{"attack":168,"armor":84,"resistance":84,"health":1680}}},
{"id":"talisman_class:61","key":61,"value":{"requireExp":30205,"exp":636795,"stats":{"attack":172,"armor":86,"resistance":86,"health":1720}}},
{"id":"talisman_class:62","key":62,"value":{"requireExp":31195,"exp":667990,"stats":{"attack":174,"armor":87,"resistance":87,"health":1740}}},
{"id":"talisman_class:63","key":63,"value":{"requireExp":32200,"exp":700190,"stats":{"attack":178,"armor":89,"resistance":89,"health":1780}}},
{"id":"talisman_class:64","key":64,"value":{"requireExp":33220,"exp":733410,"stats":{"attack":180,"armor":90,"resistance":90,"health":1800}}},
{"id":"talisman_class:65","key":65,"value":{"requireExp":34260,"exp":767670,"stats":{"attack":182,"armor":91,"resistance":91,"health":1820}}},
{"id":"talisman_class:66","key":66,"value":{"requireExp":35310,"exp":802980,"stats":{"attack":186,"armor":93,"resistance":93,"health":1860}}},
{"id":"talisman_class:67","key":67,"value":{"requireExp":36380,"exp":839360,"stats":{"attack":188,"armor":94,"resistance":94,"health":1880}}},
{"id":"talisman_class:68","key":68,"value":{"requireExp":37465,"exp":876825,"stats":{"attack":192,"armor":96,"resistance":96,"health":1920}}},
{"id":"talisman_class:69","key":69,"value":{"requireExp":38570,"exp":915395,"stats":{"attack":194,"armor":97,"resistance":97,"health":1940}}},
{"id":"talisman_class:70","key":70,"value":{"requireExp":39685,"exp":955080,"stats":{"attack":218,"armor":109,"resistance":109,"health":2180}}},
{"id":"talisman_class:71","key":71,"value":{"requireExp":40820,"exp":995900,"stats":{"attack":222,"armor":111,"resistance":111,"health":2220}}},
{"id":"talisman_class:72","key":72,"value":{"requireExp":41970,"exp":1037870,"stats":{"attack":224,"armor":112,"resistance":112,"health":2240}}},
{"id":"talisman_class:73","key":73,"value":{"requireExp":43135,"exp":1081005,"stats":{"attack":228,"armor":114,"resistance":114,"health":2280}}},
{"id":"talisman_class:74","key":74,"value":{"requireExp":44315,"exp":1125320,"stats":{"attack":230,"armor":115,"resistance":115,"health":2300}}},
{"id":"talisman_class:75","key":75,"value":{"requireExp":45515,"exp":1170835,"stats":{"attack":234,"armor":117,"resistance":117,"health":2340}}},
{"id":"talisman_class:76","key":76,"value":{"requireExp":46725,"exp":1217560,"stats":{"attack":236,"armor":118,"resistance":118,"health":2360}}},
{"id":"talisman_class:77","key":77,"value":{"requireExp":47955,"exp":1265515,"stats":{"attack":240,"armor":120,"resistance":120,"health":2400}}},
{"id":"talisman_class:78","key":78,"value":{"requireExp":49200,"exp":1314715,"stats":{"attack":242,"armor":121,"resistance":121,"health":2420}}},
{"id":"talisman_class:79","key":79,"value":{"requireExp":50465,"exp":1365180,"stats":{"attack":246,"armor":123,"resistance":123,"health":2460}}},
{"id":"talisman_class:80","key":80,"value":{"requireExp":51740,"exp":1416920,"stats":{"attack":272,"armor":136,"resistance":136,"health":2720}}},
{"id":"talisman_class:81","key":81,"value":{"requireExp":53035,"exp":1469955,"stats":{"attack":276,"armor":138,"resistance":138,"health":2760}}},
{"id":"talisman_class:82","key":82,"value":{"requireExp":54345,"exp":1524300,"stats":{"attack":280,"armor":140,"resistance":140,"health":2800}}},
{"id":"talisman_class:83","key":83,"value":{"requireExp":55670,"exp":1579970,"stats":{"attack":284,"armor":142,"resistance":142,"health":2840}}},
{"id":"talisman_class:84","key":84,"value":{"requireExp":57010,"exp":1636980,"stats":{"attack":286,"armor":143,"resistance":143,"health":2860}}},
{"id":"talisman_class:85","key":85,"value":{"requireExp":58370,"exp":1695350,"stats":{"attack":290,"armor":145,"resistance":145,"health":2900}}},
{"id":"talisman_class:86","key":86,"value":{"requireExp":59740,"exp":1755090,"stats":{"attack":294,"armor":147,"resistance":147,"health":2940}}},
{"id":"talisman_class:87","key":87,"value":{"requireExp":61130,"exp":1816220,"stats":{"attack":296,"armor":148,"resistance":148,"health":2960}}},
{"id":"talisman_class:88","key":88,"value":{"requireExp":62535,"exp":1878755,"stats":{"attack":300,"armor":150,"resistance":150,"health":3000}}},
{"id":"talisman_class:89","key":89,"value":{"requireExp":63960,"exp":1942715,"stats":{"attack":304,"armor":152,"resistance":152,"health":3040}}},
{"id":"talisman_class:90","key":90,"value":{"requireExp":65395,"exp":2008110,"stats":{"attack":334,"armor":167,"resistance":167,"health":3340}}},
{"id":"talisman_class:91","key":91,"value":{"requireExp":66850,"exp":2074960,"stats":{"attack":338,"armor":169,"resistance":169,"health":3380}}},
{"id":"talisman_class:92","key":92,"value":{"requireExp":68320,"exp":2143280,"stats":{"attack":342,"armor":171,"resistance":171,"health":3420}}},
{"id":"talisman_class:93","key":93,"value":{"requireExp":69805,"exp":2213085,"stats":{"attack":346,"armor":173,"resistance":173,"health":3460}}},
{"id":"talisman_class:94","key":94,"value":{"requireExp":71305,"exp":2284390,"stats":{"attack":348,"armor":174,"resistance":174,"health":3480}}},
{"id":"talisman_class:95","key":95,"value":{"requireExp":72825,"exp":2357215,"stats":{"attack":352,"armor":176,"resistance":176,"health":3520}}},
{"id":"talisman_class:96","key":96,"value":{"requireExp":74355,"exp":2431570,"stats":{"attack":356,"armor":178,"resistance":178,"health":3560}}},
{"id":"talisman_class:97","key":97,"value":{"requireExp":75905,"exp":2507475,"stats":{"attack":360,"armor":180,"resistance":180,"health":3600}}},
{"id":"talisman_class:98","key":98,"value":{"requireExp":77470,"exp":2584945,"stats":{"attack":364,"armor":182,"resistance":182,"health":3640}}},
{"id":"talisman_class:99","key":99,"value":{"requireExp":79055,"exp":2664000,"stats":{"attack":368,"armor":184,"resistance":184,"health":3680}}},
{"id":"talisman_class:100","key":100,"value":{"requireExp":80650,"exp":2744650,"stats":{"attack":400,"armor":200,"resistance":200,"health":4000}}},
{"id":"talisman_class:101","key":101,"value":{"requireExp":82265,"exp":2826915,"stats":{"attack":404,"armor":202,"resistance":202,"health":4040}}},
{"id":"talisman_class:102","key":102,"value":{"requireExp":83895,"exp":2910810,"stats":{"attack":408,"armor":204,"resistance":204,"health":4080}}},
{"id":"talisman_class:103","key":103,"value":{"requireExp":85540,"exp":2996350,"stats":{"attack":412,"armor":206,"resistance":206,"health":4120}}},
{"id":"talisman_class:104","key":104,"value":{"requireExp":87200,"exp":3083550,"stats":{"attack":416,"armor":208,"resistance":208,"health":4160}}},
{"id":"talisman_class:105","key":105,"value":{"requireExp":88880,"exp":3172430,"stats":{"attack":420,"armor":210,"resistance":210,"health":4200}}},
{"id":"talisman_class:106","key":106,"value":{"requireExp":90570,"exp":3263000,"stats":{"attack":424,"armor":212,"resistance":212,"health":4240}}},
{"id":"talisman_class:107","key":107,"value":{"requireExp":92280,"exp":3355280,"stats":{"attack":428,"armor":214,"resistance":214,"health":4280}}},
{"id":"talisman_class:108","key":108,"value":{"requireExp":94005,"exp":3449285,"stats":{"attack":432,"armor":216,"resistance":216,"health":4320}}},
{"id":"talisman_class:109","key":109,"value":{"requireExp":95750,"exp":3545035,"stats":{"attack":436,"armor":218,"resistance":218,"health":4360}}},
{"id":"talisman_class:110","key":110,"value":{"requireExp":97505,"exp":3642540,"stats":{"attack":474,"armor":237,"resistance":237,"health":4740}}},
{"id":"talisman_class:111","key":111,"value":{"requireExp":99280,"exp":3741820,"stats":{"attack":478,"armor":239,"resistance":239,"health":4780}}},
{"id":"talisman_class:112","key":112,"value":{"requireExp":101070,"exp":3842890,"stats":{"attack":482,"armor":241,"resistance":241,"health":4820}}},
{"id":"talisman_class:113","key":113,"value":{"requireExp":102875,"exp":3945765,"stats":{"attack":486,"armor":243,"resistance":243,"health":4860}}},
{"id":"talisman_class:114","key":114,"value":{"requireExp":104695,"exp":4050460,"stats":{"attack":492,"armor":246,"resistance":246,"health":4920}}},
{"id":"talisman_class:115","key":115,"value":{"requireExp":106535,"exp":4156995,"stats":{"attack":496,"armor":248,"resistance":248,"health":4960}}},
{"id":"talisman_class:116","key":116,"value":{"requireExp":108385,"exp":4265380,"stats":{"attack":500,"armor":250,"resistance":250,"health":5000}}},
{"id":"talisman_class:117","key":117,"value":{"requireExp":110255,"exp":4375635,"stats":{"attack":504,"armor":252,"resistance":252,"health":5040}}},
{"id":"talisman_class:118","key":118,"value":{"requireExp":112140,"exp":4487775,"stats":{"attack":508,"armor":254,"resistance":254,"health":5080}}},
{"id":"talisman_class:119","key":119,"value":{"requireExp":114045,"exp":4601820,"stats":{"attack":512,"armor":256,"resistance":256,"health":5120}}},
{"id":"talisman_class:120","key":120,"value":{"requireExp":115960,"exp":4717780,"stats":{"attack":552,"armor":276,"resistance":276,"health":5520}}},
{"id":"talisman_class:121","key":121,"value":{"requireExp":117895,"exp":4835675,"stats":{"attack":558,"armor":279,"resistance":279,"health":5580}}},
{"id":"talisman_class:122","key":122,"value":{"requireExp":119845,"exp":4955520,"stats":{"attack":562,"armor":281,"resistance":281,"health":5620}}},
{"id":"talisman_class:123","key":123,"value":{"requireExp":121810,"exp":5077330,"stats":{"attack":566,"armor":283,"resistance":283,"health":5660}}},
{"id":"talisman_class:124","key":124,"value":{"requireExp":123790,"exp":5201120,"stats":{"attack":572,"armor":286,"resistance":286,"health":5720}}},
{"id":"talisman_class:125","key":125,"value":{"requireExp":125790,"exp":5326910,"stats":{"attack":576,"armor":288,"resistance":288,"health":5760}}},
{"id":"talisman_class:126","key":126,"value":{"requireExp":127800,"exp":5454710,"stats":{"attack":580,"armor":290,"resistance":290,"health":5800}}},
{"id":"talisman_class:127","key":127,"value":{"requireExp":129830,"exp":5584540,"stats":{"attack":586,"armor":293,"resistance":293,"health":5860}}},
{"id":"talisman_class:128","key":128,"value":{"requireExp":131875,"exp":5716415,"stats":{"attack":590,"armor":295,"resistance":295,"health":5900}}},
{"id":"talisman_class:129","key":129,"value":{"requireExp":133940,"exp":5850355,"stats":{"attack":594,"armor":297,"resistance":297,"health":5940}}},
{"id":"talisman_class:130","key":130,"value":{"requireExp":136015,"exp":5986370,"stats":{"attack":638,"armor":319,"resistance":319,"health":6380}}},
{"id":"talisman_class:131","key":131,"value":{"requireExp":138110,"exp":6124480,"stats":{"attack":642,"armor":321,"resistance":321,"health":6420}}},
{"id":"talisman_class:132","key":132,"value":{"requireExp":140220,"exp":6264700,"stats":{"attack":648,"armor":324,"resistance":324,"health":6480}}},
{"id":"talisman_class:133","key":133,"value":{"requireExp":142345,"exp":6407045,"stats":{"attack":652,"armor":326,"resistance":326,"health":6520}}},
{"id":"talisman_class:134","key":134,"value":{"requireExp":144485,"exp":6551530,"stats":{"attack":658,"armor":329,"resistance":329,"health":6580}}},
{"id":"talisman_class:135","key":135,"value":{"requireExp":146645,"exp":6698175,"stats":{"attack":662,"armor":331,"resistance":331,"health":6620}}},
{"id":"talisman_class:136","key":136,"value":{"requireExp":148815,"exp":6846990,"stats":{"attack":668,"armor":334,"resistance":334,"health":6680}}},
{"id":"talisman_class:137","key":137,"value":{"requireExp":151005,"exp":6997995,"stats":{"attack":672,"armor":336,"resistance":336,"health":6720}}},
{"id":"talisman_class:138","key":138,"value":{"requireExp":153210,"exp":7151205,"stats":{"attack":678,"armor":339,"resistance":339,"health":6780}}},
{"id":"talisman_class:139","key":139,"value":{"requireExp":155435,"exp":7306640,"stats":{"attack":682,"armor":341,"resistance":341,"health":6820}}},
{"id":"talisman_class:140","key":140,"value":{"requireExp":157670,"exp":7464310,"stats":{"attack":728,"armor":364,"resistance":364,"health":7280}}},
{"id":"talisman_class:141","key":141,"value":{"requireExp":159925,"exp":7624235,"stats":{"attack":734,"armor":367,"resistance":367,"health":7340}}},
{"id":"talisman_class:142","key":142,"value":{"requireExp":162195,"exp":7786430,"stats":{"attack":740,"armor":370,"resistance":370,"health":7400}}},
{"id":"talisman_class:143","key":143,"value":{"requireExp":164480,"exp":7950910,"stats":{"attack":744,"armor":372,"resistance":372,"health":7440}}},
{"id":"talisman_class:144","key":144,"value":{"requireExp":166780,"exp":8117690,"stats":{"attack":750,"armor":375,"resistance":375,"health":7500}}},
{"id":"talisman_class:145","key":145,"value":{"requireExp":169100,"exp":8286790,"stats":{"attack":754,"armor":377,"resistance":377,"health":7540}}},
{"id":"talisman_class:146","key":146,"value":{"requireExp":171430,"exp":8458220,"stats":{"attack":760,"armor":380,"resistance":380,"health":7600}}},
{"id":"talisman_class:147","key":147,"value":{"requireExp":173780,"exp":8632000,"stats":{"attack":766,"armor":383,"resistance":383,"health":7660}}},
{"id":"talisman_class:148","key":148,"value":{"requireExp":176145,"exp":8808145,"stats":{"attack":770,"armor":385,"resistance":385,"health":7700}}},
{"id":"talisman_class:149","key":149,"value":{"requireExp":178530,"exp":8986675,"stats":{"attack":776,"armor":388,"resistance":388,"health":7760}}},
{"id":"talisman_class:150","key":150,"value":{"requireExp":180925,"exp":9167600,"stats":{"attack":826,"armor":413,"resistance":413,"health":8260}}},
{"id":"talisman_class:151","key":151,"value":{"requireExp":183340,"exp":9350940,"stats":{"attack":832,"armor":416,"resistance":416,"health":8320}}},
{"id":"talisman_class:152","key":152,"value":{"requireExp":185770,"exp":9536710,"stats":{"attack":836,"armor":418,"resistance":418,"health":8360}}},
{"id":"talisman_class:153","key":153,"value":{"requireExp":188215,"exp":9724925,"stats":{"attack":842,"armor":421,"resistance":421,"health":8420}}},
{"id":"talisman_class:154","key":154,"value":{"requireExp":190675,"exp":9915600,"stats":{"attack":848,"armor":424,"resistance":424,"health":8480}}},
{"id":"talisman_class:155","key":155,"value":{"requireExp":193155,"exp":10108755,"stats":{"attack":854,"armor":427,"resistance":427,"health":8540}}},
{"id":"talisman_class:156","key":156,"value":{"requireExp":195645,"exp":10304400,"stats":{"attack":858,"armor":429,"resistance":429,"health":8580}}},
{"id":"talisman_class:157","key":157,"value":{"requireExp":198155,"exp":10502555,"stats":{"attack":864,"armor":432,"resistance":432,"health":8640}}},
{"id":"talisman_class:158","key":158,"value":{"requireExp":200680,"exp":10703235,"stats":{"attack":870,"armor":435,"resistance":435,"health":8700}}},
{"id":"talisman_class:159","key":159,"value":{"requireExp":203225,"exp":10906460,"stats":{"attack":876,"armor":438,"resistance":438,"health":8760}}},
{"id":"talisman_class:160","key":160,"value":{"requireExp":205780,"exp":11112240,"stats":{"attack":928,"armor":464,"resistance":464,"health":9280}}},
{"id":"talisman_class:161","key":161,"value":{"requireExp":208355,"exp":11320595,"stats":{"attack":934,"armor":467,"resistance":467,"health":9340}}},
{"id":"talisman_class:162","key":162,"value":{"requireExp":210945,"exp":11531540,"stats":{"attack":940,"armor":470,"resistance":470,"health":9400}}},
{"id":"talisman_class:163","key":163,"value":{"requireExp":213550,"exp":11745090,"stats":{"attack":946,"armor":473,"resistance":473,"health":9460}}},
{"id":"talisman_class:164","key":164,"value":{"requireExp":216170,"exp":11961260,"stats":{"attack":952,"armor":476,"resistance":476,"health":9520}}},
{"id":"talisman_class:165","key":165,"value":{"requireExp":218810,"exp":12180070,"stats":{"attack":958,"armor":479,"resistance":479,"health":9580}}},
{"id":"talisman_class:166","key":166,"value":{"requireExp":221460,"exp":12401530,"stats":{"attack":964,"armor":482,"resistance":482,"health":9640}}},
{"id":"talisman_class:167","key":167,"value":{"requireExp":224130,"exp":12625660,"stats":{"attack":970,"armor":485,"resistance":485,"health":9700}}},
{"id":"talisman_class:168","key":168,"value":{"requireExp":226815,"exp":12852475,"stats":{"attack":976,"armor":488,"resistance":488,"health":9760}}},
{"id":"talisman_class:169","key":169,"value":{"requireExp":229520,"exp":13081995,"stats":{"attack":982,"armor":491,"resistance":491,"health":9820}}},
{"id":"talisman_class:170","key":170,"value":{"requireExp":232235,"exp":13314230,"stats":{"attack":1038,"armor":519,"resistance":519,"health":10380}}},
{"id":"talisman_class:171","key":171,"value":{"requireExp":234970,"exp":13549200,"stats":{"attack":1044,"armor":522,"resistance":522,"health":10440}}},
{"id":"talisman_class:172","key":172,"value":{"requireExp":237720,"exp":13786920,"stats":{"attack":1050,"armor":525,"resistance":525,"health":10500}}},
{"id":"talisman_class:173","key":173,"value":{"requireExp":240485,"exp":14027405,"stats":{"attack":1056,"armor":528,"resistance":528,"health":10560}}},
{"id":"talisman_class:174","key":174,"value":{"requireExp":243265,"exp":14270670,"stats":{"attack":1062,"armor":531,"resistance":531,"health":10620}}},
{"id":"talisman_class:175","key":175,"value":{"requireExp":246065,"exp":14516735,"stats":{"attack":1068,"armor":534,"resistance":534,"health":10680}}},
{"id":"talisman_class:176","key":176,"value":{"requireExp":248875,"exp":14765610,"stats":{"attack":1074,"armor":537,"resistance":537,"health":10740}}},
{"id":"talisman_class:177","key":177,"value":{"requireExp":251705,"exp":15017315,"stats":{"attack":1080,"armor":540,"resistance":540,"health":10800}}},
{"id":"talisman_class:178","key":178,"value":{"requireExp":254550,"exp":15271865,"stats":{"attack":1086,"armor":543,"resistance":543,"health":10860}}},
{"id":"talisman_class:179","key":179,"value":{"requireExp":257415,"exp":15529280,"stats":{"attack":1092,"armor":546,"resistance":546,"health":10920}}},
{"id":"talisman_class:180","key":180,"value":{"requireExp":260290,"exp":15789570,"stats":{"attack":1152,"armor":576,"resistance":576,"health":11520}}},
{"id":"talisman_class:181","key":181,"value":{"requireExp":263185,"exp":16052755,"stats":{"attack":1160,"armor":580,"resistance":580,"health":11600}}},
{"id":"talisman_class:182","key":182,"value":{"requireExp":266095,"exp":16318850,"stats":{"attack":1166,"armor":583,"resistance":583,"health":11660}}},
{"id":"talisman_class:183","key":183,"value":{"requireExp":269020,"exp":16587870,"stats":{"attack":1172,"armor":586,"resistance":586,"health":11720}}},
{"id":"talisman_class:184","key":184,"value":{"requireExp":271960,"exp":16859830,"stats":{"attack":1178,"armor":589,"resistance":589,"health":11780}}},
{"id":"talisman_class:185","key":185,"value":{"requireExp":274920,"exp":17134750,"stats":{"attack":1184,"armor":592,"resistance":592,"health":11840}}},
{"id":"talisman_class:186","key":186,"value":{"requireExp":277890,"exp":17412640,"stats":{"attack":1192,"armor":596,"resistance":596,"health":11920}}},
{"id":"talisman_class:187","key":187,"value":{"requireExp":280880,"exp":17693520,"stats":{"attack":1198,"armor":599,"resistance":599,"health":11980}}},
{"id":"talisman_class:188","key":188,"value":{"requireExp":283885,"exp":17977405,"stats":{"attack":1204,"armor":602,"resistance":602,"health":12040}}},
{"id":"talisman_class:189","key":189,"value":{"requireExp":286910,"exp":18264315,"stats":{"attack":1210,"armor":605,"resistance":605,"health":12100}}},
{"id":"talisman_class:190","key":190,"value":{"requireExp":289945,"exp":18554260,"stats":{"attack":1274,"armor":637,"resistance":637,"health":12740}}},
{"id":"talisman_class:191","key":191,"value":{"requireExp":293000,"exp":18847260,"stats":{"attack":1280,"armor":640,"resistance":640,"health":12800}}},
{"id":"talisman_class:192","key":192,"value":{"requireExp":296070,"exp":19143330,"stats":{"attack":1288,"armor":644,"resistance":644,"health":12880}}},
{"id":"talisman_class:193","key":193,"value":{"requireExp":299155,"exp":19442485,"stats":{"attack":1294,"armor":647,"resistance":647,"health":12940}}},
{"id":"talisman_class:194","key":194,"value":{"requireExp":302255,"exp":19744740,"stats":{"attack":1300,"armor":650,"resistance":650,"health":13000}}},
{"id":"talisman_class:195","key":195,"value":{"requireExp":305375,"exp":20050115,"stats":{"attack":1308,"armor":654,"resistance":654,"health":13080}}},
{"id":"talisman_class:196","key":196,"value":{"requireExp":308505,"exp":20358620,"stats":{"attack":1314,"armor":657,"resistance":657,"health":13140}}},
{"id":"talisman_class:197","key":197,"value":{"requireExp":311655,"exp":20670275,"stats":{"attack":1320,"armor":660,"resistance":660,"health":13200}}},
{"id":"talisman_class:198","key":198,"value":{"requireExp":314820,"exp":20985095,"stats":{"attack":1328,"armor":664,"resistance":664,"health":13280}}},
{"id":"talisman_class:199","key":199,"value":{"requireExp":318005,"exp":21303100,"stats":{"attack":1334,"armor":667,"resistance":667,"health":13340}}},
{"id":"talisman_class:200","key":200,"value":{"requireExp":321200,"exp":21624300,"stats":{"attack":1400,"armor":700,"resistance":700,"health":14000}}},
{"id":"talisman_class:201","key":201,"value":{"requireExp":324415,"exp":21948715,"stats":{"attack":1408,"armor":704,"resistance":704,"health":14080}}},
{"id":"talisman_class:202","key":202,"value":{"requireExp":327645,"exp":22276360,"stats":{"attack":1414,"armor":707,"resistance":707,"health":14140}}},
{"id":"talisman_class:203","key":203,"value":{"requireExp":330890,"exp":22607250,"stats":{"attack":1422,"armor":711,"resistance":711,"health":14220}}},
{"id":"talisman_class:204","key":204,"value":{"requireExp":334150,"exp":22941400,"stats":{"attack":1428,"armor":714,"resistance":714,"health":14280}}},
{"id":"talisman_class:205","key":205,"value":{"requireExp":337430,"exp":23278830,"stats":{"attack":1436,"armor":718,"resistance":718,"health":14360}}},
{"id":"talisman_class:206","key":206,"value":{"requireExp":340720,"exp":23619550,"stats":{"attack":1442,"armor":721,"resistance":721,"health":14420}}},
{"id":"talisman_class:207","key":207,"value":{"requireExp":344030,"exp":23963580,"stats":{"attack":1450,"armor":725,"resistance":725,"health":14500}}},
{"id":"talisman_class:208","key":208,"value":{"requireExp":347355,"exp":24310935,"stats":{"attack":1456,"armor":728,"resistance":728,"health":14560}}},
{"id":"talisman_class:209","key":209,"value":{"requireExp":350700,"exp":24661635,"stats":{"attack":1464,"armor":732,"resistance":732,"health":14640}}},
{"id":"talisman_class:210","key":210,"value":{"requireExp":354055,"exp":25015690,"stats":{"attack":1534,"armor":767,"resistance":767,"health":15340}}},
{"id":"talisman_class:211","key":211,"value":{"requireExp":357430,"exp":25373120,"stats":{"attack":1542,"armor":771,"resistance":771,"health":15420}}},
{"id":"talisman_class:212","key":212,"value":{"requireExp":360820,"exp":25733940,"stats":{"attack":1548,"armor":774,"resistance":774,"health":15480}}},
{"id":"talisman_class:213","key":213,"value":{"requireExp":364225,"exp":26098165,"stats":{"attack":1556,"armor":778,"resistance":778,"health":15560}}},
{"id":"talisman_class:214","key":214,"value":{"requireExp":367645,"exp":26465810,"stats":{"attack":1564,"armor":782,"resistance":782,"health":15640}}},
{"id":"talisman_class:215","key":215,"value":{"requireExp":371085,"exp":26836895,"stats":{"attack":1570,"armor":785,"resistance":785,"health":15700}}},
{"id":"talisman_class:216","key":216,"value":{"requireExp":374535,"exp":27211430,"stats":{"attack":1578,"armor":789,"resistance":789,"health":15780}}},
{"id":"talisman_class:217","key":217,"value":{"requireExp":378005,"exp":27589435,"stats":{"attack":1586,"armor":793,"resistance":793,"health":15860}}},
{"id":"talisman_class:218","key":218,"value":{"requireExp":381490,"exp":27970925,"stats":{"attack":1592,"armor":796,"resistance":796,"health":15920}}},
{"id":"talisman_class:219","key":219,"value":{"requireExp":384995,"exp":28355920,"stats":{"attack":1600,"armor":800,"resistance":800,"health":16000}}},
{"id":"talisman_class:220","key":220,"value":{"requireExp":388510,"exp":28744430,"stats":{"attack":1672,"armor":836,"resistance":836,"health":16720}}},
{"id":"talisman_class:221","key":221,"value":{"requireExp":392045,"exp":29136475,"stats":{"attack":1680,"armor":840,"resistance":840,"health":16800}}},
{"id":"talisman_class:222","key":222,"value":{"requireExp":395595,"exp":29532070,"stats":{"attack":1688,"armor":844,"resistance":844,"health":16880}}},
{"id":"talisman_class:223","key":223,"value":{"requireExp":399160,"exp":29931230,"stats":{"attack":1696,"armor":848,"resistance":848,"health":16960}}},
{"id":"talisman_class:224","key":224,"value":{"requireExp":402740,"exp":30333970,"stats":{"attack":1704,"armor":852,"resistance":852,"health":17040}}},
{"id":"talisman_class:225","key":225,"value":{"requireExp":406340,"exp":30740310,"stats":{"attack":1710,"armor":855,"resistance":855,"health":17100}}},
{"id":"talisman_class:226","key":226,"value":{"requireExp":409950,"exp":31150260,"stats":{"attack":1718,"armor":859,"resistance":859,"health":17180}}},
{"id":"talisman_class:227","key":227,"value":{"requireExp":413580,"exp":31563840,"stats":{"attack":1726,"armor":863,"resistance":863,"health":17260}}},
{"id":"talisman_class:228","key":228,"value":{"requireExp":417225,"exp":31981065,"stats":{"attack":1734,"armor":867,"resistance":867,"health":17340}}},
{"id":"talisman_class:229","key":229,"value":{"requireExp":420890,"exp":32401955,"stats":{"attack":1742,"armor":871,"resistance":871,"health":17420}}},
{"id":"talisman_class:230","key":230,"value":{"requireExp":424565,"exp":32826520,"stats":{"attack":1818,"armor":909,"resistance":909,"health":18180}}},
{"id":"talisman_class:231","key":231,"value":{"requireExp":428260,"exp":33254780,"stats":{"attack":1826,"armor":913,"resistance":913,"health":18260}}},
{"id":"talisman_class:232","key":232,"value":{"requireExp":431970,"exp":33686750,"stats":{"attack":1834,"armor":917,"resistance":917,"health":18340}}},
{"id":"talisman_class:233","key":233,"value":{"requireExp":435695,"exp":34122445,"stats":{"attack":1842,"armor":921,"resistance":921,"health":18420}}},
{"id":"talisman_class:234","key":234,"value":{"requireExp":439435,"exp":34561880,"stats":{"attack":1850,"armor":925,"resistance":925,"health":18500}}},
{"id":"talisman_class:235","key":235,"value":{"requireExp":443195,"exp":35005075,"stats":{"attack":1858,"armor":929,"resistance":929,"health":18580}}},
{"id":"talisman_class:236","key":236,"value":{"requireExp":446965,"exp":35452040,"stats":{"attack":1866,"armor":933,"resistance":933,"health":18660}}},
{"id":"talisman_class:237","key":237,"value":{"requireExp":450755,"exp":35902795,"stats":{"attack":1874,"armor":937,"resistance":937,"health":18740}}},
{"id":"talisman_class:238","key":238,"value":{"requireExp":454560,"exp":36357355,"stats":{"attack":1882,"armor":941,"resistance":941,"health":18820}}},
{"id":"talisman_class:239","key":239,"value":{"requireExp":458385,"exp":36815740,"stats":{"attack":1890,"armor":945,"resistance":945,"health":18900}}},
{"id":"talisman_class:240","key":240,"value":{"requireExp":462220,"exp":37277960,"stats":{"attack":1968,"armor":984,"resistance":984,"health":19680}}},
{"id":"talisman_class:241","key":241,"value":{"requireExp":466075,"exp":37744035,"stats":{"attack":1978,"armor":989,"resistance":989,"health":19780}}},
{"id":"talisman_class:242","key":242,"value":{"requireExp":469945,"exp":38213980,"stats":{"attack":1986,"armor":993,"resistance":993,"health":19860}}},
{"id":"talisman_class:243","key":243,"value":{"requireExp":473830,"exp":38687810,"stats":{"attack":1994,"armor":997,"resistance":997,"health":19940}}},
{"id":"talisman_class:244","key":244,"value":{"requireExp":477730,"exp":39165540,"stats":{"attack":2002,"armor":1001,"resistance":1001,"health":20020}}},
{"id":"talisman_class:245","key":245,"value":{"requireExp":481650,"exp":39647190,"stats":{"attack":2010,"armor":1005,"resistance":1005,"health":20100}}},
{"id":"talisman_class:246","key":246,"value":{"requireExp":485580,"exp":40132770,"stats":{"attack":2018,"armor":1009,"resistance":1009,"health":20180}}},
{"id":"talisman_class:247","key":247,"value":{"requireExp":489530,"exp":40622300,"stats":{"attack":2026,"armor":1013,"resistance":1013,"health":20260}}},
{"id":"talisman_class:248","key":248,"value":{"requireExp":493495,"exp":41115795,"stats":{"attack":2034,"armor":1017,"resistance":1017,"health":20340}}},
{"id":"talisman_class:249","key":249,"value":{"requireExp":497480,"exp":41613275,"stats":{"attack":2042,"armor":1021,"resistance":1021,"health":20420}}},
{"id":"talisman_class:250","key":250,"value":{"requireExp":501475,"exp":42114750,"stats":{"attack":2126,"armor":1063,"resistance":1063,"health":21260}}},
{"id":"talisman_class:251","key":251,"value":{"requireExp":505490,"exp":42620240,"stats":{"attack":2134,"armor":1067,"resistance":1067,"health":21340}}},
{"id":"talisman_class:252","key":252,"value":{"requireExp":509520,"exp":43129760,"stats":{"attack":2142,"armor":1071,"resistance":1071,"health":21420}}},
{"id":"talisman_class:253","key":253,"value":{"requireExp":513565,"exp":43643325,"stats":{"attack":2152,"armor":1076,"resistance":1076,"health":21520}}},
{"id":"talisman_class:254","key":254,"value":{"requireExp":517625,"exp":44160950,"stats":{"attack":2160,"armor":1080,"resistance":1080,"health":21600}}},
{"id":"talisman_class:255","key":255,"value":{"requireExp":521705,"exp":44682655,"stats":{"attack":2168,"armor":1084,"resistance":1084,"health":21680}}},
{"id":"talisman_class:256","key":256,"value":{"requireExp":525795,"exp":45208450,"stats":{"attack":2176,"armor":1088,"resistance":1088,"health":21760}}},
{"id":"talisman_class:257","key":257,"value":{"requireExp":529905,"exp":45738355,"stats":{"attack":2186,"armor":1093,"resistance":1093,"health":21860}}},
{"id":"talisman_class:258","key":258,"value":{"requireExp":534030,"exp":46272385,"stats":{"attack":2194,"armor":1097,"resistance":1097,"health":21940}}},
{"id":"talisman_class:259","key":259,"value":{"requireExp":538175,"exp":46810560,"stats":{"attack":2202,"armor":1101,"resistance":1101,"health":22020}}},
{"id":"talisman_class:260","key":260,"value":{"requireExp":542330,"exp":47352890,"stats":{"attack":2288,"armor":1144,"resistance":1144,"health":22880}}},
{"id":"talisman_class:261","key":261,"value":{"requireExp":546505,"exp":47899395,"stats":{"attack":2298,"armor":1149,"resistance":1149,"health":22980}}},
{"id":"talisman_class:262","key":262,"value":{"requireExp":550695,"exp":48450090,"stats":{"attack":2306,"armor":1153,"resistance":1153,"health":23060}}},
{"id":"talisman_class:263","key":263,"value":{"requireExp":554900,"exp":49004990,"stats":{"attack":2316,"armor":1158,"resistance":1158,"health":23160}}},
{"id":"talisman_class:264","key":264,"value":{"requireExp":559120,"exp":49564110,"stats":{"attack":2324,"armor":1162,"resistance":1162,"health":23240}}},
{"id":"talisman_class:265","key":265,"value":{"requireExp":563360,"exp":50127470,"stats":{"attack":2332,"armor":1166,"resistance":1166,"health":23320}}},
{"id":"talisman_class:266","key":266,"value":{"requireExp":567610,"exp":50695080,"stats":{"attack":2342,"armor":1171,"resistance":1171,"health":23420}}},
{"id":"talisman_class:267","key":267,"value":{"requireExp":571880,"exp":51266960,"stats":{"attack":2350,"armor":1175,"resistance":1175,"health":23500}}},
{"id":"talisman_class:268","key":268,"value":{"requireExp":576165,"exp":51843125,"stats":{"attack":2360,"armor":1180,"resistance":1180,"health":23600}}},
{"id":"talisman_class:269","key":269,"value":{"requireExp":580470,"exp":52423595,"stats":{"attack":2368,"armor":1184,"resistance":1184,"health":23680}}},
{"id":"talisman_class:270","key":270,"value":{"requireExp":584785,"exp":53008380,"stats":{"attack":2458,"armor":1229,"resistance":1229,"health":24580}}},
{"id":"talisman_class:271","key":271,"value":{"requireExp":589120,"exp":53597500,"stats":{"attack":2468,"armor":1234,"resistance":1234,"health":24680}}},
{"id":"talisman_class:272","key":272,"value":{"requireExp":593470,"exp":54190970,"stats":{"attack":2476,"armor":1238,"resistance":1238,"health":24760}}},
{"id":"talisman_class:273","key":273,"value":{"requireExp":597835,"exp":54788805,"stats":{"attack":2486,"armor":1243,"resistance":1243,"health":24860}}},
{"id":"talisman_class:274","key":274,"value":{"requireExp":602215,"exp":55391020,"stats":{"attack":2494,"armor":1247,"resistance":1247,"health":24940}}},
{"id":"talisman_class:275","key":275,"value":{"requireExp":606615,"exp":55997635,"stats":{"attack":2504,"armor":1252,"resistance":1252,"health":25040}}},
{"id":"talisman_class:276","key":276,"value":{"requireExp":611025,"exp":56608660,"stats":{"attack":2512,"armor":1256,"resistance":1256,"health":25120}}},
{"id":"talisman_class:277","key":277,"value":{"requireExp":615455,"exp":57224115,"stats":{"attack":2522,"armor":1261,"resistance":1261,"health":25220}}},
{"id":"talisman_class:278","key":278,"value":{"requireExp":619900,"exp":57844015,"stats":{"attack":2530,"armor":1265,"resistance":1265,"health":25300}}},
{"id":"talisman_class:279","key":279,"value":{"requireExp":624365,"exp":58468380,"stats":{"attack":2540,"armor":1270,"resistance":1270,"health":25400}}},
{"id":"talisman_class:280","key":280,"value":{"requireExp":628840,"exp":59097220,"stats":{"attack":2632,"armor":1316,"resistance":1316,"health":26320}}},
{"id":"talisman_class:281","key":281,"value":{"requireExp":633335,"exp":59730555,"stats":{"attack":2642,"armor":1321,"resistance":1321,"health":26420}}},
{"id":"talisman_class:282","key":282,"value":{"requireExp":637845,"exp":60368400,"stats":{"attack":2652,"armor":1326,"resistance":1326,"health":26520}}},
{"id":"talisman_class:283","key":283,"value":{"requireExp":642370,"exp":61010770,"stats":{"attack":2662,"armor":1331,"resistance":1331,"health":26620}}},
{"id":"talisman_class:284","key":284,"value":{"requireExp":646910,"exp":61657680,"stats":{"attack":2670,"armor":1335,"resistance":1335,"health":26700}}},
{"id":"talisman_class:285","key":285,"value":{"requireExp":651470,"exp":62309150,"stats":{"attack":2680,"armor":1340,"resistance":1340,"health":26800}}},
{"id":"talisman_class:286","key":286,"value":{"requireExp":656040,"exp":62965190,"stats":{"attack":2690,"armor":1345,"resistance":1345,"health":26900}}},
{"id":"talisman_class:287","key":287,"value":{"requireExp":660630,"exp":63625820,"stats":{"attack":2698,"armor":1349,"resistance":1349,"health":26980}}},
{"id":"talisman_class:288","key":288,"value":{"requireExp":665235,"exp":64291055,"stats":{"attack":2708,"armor":1354,"resistance":1354,"health":27080}}},
{"id":"talisman_class:289","key":289,"value":{"requireExp":669860,"exp":64960915,"stats":{"attack":2718,"armor":1359,"resistance":1359,"health":27180}}},
{"id":"talisman_class:290","key":290,"value":{"requireExp":674495,"exp":65635410,"stats":{"attack":2814,"armor":1407,"resistance":1407,"health":28140}}},
{"id":"talisman_class:291","key":291,"value":{"requireExp":679150,"exp":66314560,"stats":{"attack":2824,"armor":1412,"resistance":1412,"health":28240}}},
{"id":"talisman_class:292","key":292,"value":{"requireExp":683820,"exp":66998380,"stats":{"attack":2834,"armor":1417,"resistance":1417,"health":28340}}},
{"id":"talisman_class:293","key":293,"value":{"requireExp":688505,"exp":67686885,"stats":{"attack":2844,"armor":1422,"resistance":1422,"health":28440}}},
{"id":"talisman_class:294","key":294,"value":{"requireExp":693205,"exp":68380090,"stats":{"attack":2852,"armor":1426,"resistance":1426,"health":28520}}},
{"id":"talisman_class:295","key":295,"value":{"requireExp":697925,"exp":69078015,"stats":{"attack":2862,"armor":1431,"resistance":1431,"health":28620}}},
{"id":"talisman_class:296","key":296,"value":{"requireExp":702655,"exp":69780670,"stats":{"attack":2872,"armor":1436,"resistance":1436,"health":28720}}},
{"id":"talisman_class:297","key":297,"value":{"requireExp":707405,"exp":70488075,"stats":{"attack":2882,"armor":1441,"resistance":1441,"health":28820}}},
{"id":"talisman_class:298","key":298,"value":{"requireExp":712170,"exp":71200245,"stats":{"attack":2892,"armor":1446,"resistance":1446,"health":28920}}},
{"id":"talisman_class:299","key":299,"value":{"requireExp":716955,"exp":71917200,"stats":{"attack":2902,"armor":1451,"resistance":1451,"health":29020}}},
{"id":"talisman_class:300","key":300,"value":{"requireExp":721750,"exp":72638950,"stats":{"attack":3000,"armor":1500,"resistance":1500,"health":30000}}}
]}
