{"total_rows":50,"offset":0,"rows":[
{"id":"gem_types:101","key":[205010100,1],"value":{"level":1,"props":{"minPhysicalAttack":10,"maxPhysicalAttack":15}}},
{"id":"gem_types:201","key":[205010100,2],"value":{"level":1,"props":{"minMagicAttack":10,"maxMagicAttack":15}}},
{"id":"gem_types:102","key":[205010200,1],"value":{"level":2,"props":{"minPhysicalAttack":20,"maxPhysicalAttack":30}}},
{"id":"gem_types:202","key":[205010200,2],"value":{"level":2,"props":{"minMagicAttack":20,"maxMagicAttack":30}}},
{"id":"gem_types:103","key":[205010300,1],"value":{"level":3,"props":{"minPhysicalAttack":40,"maxPhysicalAttack":60}}},
{"id":"gem_types:203","key":[205010300,2],"value":{"level":3,"props":{"minMagicAttack":40,"maxMagicAttack":60}}},
{"id":"gem_types:104","key":[205010400,1],"value":{"level":4,"props":{"minPhysicalAttack":75,"maxPhysicalAttack":110}}},
{"id":"gem_types:204","key":[205010400,2],"value":{"level":4,"props":{"minMagicAttack":75,"maxMagicAttack":110}}},
{"id":"gem_types:105","key":[205010500,1],"value":{"level":5,"props":{"minPhysicalAttack":135,"maxPhysicalAttack":200}}},
{"id":"gem_types:205","key":[205010500,2],"value":{"level":5,"props":{"minMagicAttack":135,"maxMagicAttack":200}}},
{"id":"gem_types:106","key":[205010600,1],"value":{"level":6,"props":{"minPhysicalAttack":200,"maxPhysicalAttack":300}}},
{"id":"gem_types:206","key":[205010600,2],"value":{"level":6,"props":{"minMagicAttack":200,"maxMagicAttack":300}}},
{"id":"gem_types:107","key":[205010700,1],"value":{"level":7,"props":{"minPhysicalAttack":300,"maxPhysicalAttack":450}}},
{"id":"gem_types:207","key":[205010700,2],"value":{"level":7,"props":{"minMagicAttack":300,"maxMagicAttack":450}}},
{"id":"gem_types:108","key":[205010800,1],"value":{"level":8,"props":{"minPhysicalAttack":360,"maxPhysicalAttack":540}}},
{"id":"gem_types:208","key":[205010800,2],"value":{"level":8,"props":{"minMagicAttack":360,"maxMagicAttack":540}}},
{"id":"gem_types:109","key":[205010900,1],"value":{"level":9,"props":{"minPhysicalAttack":430,"maxPhysicalAttack":650}}},
{"id":"gem_types:209","key":[205010900,2],"value":{"level":9,"props":{"minMagicAttack":430,"maxMagicAttack":650}}},
{"id":"gem_types:110","key":[205011000,1],"value":{"level":10,"props":{"minPhysicalAttack":480,"maxPhysicalAttack":720}}},
{"id":"gem_types:210","key":[205011000,2],"value":{"level":10,"props":{"minMagicAttack":480,"maxMagicAttack":720}}},
{"id":"gem_types:301","key":[205020100,3],"value":{"level":1,"props":{"damageReduction":5}}},
{"id":"gem_types:302","key":[205020200,3],"value":{"level":2,"props":{"damageReduction":10}}},
{"id":"gem_types:303","key":[205020300,3],"value":{"level":3,"props":{"damageReduction":15}}},
{"id":"gem_types:304","key":[205020400,3],"value":{"level":4,"props":{"damageReduction":30}}},
{"id":"gem_types:305","key":[205020500,3],"value":{"level":5,"props":{"damageReduction":55}}},
{"id":"gem_types:306","key":[205020600,3],"value":{"level":6,"props":{"damageReduction":85}}},
{"id":"gem_types:307","key":[205020700,3],"value":{"level":7,"props":{"damageReduction":125}}},
{"id":"gem_types:308","key":[205020800,3],"value":{"level":8,"props":{"damageReduction":150}}},
{"id":"gem_types:309","key":[205020900,3],"value":{"level":9,"props":{"damageReduction":180}}},
{"id":"gem_types:310","key":[205021000,3],"value":{"level":10,"props":{"damageReduction":200}}},
{"id":"gem_types:401","key":[205030100,4],"value":{"level":1,"props":{"extraExperience":10}}},
{"id":"gem_types:402","key":[205030200,4],"value":{"level":2,"props":{"extraExperience":20}}},
{"id":"gem_types:403","key":[205030300,4],"value":{"level":3,"props":{"extraExperience":40}}},
{"id":"gem_types:404","key":[205030400,4],"value":{"level":4,"props":{"extraExperience":80}}},
{"id":"gem_types:405","key":[205030500,4],"value":{"level":5,"props":{"extraExperience":140}}},
{"id":"gem_types:406","key":[205030600,4],"value":{"level":6,"props":{"extraExperience":210}}},
{"id":"gem_types:407","key":[205030700,4],"value":{"level":7,"props":{"extraExperience":310}}},
{"id":"gem_types:408","key":[205030800,4],"value":{"level":8,"props":{"extraExperience":380}}},
{"id":"gem_types:409","key":[205030900,4],"value":{"level":9,"props":{"extraExperience":450}}},
{"id":"gem_types:410","key":[205031000,4],"value":{"level":10,"props":{"extraExperience":500}}},
{"id":"gem_types:501","key":[205040100,5],"value":{"level":1,"props":{"health":150}}},
{"id":"gem_types:502","key":[205040200,5],"value":{"level":2,"props":{"health":350}}},
{"id":"gem_types:503","key":[205040300,5],"value":{"level":3,"props":{"health":700}}},
{"id":"gem_types:504","key":[205040400,5],"value":{"level":4,"props":{"health":1250}}},
{"id":"gem_types:505","key":[205040500,5],"value":{"level":5,"props":{"health":2200}}},
{"id":"gem_types:506","key":[205040600,5],"value":{"level":6,"props":{"health":3350}}},
{"id":"gem_types:507","key":[205040700,5],"value":{"level":7,"props":{"health":5000}}},
{"id":"gem_types:508","key":[205040800,5],"value":{"level":8,"props":{"health":6000}}},
{"id":"gem_types:509","key":[205040900,5],"value":{"level":9,"props":{"health":7200}}},
{"id":"gem_types:510","key":[205041000,5],"value":{"level":10,"props":{"health":8000}}}
]}
