{"total_rows":312,"offset":0,"rows":[
{"id":"equipment_set:11101","key":[11101,7],"value":{"set":1101,"class":1,"rank":5,"type":1,"quality":4,"star":1,"crossRank":true,"prevSet":null,"materials":[["item",208010301,36]]}},
{"id":"equipment_set:11101","key":[11101,8],"value":{"set":1101,"class":1,"rank":5,"type":1,"quality":4,"star":1,"crossRank":true,"prevSet":null,"materials":[["item",208010302,36]]}},
{"id":"equipment_set:11101","key":[11101,9],"value":{"set":1101,"class":1,"rank":5,"type":1,"quality":4,"star":1,"crossRank":true,"prevSet":null,"materials":[["item",208010303,36]]}},
{"id":"equipment_set:11101","key":[11101,10],"value":{"set":1101,"class":1,"rank":5,"type":1,"quality":4,"star":1,"crossRank":true,"prevSet":null,"materials":[["item",208010304,36]]}},
{"id":"equipment_set:11201","key":[11201,1],"value":{"set":1201,"class":1,"rank":5,"type":1,"quality":4,"star":1,"crossRank":false,"prevSet":null,"materials":[["item",208010311,36]]}},
{"id":"equipment_set:11201","key":[11201,2],"value":{"set":1201,"class":1,"rank":5,"type":1,"quality":4,"star":1,"crossRank":false,"prevSet":null,"materials":[["item",208010312,36]]}},
{"id":"equipment_set:11201","key":[11201,3],"value":{"set":1201,"class":1,"rank":5,"type":1,"quality":4,"star":1,"crossRank":false,"prevSet":null,"materials":[["item",208010313,36]]}},
{"id":"equipment_set:11201","key":[11201,4],"value":{"set":1201,"class":1,"rank":5,"type":1,"quality":4,"star":1,"crossRank":false,"prevSet":null,"materials":[["item",208010314,36]]}},
{"id":"equipment_set:11201","key":[11201,5],"value":{"set":1201,"class":1,"rank":5,"type":1,"quality":4,"star":1,"crossRank":false,"prevSet":null,"materials":[["item",208010315,36]]}},
{"id":"equipment_set:11201","key":[11201,6],"value":{"set":1201,"class":1,"rank":5,"type":1,"quality":4,"star":1,"crossRank":false,"prevSet":null,"materials":[["item",208010316,36]]}},
{"id":"equipment_set:11202","key":[11202,1],"value":{"set":1202,"class":1,"rank":6,"type":1,"quality":4,"star":1,"crossRank":false,"prevSet":null,"materials":[["item",208010311,47]]}},
{"id":"equipment_set:11202","key":[11202,2],"value":{"set":1202,"class":1,"rank":6,"type":1,"quality":4,"star":1,"crossRank":false,"prevSet":null,"materials":[["item",208010312,47]]}},
{"id":"equipment_set:11202","key":[11202,3],"value":{"set":1202,"class":1,"rank":6,"type":1,"quality":4,"star":1,"crossRank":false,"prevSet":null,"materials":[["item",208010313,47]]}},
{"id":"equipment_set:11202","key":[11202,4],"value":{"set":1202,"class":1,"rank":6,"type":1,"quality":4,"star":1,"crossRank":false,"prevSet":null,"materials":[["item",208010314,47]]}},
{"id":"equipment_set:11202","key":[11202,5],"value":{"set":1202,"class":1,"rank":6,"type":1,"quality":4,"star":1,"crossRank":false,"prevSet":null,"materials":[["item",208010315,47]]}},
{"id":"equipment_set:11202","key":[11202,6],"value":{"set":1202,"class":1,"rank":6,"type":1,"quality":4,"star":1,"crossRank":false,"prevSet":null,"materials":[["item",208010316,47]]}},
{"id":"equipment_set:11203","key":[11203,1],"value":{"set":1203,"class":1,"rank":7,"type":1,"quality":4,"star":1,"crossRank":false,"prevSet":null,"materials":[["item",208010311,81]]}},
{"id":"equipment_set:11203","key":[11203,2],"value":{"set":1203,"class":1,"rank":7,"type":1,"quality":4,"star":1,"crossRank":false,"prevSet":null,"materials":[["item",208010312,81]]}},
{"id":"equipment_set:11203","key":[11203,3],"value":{"set":1203,"class":1,"rank":7,"type":1,"quality":4,"star":1,"crossRank":false,"prevSet":null,"materials":[["item",208010313,81]]}},
{"id":"equipment_set:11203","key":[11203,4],"value":{"set":1203,"class":1,"rank":7,"type":1,"quality":4,"star":1,"crossRank":false,"prevSet":null,"materials":[["item",208010314,81]]}},
{"id":"equipment_set:11203","key":[11203,5],"value":{"set":1203,"class":1,"rank":7,"type":1,"quality":4,"star":1,"crossRank":false,"prevSet":null,"materials":[["item",208010315,81]]}},
{"id":"equipment_set:11203","key":[11203,6],"value":{"set":1203,"class":1,"rank":7,"type":1,"quality":4,"star":1,"crossRank":false,"prevSet":null,"materials":[["item",208010316,81]]}},
{"id":"equipment_set:11204","key":[11204,1],"value":{"set":1204,"class":1,"rank":8,"type":1,"quality":4,"star":1,"crossRank":false,"prevSet":null,"materials":[["item",208010311,139]]}},
{"id":"equipment_set:11204","key":[11204,2],"value":{"set":1204,"class":1,"rank":8,"type":1,"quality":4,"star":1,"crossRank":false,"prevSet":null,"materials":[["item",208010312,139]]}},
{"id":"equipment_set:11204","key":[11204,3],"value":{"set":1204,"class":1,"rank":8,"type":1,"quality":4,"star":1,"crossRank":false,"prevSet":null,"materials":[["item",208010313,139]]}},
{"id":"equipment_set:11204","key":[11204,4],"value":{"set":1204,"class":1,"rank":8,"type":1,"quality":4,"star":1,"crossRank":false,"prevSet":null,"materials":[["item",208010314,139]]}},
{"id":"equipment_set:11204","key":[11204,5],"value":{"set":1204,"class":1,"rank":8,"type":1,"quality":4,"star":1,"crossRank":false,"prevSet":null,"materials":[["item",208010315,139]]}},
{"id":"equipment_set:11204","key":[11204,6],"value":{"set":1204,"class":1,"rank":8,"type":1,"quality":4,"star":1,"crossRank":false,"prevSet":null,"materials":[["item",208010316,139]]}},
{"id":"equipment_set:11205","key":[11205,1],"value":{"set":1205,"class":1,"rank":9,"type":1,"quality":4,"star":1,"crossRank":false,"prevSet":null,"materials":[["item",208010311,238]]}},
{"id":"equipment_set:11205","key":[11205,2],"value":{"set":1205,"class":1,"rank":9,"type":1,"quality":4,"star":1,"crossRank":false,"prevSet":null,"materials":[["item",208010312,238]]}},
{"id":"equipment_set:11205","key":[11205,3],"value":{"set":1205,"class":1,"rank":9,"type":1,"quality":4,"star":1,"crossRank":false,"prevSet":null,"materials":[["item",208010313,238]]}},
{"id":"equipment_set:11205","key":[11205,4],"value":{"set":1205,"class":1,"rank":9,"type":1,"quality":4,"star":1,"crossRank":false,"prevSet":null,"materials":[["item",208010314,238]]}},
{"id":"equipment_set:11205","key":[11205,5],"value":{"set":1205,"class":1,"rank":9,"type":1,"quality":4,"star":1,"crossRank":false,"prevSet":null,"materials":[["item",208010315,238]]}},
{"id":"equipment_set:11205","key":[11205,6],"value":{"set":1205,"class":1,"rank":9,"type":1,"quality":4,"star":1,"crossRank":false,"prevSet":null,"materials":[["item",208010316,238]]}},
{"id":"equipment_set:11206","key":[11206,1],"value":{"set":1206,"class":1,"rank":10,"type":1,"quality":4,"star":1,"crossRank":false,"prevSet":null,"materials":[["item",208010311,410]]}},
{"id":"equipment_set:11206","key":[11206,2],"value":{"set":1206,"class":1,"rank":10,"type":1,"quality":4,"star":1,"crossRank":false,"prevSet":null,"materials":[["item",208010312,410]]}},
{"id":"equipment_set:11206","key":[11206,3],"value":{"set":1206,"class":1,"rank":10,"type":1,"quality":4,"star":1,"crossRank":false,"prevSet":null,"materials":[["item",208010313,410]]}},
{"id":"equipment_set:11206","key":[11206,4],"value":{"set":1206,"class":1,"rank":10,"type":1,"quality":4,"star":1,"crossRank":false,"prevSet":null,"materials":[["item",208010314,410]]}},
{"id":"equipment_set:11206","key":[11206,5],"value":{"set":1206,"class":1,"rank":10,"type":1,"quality":4,"star":1,"crossRank":false,"prevSet":null,"materials":[["item",208010315,410]]}},
{"id":"equipment_set:11206","key":[11206,6],"value":{"set":1206,"class":1,"rank":10,"type":1,"quality":4,"star":1,"crossRank":false,"prevSet":null,"materials":[["item",208010316,410]]}},
{"id":"equipment_set:11207","key":[11207,1],"value":{"set":1207,"class":1,"rank":11,"type":1,"quality":4,"star":1,"crossRank":false,"prevSet":null,"materials":[["item",208010311,625]]}},
{"id":"equipment_set:11207","key":[11207,2],"value":{"set":1207,"class":1,"rank":11,"type":1,"quality":4,"star":1,"crossRank":false,"prevSet":null,"materials":[["item",208010312,625]]}},
{"id":"equipment_set:11207","key":[11207,3],"value":{"set":1207,"class":1,"rank":11,"type":1,"quality":4,"star":1,"crossRank":false,"prevSet":null,"materials":[["item",208010313,625]]}},
{"id":"equipment_set:11207","key":[11207,4],"value":{"set":1207,"class":1,"rank":11,"type":1,"quality":4,"star":1,"crossRank":false,"prevSet":null,"materials":[["item",208010314,625]]}},
{"id":"equipment_set:11207","key":[11207,5],"value":{"set":1207,"class":1,"rank":11,"type":1,"quality":4,"star":1,"crossRank":false,"prevSet":null,"materials":[["item",208010315,625]]}},
{"id":"equipment_set:11207","key":[11207,6],"value":{"set":1207,"class":1,"rank":11,"type":1,"quality":4,"star":1,"crossRank":false,"prevSet":null,"materials":[["item",208010316,625]]}},
{"id":"equipment_set:11208","key":[11208,1],"value":{"set":1208,"class":1,"rank":12,"type":1,"quality":4,"star":1,"crossRank":false,"prevSet":null,"materials":[["item",208010311,1100]]}},
{"id":"equipment_set:11208","key":[11208,2],"value":{"set":1208,"class":1,"rank":12,"type":1,"quality":4,"star":1,"crossRank":false,"prevSet":null,"materials":[["item",208010312,1100]]}},
{"id":"equipment_set:11208","key":[11208,3],"value":{"set":1208,"class":1,"rank":12,"type":1,"quality":4,"star":1,"crossRank":false,"prevSet":null,"materials":[["item",208010313,1100]]}},
{"id":"equipment_set:11208","key":[11208,4],"value":{"set":1208,"class":1,"rank":12,"type":1,"quality":4,"star":1,"crossRank":false,"prevSet":null,"materials":[["item",208010314,1100]]}},
{"id":"equipment_set:11208","key":[11208,5],"value":{"set":1208,"class":1,"rank":12,"type":1,"quality":4,"star":1,"crossRank":false,"prevSet":null,"materials":[["item",208010315,1100]]}},
{"id":"equipment_set:11208","key":[11208,6],"value":{"set":1208,"class":1,"rank":12,"type":1,"quality":4,"star":1,"crossRank":false,"prevSet":null,"materials":[["item",208010316,1100]]}},
{"id":"equipment_set:12101","key":[12101,7],"value":{"set":2101,"class":1,"rank":5,"type":2,"quality":4,"star":2,"crossRank":true,"prevSet":1101,"materials":[["item",208010301,15],["item",208010407,15]]}},
{"id":"equipment_set:12101","key":[12101,8],"value":{"set":2101,"class":1,"rank":5,"type":2,"quality":4,"star":2,"crossRank":true,"prevSet":1101,"materials":[["item",208010302,15],["item",208010408,15]]}},
{"id":"equipment_set:12101","key":[12101,9],"value":{"set":2101,"class":1,"rank":5,"type":2,"quality":4,"star":2,"crossRank":true,"prevSet":1101,"materials":[["item",208010303,15],["item",208010409,15]]}},
{"id":"equipment_set:12101","key":[12101,10],"value":{"set":2101,"class":1,"rank":5,"type":2,"quality":4,"star":2,"crossRank":true,"prevSet":1101,"materials":[["item",208010304,15],["item",208010410,15]]}},
{"id":"equipment_set:12201","key":[12201,1],"value":{"set":2201,"class":1,"rank":5,"type":2,"quality":4,"star":2,"crossRank":false,"prevSet":1201,"materials":[["item",208010311,36],["item",208010401,28]]}},
{"id":"equipment_set:12201","key":[12201,2],"value":{"set":2201,"class":1,"rank":5,"type":2,"quality":4,"star":2,"crossRank":false,"prevSet":1201,"materials":[["item",208010312,36],["item",208010402,28]]}},
{"id":"equipment_set:12201","key":[12201,3],"value":{"set":2201,"class":1,"rank":5,"type":2,"quality":4,"star":2,"crossRank":false,"prevSet":1201,"materials":[["item",208010313,36],["item",208010403,28]]}},
{"id":"equipment_set:12201","key":[12201,4],"value":{"set":2201,"class":1,"rank":5,"type":2,"quality":4,"star":2,"crossRank":false,"prevSet":1201,"materials":[["item",208010314,36],["item",208010404,28]]}},
{"id":"equipment_set:12201","key":[12201,5],"value":{"set":2201,"class":1,"rank":5,"type":2,"quality":4,"star":2,"crossRank":false,"prevSet":1201,"materials":[["item",208010315,36],["item",208010405,28]]}},
{"id":"equipment_set:12201","key":[12201,6],"value":{"set":2201,"class":1,"rank":5,"type":2,"quality":4,"star":2,"crossRank":false,"prevSet":1201,"materials":[["item",208010316,36],["item",208010406,28]]}},
{"id":"equipment_set:12202","key":[12202,1],"value":{"set":2202,"class":1,"rank":6,"type":2,"quality":4,"star":2,"crossRank":false,"prevSet":1202,"materials":[["item",208010311,47],["item",208010401,38]]}},
{"id":"equipment_set:12202","key":[12202,2],"value":{"set":2202,"class":1,"rank":6,"type":2,"quality":4,"star":2,"crossRank":false,"prevSet":1202,"materials":[["item",208010312,47],["item",208010402,38]]}},
{"id":"equipment_set:12202","key":[12202,3],"value":{"set":2202,"class":1,"rank":6,"type":2,"quality":4,"star":2,"crossRank":false,"prevSet":1202,"materials":[["item",208010313,47],["item",208010403,38]]}},
{"id":"equipment_set:12202","key":[12202,4],"value":{"set":2202,"class":1,"rank":6,"type":2,"quality":4,"star":2,"crossRank":false,"prevSet":1202,"materials":[["item",208010314,47],["item",208010404,38]]}},
{"id":"equipment_set:12202","key":[12202,5],"value":{"set":2202,"class":1,"rank":6,"type":2,"quality":4,"star":2,"crossRank":false,"prevSet":1202,"materials":[["item",208010315,47],["item",208010405,38]]}},
{"id":"equipment_set:12202","key":[12202,6],"value":{"set":2202,"class":1,"rank":6,"type":2,"quality":4,"star":2,"crossRank":false,"prevSet":1202,"materials":[["item",208010316,47],["item",208010406,38]]}},
{"id":"equipment_set:12203","key":[12203,1],"value":{"set":2203,"class":1,"rank":7,"type":2,"quality":4,"star":2,"crossRank":false,"prevSet":1203,"materials":[["item",208010311,81],["item",208010401,65]]}},
{"id":"equipment_set:12203","key":[12203,2],"value":{"set":2203,"class":1,"rank":7,"type":2,"quality":4,"star":2,"crossRank":false,"prevSet":1203,"materials":[["item",208010312,81],["item",208010402,65]]}},
{"id":"equipment_set:12203","key":[12203,3],"value":{"set":2203,"class":1,"rank":7,"type":2,"quality":4,"star":2,"crossRank":false,"prevSet":1203,"materials":[["item",208010313,81],["item",208010403,65]]}},
{"id":"equipment_set:12203","key":[12203,4],"value":{"set":2203,"class":1,"rank":7,"type":2,"quality":4,"star":2,"crossRank":false,"prevSet":1203,"materials":[["item",208010314,81],["item",208010404,65]]}},
{"id":"equipment_set:12203","key":[12203,5],"value":{"set":2203,"class":1,"rank":7,"type":2,"quality":4,"star":2,"crossRank":false,"prevSet":1203,"materials":[["item",208010315,81],["item",208010405,65]]}},
{"id":"equipment_set:12203","key":[12203,6],"value":{"set":2203,"class":1,"rank":7,"type":2,"quality":4,"star":2,"crossRank":false,"prevSet":1203,"materials":[["item",208010316,81],["item",208010406,65]]}},
{"id":"equipment_set:12204","key":[12204,1],"value":{"set":2204,"class":1,"rank":8,"type":2,"quality":4,"star":2,"crossRank":false,"prevSet":1204,"materials":[["item",208010311,139],["item",208010401,111]]}},
{"id":"equipment_set:12204","key":[12204,2],"value":{"set":2204,"class":1,"rank":8,"type":2,"quality":4,"star":2,"crossRank":false,"prevSet":1204,"materials":[["item",208010312,139],["item",208010402,111]]}},
{"id":"equipment_set:12204","key":[12204,3],"value":{"set":2204,"class":1,"rank":8,"type":2,"quality":4,"star":2,"crossRank":false,"prevSet":1204,"materials":[["item",208010313,139],["item",208010403,111]]}},
{"id":"equipment_set:12204","key":[12204,4],"value":{"set":2204,"class":1,"rank":8,"type":2,"quality":4,"star":2,"crossRank":false,"prevSet":1204,"materials":[["item",208010314,139],["item",208010404,111]]}},
{"id":"equipment_set:12204","key":[12204,5],"value":{"set":2204,"class":1,"rank":8,"type":2,"quality":4,"star":2,"crossRank":false,"prevSet":1204,"materials":[["item",208010315,139],["item",208010405,111]]}},
{"id":"equipment_set:12204","key":[12204,6],"value":{"set":2204,"class":1,"rank":8,"type":2,"quality":4,"star":2,"crossRank":false,"prevSet":1204,"materials":[["item",208010316,139],["item",208010406,111]]}},
{"id":"equipment_set:12205","key":[12205,1],"value":{"set":2205,"class":1,"rank":9,"type":2,"quality":4,"star":2,"crossRank":false,"prevSet":1205,"materials":[["item",208010311,238],["item",208010401,181]]}},
{"id":"equipment_set:12205","key":[12205,2],"value":{"set":2205,"class":1,"rank":9,"type":2,"quality":4,"star":2,"crossRank":false,"prevSet":1205,"materials":[["item",208010312,238],["item",208010402,181]]}},
{"id":"equipment_set:12205","key":[12205,3],"value":{"set":2205,"class":1,"rank":9,"type":2,"quality":4,"star":2,"crossRank":false,"prevSet":1205,"materials":[["item",208010313,238],["item",208010403,181]]}},
{"id":"equipment_set:12205","key":[12205,4],"value":{"set":2205,"class":1,"rank":9,"type":2,"quality":4,"star":2,"crossRank":false,"prevSet":1205,"materials":[["item",208010314,238],["item",208010404,181]]}},
{"id":"equipment_set:12205","key":[12205,5],"value":{"set":2205,"class":1,"rank":9,"type":2,"quality":4,"star":2,"crossRank":false,"prevSet":1205,"materials":[["item",208010315,238],["item",208010405,181]]}},
{"id":"equipment_set:12205","key":[12205,6],"value":{"set":2205,"class":1,"rank":9,"type":2,"quality":4,"star":2,"crossRank":false,"prevSet":1205,"materials":[["item",208010316,238],["item",208010406,181]]}},
{"id":"equipment_set:12206","key":[12206,1],"value":{"set":2206,"class":1,"rank":10,"type":2,"quality":4,"star":2,"crossRank":false,"prevSet":1206,"materials":[["item",208010311,410],["item",208010401,206],["item",208010461,3]]}},
{"id":"equipment_set:12206","key":[12206,2],"value":{"set":2206,"class":1,"rank":10,"type":2,"quality":4,"star":2,"crossRank":false,"prevSet":1206,"materials":[["item",208010312,410],["item",208010402,206],["item",208010461,3]]}},
{"id":"equipment_set:12206","key":[12206,3],"value":{"set":2206,"class":1,"rank":10,"type":2,"quality":4,"star":2,"crossRank":false,"prevSet":1206,"materials":[["item",208010313,410],["item",208010403,206],["item",208010461,3]]}},
{"id":"equipment_set:12206","key":[12206,4],"value":{"set":2206,"class":1,"rank":10,"type":2,"quality":4,"star":2,"crossRank":false,"prevSet":1206,"materials":[["item",208010314,410],["item",208010404,206],["item",208010461,3]]}},
{"id":"equipment_set:12206","key":[12206,5],"value":{"set":2206,"class":1,"rank":10,"type":2,"quality":4,"star":2,"crossRank":false,"prevSet":1206,"materials":[["item",208010315,410],["item",208010405,206],["item",208010461,3]]}},
{"id":"equipment_set:12206","key":[12206,6],"value":{"set":2206,"class":1,"rank":10,"type":2,"quality":4,"star":2,"crossRank":false,"prevSet":1206,"materials":[["item",208010316,410],["item",208010406,206],["item",208010461,3]]}},
{"id":"equipment_set:12207","key":[12207,1],"value":{"set":2207,"class":1,"rank":11,"type":2,"quality":4,"star":2,"crossRank":false,"prevSet":1207,"materials":[["item",208010311,625],["item",208010401,349],["item",208010461,6]]}},
{"id":"equipment_set:12207","key":[12207,2],"value":{"set":2207,"class":1,"rank":11,"type":2,"quality":4,"star":2,"crossRank":false,"prevSet":1207,"materials":[["item",208010312,625],["item",208010402,349],["item",208010461,6]]}},
{"id":"equipment_set:12207","key":[12207,3],"value":{"set":2207,"class":1,"rank":11,"type":2,"quality":4,"star":2,"crossRank":false,"prevSet":1207,"materials":[["item",208010313,625],["item",208010403,349],["item",208010461,6]]}},
{"id":"equipment_set:12207","key":[12207,4],"value":{"set":2207,"class":1,"rank":11,"type":2,"quality":4,"star":2,"crossRank":false,"prevSet":1207,"materials":[["item",208010314,625],["item",208010404,349],["item",208010461,6]]}},
{"id":"equipment_set:12207","key":[12207,5],"value":{"set":2207,"class":1,"rank":11,"type":2,"quality":4,"star":2,"crossRank":false,"prevSet":1207,"materials":[["item",208010315,625],["item",208010405,349],["item",208010461,6]]}},
{"id":"equipment_set:12207","key":[12207,6],"value":{"set":2207,"class":1,"rank":11,"type":2,"quality":4,"star":2,"crossRank":false,"prevSet":1207,"materials":[["item",208010316,625],["item",208010406,349],["item",208010461,6]]}},
{"id":"equipment_set:12208","key":[12208,1],"value":{"set":2208,"class":1,"rank":12,"type":2,"quality":4,"star":2,"crossRank":false,"prevSet":1208,"materials":[["item",208010311,1100],["item",208010401,575],["item",208010461,9]]}},
{"id":"equipment_set:12208","key":[12208,2],"value":{"set":2208,"class":1,"rank":12,"type":2,"quality":4,"star":2,"crossRank":false,"prevSet":1208,"materials":[["item",208010312,1100],["item",208010402,575],["item",208010461,9]]}},
{"id":"equipment_set:12208","key":[12208,3],"value":{"set":2208,"class":1,"rank":12,"type":2,"quality":4,"star":2,"crossRank":false,"prevSet":1208,"materials":[["item",208010313,1100],["item",208010403,575],["item",208010461,9]]}},
{"id":"equipment_set:12208","key":[12208,4],"value":{"set":2208,"class":1,"rank":12,"type":2,"quality":4,"star":2,"crossRank":false,"prevSet":1208,"materials":[["item",208010314,1100],["item",208010404,575],["item",208010461,9]]}},
{"id":"equipment_set:12208","key":[12208,5],"value":{"set":2208,"class":1,"rank":12,"type":2,"quality":4,"star":2,"crossRank":false,"prevSet":1208,"materials":[["item",208010315,1100],["item",208010405,575],["item",208010461,9]]}},
{"id":"equipment_set:12208","key":[12208,6],"value":{"set":2208,"class":1,"rank":12,"type":2,"quality":4,"star":2,"crossRank":false,"prevSet":1208,"materials":[["item",208010316,1100],["item",208010406,575],["item",208010461,9]]}},
{"id":"equipment_set:21101","key":[21101,7],"value":{"set":1101,"class":2,"rank":5,"type":1,"quality":4,"star":1,"crossRank":true,"prevSet":null,"materials":[["item",208010301,36]]}},
{"id":"equipment_set:21101","key":[21101,8],"value":{"set":1101,"class":2,"rank":5,"type":1,"quality":4,"star":1,"crossRank":true,"prevSet":null,"materials":[["item",208010302,36]]}},
{"id":"equipment_set:21101","key":[21101,9],"value":{"set":1101,"class":2,"rank":5,"type":1,"quality":4,"star":1,"crossRank":true,"prevSet":null,"materials":[["item",208010303,36]]}},
{"id":"equipment_set:21101","key":[21101,10],"value":{"set":1101,"class":2,"rank":5,"type":1,"quality":4,"star":1,"crossRank":true,"prevSet":null,"materials":[["item",208010304,36]]}},
{"id":"equipment_set:21201","key":[21201,1],"value":{"set":1201,"class":2,"rank":5,"type":1,"quality":4,"star":1,"crossRank":false,"prevSet":null,"materials":[["item",208010321,36]]}},
{"id":"equipment_set:21201","key":[21201,2],"value":{"set":1201,"class":2,"rank":5,"type":1,"quality":4,"star":1,"crossRank":false,"prevSet":null,"materials":[["item",208010322,36]]}},
{"id":"equipment_set:21201","key":[21201,3],"value":{"set":1201,"class":2,"rank":5,"type":1,"quality":4,"star":1,"crossRank":false,"prevSet":null,"materials":[["item",208010323,36]]}},
{"id":"equipment_set:21201","key":[21201,4],"value":{"set":1201,"class":2,"rank":5,"type":1,"quality":4,"star":1,"crossRank":false,"prevSet":null,"materials":[["item",208010324,36]]}},
{"id":"equipment_set:21201","key":[21201,5],"value":{"set":1201,"class":2,"rank":5,"type":1,"quality":4,"star":1,"crossRank":false,"prevSet":null,"materials":[["item",208010325,36]]}},
{"id":"equipment_set:21201","key":[21201,6],"value":{"set":1201,"class":2,"rank":5,"type":1,"quality":4,"star":1,"crossRank":false,"prevSet":null,"materials":[["item",208010326,36]]}},
{"id":"equipment_set:21202","key":[21202,1],"value":{"set":1202,"class":2,"rank":6,"type":1,"quality":4,"star":1,"crossRank":false,"prevSet":null,"materials":[["item",208010321,47]]}},
{"id":"equipment_set:21202","key":[21202,2],"value":{"set":1202,"class":2,"rank":6,"type":1,"quality":4,"star":1,"crossRank":false,"prevSet":null,"materials":[["item",208010322,47]]}},
{"id":"equipment_set:21202","key":[21202,3],"value":{"set":1202,"class":2,"rank":6,"type":1,"quality":4,"star":1,"crossRank":false,"prevSet":null,"materials":[["item",208010323,47]]}},
{"id":"equipment_set:21202","key":[21202,4],"value":{"set":1202,"class":2,"rank":6,"type":1,"quality":4,"star":1,"crossRank":false,"prevSet":null,"materials":[["item",208010324,47]]}},
{"id":"equipment_set:21202","key":[21202,5],"value":{"set":1202,"class":2,"rank":6,"type":1,"quality":4,"star":1,"crossRank":false,"prevSet":null,"materials":[["item",208010325,47]]}},
{"id":"equipment_set:21202","key":[21202,6],"value":{"set":1202,"class":2,"rank":6,"type":1,"quality":4,"star":1,"crossRank":false,"prevSet":null,"materials":[["item",208010326,47]]}},
{"id":"equipment_set:21203","key":[21203,1],"value":{"set":1203,"class":2,"rank":7,"type":1,"quality":4,"star":1,"crossRank":false,"prevSet":null,"materials":[["item",208010321,81]]}},
{"id":"equipment_set:21203","key":[21203,2],"value":{"set":1203,"class":2,"rank":7,"type":1,"quality":4,"star":1,"crossRank":false,"prevSet":null,"materials":[["item",208010322,81]]}},
{"id":"equipment_set:21203","key":[21203,3],"value":{"set":1203,"class":2,"rank":7,"type":1,"quality":4,"star":1,"crossRank":false,"prevSet":null,"materials":[["item",208010323,81]]}},
{"id":"equipment_set:21203","key":[21203,4],"value":{"set":1203,"class":2,"rank":7,"type":1,"quality":4,"star":1,"crossRank":false,"prevSet":null,"materials":[["item",208010324,81]]}},
{"id":"equipment_set:21203","key":[21203,5],"value":{"set":1203,"class":2,"rank":7,"type":1,"quality":4,"star":1,"crossRank":false,"prevSet":null,"materials":[["item",208010325,81]]}},
{"id":"equipment_set:21203","key":[21203,6],"value":{"set":1203,"class":2,"rank":7,"type":1,"quality":4,"star":1,"crossRank":false,"prevSet":null,"materials":[["item",208010326,81]]}},
{"id":"equipment_set:21204","key":[21204,1],"value":{"set":1204,"class":2,"rank":8,"type":1,"quality":4,"star":1,"crossRank":false,"prevSet":null,"materials":[["item",208010321,139]]}},
{"id":"equipment_set:21204","key":[21204,2],"value":{"set":1204,"class":2,"rank":8,"type":1,"quality":4,"star":1,"crossRank":false,"prevSet":null,"materials":[["item",208010322,139]]}},
{"id":"equipment_set:21204","key":[21204,3],"value":{"set":1204,"class":2,"rank":8,"type":1,"quality":4,"star":1,"crossRank":false,"prevSet":null,"materials":[["item",208010323,139]]}},
{"id":"equipment_set:21204","key":[21204,4],"value":{"set":1204,"class":2,"rank":8,"type":1,"quality":4,"star":1,"crossRank":false,"prevSet":null,"materials":[["item",208010324,139]]}},
{"id":"equipment_set:21204","key":[21204,5],"value":{"set":1204,"class":2,"rank":8,"type":1,"quality":4,"star":1,"crossRank":false,"prevSet":null,"materials":[["item",208010325,139]]}},
{"id":"equipment_set:21204","key":[21204,6],"value":{"set":1204,"class":2,"rank":8,"type":1,"quality":4,"star":1,"crossRank":false,"prevSet":null,"materials":[["item",208010326,139]]}},
{"id":"equipment_set:21205","key":[21205,1],"value":{"set":1205,"class":2,"rank":9,"type":1,"quality":4,"star":1,"crossRank":false,"prevSet":null,"materials":[["item",208010321,238]]}},
{"id":"equipment_set:21205","key":[21205,2],"value":{"set":1205,"class":2,"rank":9,"type":1,"quality":4,"star":1,"crossRank":false,"prevSet":null,"materials":[["item",208010322,238]]}},
{"id":"equipment_set:21205","key":[21205,3],"value":{"set":1205,"class":2,"rank":9,"type":1,"quality":4,"star":1,"crossRank":false,"prevSet":null,"materials":[["item",208010323,238]]}},
{"id":"equipment_set:21205","key":[21205,4],"value":{"set":1205,"class":2,"rank":9,"type":1,"quality":4,"star":1,"crossRank":false,"prevSet":null,"materials":[["item",208010324,238]]}},
{"id":"equipment_set:21205","key":[21205,5],"value":{"set":1205,"class":2,"rank":9,"type":1,"quality":4,"star":1,"crossRank":false,"prevSet":null,"materials":[["item",208010325,238]]}},
{"id":"equipment_set:21205","key":[21205,6],"value":{"set":1205,"class":2,"rank":9,"type":1,"quality":4,"star":1,"crossRank":false,"prevSet":null,"materials":[["item",208010326,238]]}},
{"id":"equipment_set:21206","key":[21206,1],"value":{"set":1206,"class":2,"rank":10,"type":1,"quality":4,"star":1,"crossRank":false,"prevSet":null,"materials":[["item",208010321,410]]}},
{"id":"equipment_set:21206","key":[21206,2],"value":{"set":1206,"class":2,"rank":10,"type":1,"quality":4,"star":1,"crossRank":false,"prevSet":null,"materials":[["item",208010322,410]]}},
{"id":"equipment_set:21206","key":[21206,3],"value":{"set":1206,"class":2,"rank":10,"type":1,"quality":4,"star":1,"crossRank":false,"prevSet":null,"materials":[["item",208010323,410]]}},
{"id":"equipment_set:21206","key":[21206,4],"value":{"set":1206,"class":2,"rank":10,"type":1,"quality":4,"star":1,"crossRank":false,"prevSet":null,"materials":[["item",208010324,410]]}},
{"id":"equipment_set:21206","key":[21206,5],"value":{"set":1206,"class":2,"rank":10,"type":1,"quality":4,"star":1,"crossRank":false,"prevSet":null,"materials":[["item",208010325,410]]}},
{"id":"equipment_set:21206","key":[21206,6],"value":{"set":1206,"class":2,"rank":10,"type":1,"quality":4,"star":1,"crossRank":false,"prevSet":null,"materials":[["item",208010326,410]]}},
{"id":"equipment_set:21207","key":[21207,1],"value":{"set":1207,"class":2,"rank":11,"type":1,"quality":4,"star":1,"crossRank":false,"prevSet":null,"materials":[["item",208010321,625]]}},
{"id":"equipment_set:21207","key":[21207,2],"value":{"set":1207,"class":2,"rank":11,"type":1,"quality":4,"star":1,"crossRank":false,"prevSet":null,"materials":[["item",208010322,625]]}},
{"id":"equipment_set:21207","key":[21207,3],"value":{"set":1207,"class":2,"rank":11,"type":1,"quality":4,"star":1,"crossRank":false,"prevSet":null,"materials":[["item",208010323,625]]}},
{"id":"equipment_set:21207","key":[21207,4],"value":{"set":1207,"class":2,"rank":11,"type":1,"quality":4,"star":1,"crossRank":false,"prevSet":null,"materials":[["item",208010324,625]]}},
{"id":"equipment_set:21207","key":[21207,5],"value":{"set":1207,"class":2,"rank":11,"type":1,"quality":4,"star":1,"crossRank":false,"prevSet":null,"materials":[["item",208010325,625]]}},
{"id":"equipment_set:21207","key":[21207,6],"value":{"set":1207,"class":2,"rank":11,"type":1,"quality":4,"star":1,"crossRank":false,"prevSet":null,"materials":[["item",208010326,625]]}},
{"id":"equipment_set:21208","key":[21208,1],"value":{"set":1208,"class":2,"rank":12,"type":1,"quality":4,"star":1,"crossRank":false,"prevSet":null,"materials":[["item",208010321,1100]]}},
{"id":"equipment_set:21208","key":[21208,2],"value":{"set":1208,"class":2,"rank":12,"type":1,"quality":4,"star":1,"crossRank":false,"prevSet":null,"materials":[["item",208010322,1100]]}},
{"id":"equipment_set:21208","key":[21208,3],"value":{"set":1208,"class":2,"rank":12,"type":1,"quality":4,"star":1,"crossRank":false,"prevSet":null,"materials":[["item",208010323,1100]]}},
{"id":"equipment_set:21208","key":[21208,4],"value":{"set":1208,"class":2,"rank":12,"type":1,"quality":4,"star":1,"crossRank":false,"prevSet":null,"materials":[["item",208010324,1100]]}},
{"id":"equipment_set:21208","key":[21208,5],"value":{"set":1208,"class":2,"rank":12,"type":1,"quality":4,"star":1,"crossRank":false,"prevSet":null,"materials":[["item",208010325,1100]]}},
{"id":"equipment_set:21208","key":[21208,6],"value":{"set":1208,"class":2,"rank":12,"type":1,"quality":4,"star":1,"crossRank":false,"prevSet":null,"materials":[["item",208010326,1100]]}},
{"id":"equipment_set:22101","key":[22101,7],"value":{"set":2101,"class":2,"rank":5,"type":2,"quality":4,"star":2,"crossRank":true,"prevSet":1101,"materials":[["item",208010301,15],["item",208010407,15]]}},
{"id":"equipment_set:22101","key":[22101,8],"value":{"set":2101,"class":2,"rank":5,"type":2,"quality":4,"star":2,"crossRank":true,"prevSet":1101,"materials":[["item",208010302,15],["item",208010408,15]]}},
{"id":"equipment_set:22101","key":[22101,9],"value":{"set":2101,"class":2,"rank":5,"type":2,"quality":4,"star":2,"crossRank":true,"prevSet":1101,"materials":[["item",208010303,15],["item",208010409,15]]}},
{"id":"equipment_set:22101","key":[22101,10],"value":{"set":2101,"class":2,"rank":5,"type":2,"quality":4,"star":2,"crossRank":true,"prevSet":1101,"materials":[["item",208010304,15],["item",208010410,15]]}},
{"id":"equipment_set:22201","key":[22201,1],"value":{"set":2201,"class":2,"rank":5,"type":2,"quality":4,"star":2,"crossRank":false,"prevSet":1201,"materials":[["item",208010321,36],["item",208010401,28]]}},
{"id":"equipment_set:22201","key":[22201,2],"value":{"set":2201,"class":2,"rank":5,"type":2,"quality":4,"star":2,"crossRank":false,"prevSet":1201,"materials":[["item",208010322,36],["item",208010402,28]]}},
{"id":"equipment_set:22201","key":[22201,3],"value":{"set":2201,"class":2,"rank":5,"type":2,"quality":4,"star":2,"crossRank":false,"prevSet":1201,"materials":[["item",208010323,36],["item",208010403,28]]}},
{"id":"equipment_set:22201","key":[22201,4],"value":{"set":2201,"class":2,"rank":5,"type":2,"quality":4,"star":2,"crossRank":false,"prevSet":1201,"materials":[["item",208010324,36],["item",208010404,28]]}},
{"id":"equipment_set:22201","key":[22201,5],"value":{"set":2201,"class":2,"rank":5,"type":2,"quality":4,"star":2,"crossRank":false,"prevSet":1201,"materials":[["item",208010325,36],["item",208010405,28]]}},
{"id":"equipment_set:22201","key":[22201,6],"value":{"set":2201,"class":2,"rank":5,"type":2,"quality":4,"star":2,"crossRank":false,"prevSet":1201,"materials":[["item",208010326,36],["item",208010406,28]]}},
{"id":"equipment_set:22202","key":[22202,1],"value":{"set":2202,"class":2,"rank":6,"type":2,"quality":4,"star":2,"crossRank":false,"prevSet":1202,"materials":[["item",208010321,47],["item",208010401,38]]}},
{"id":"equipment_set:22202","key":[22202,2],"value":{"set":2202,"class":2,"rank":6,"type":2,"quality":4,"star":2,"crossRank":false,"prevSet":1202,"materials":[["item",208010322,47],["item",208010402,38]]}},
{"id":"equipment_set:22202","key":[22202,3],"value":{"set":2202,"class":2,"rank":6,"type":2,"quality":4,"star":2,"crossRank":false,"prevSet":1202,"materials":[["item",208010323,47],["item",208010403,38]]}},
{"id":"equipment_set:22202","key":[22202,4],"value":{"set":2202,"class":2,"rank":6,"type":2,"quality":4,"star":2,"crossRank":false,"prevSet":1202,"materials":[["item",208010324,47],["item",208010404,38]]}},
{"id":"equipment_set:22202","key":[22202,5],"value":{"set":2202,"class":2,"rank":6,"type":2,"quality":4,"star":2,"crossRank":false,"prevSet":1202,"materials":[["item",208010325,47],["item",208010405,38]]}},
{"id":"equipment_set:22202","key":[22202,6],"value":{"set":2202,"class":2,"rank":6,"type":2,"quality":4,"star":2,"crossRank":false,"prevSet":1202,"materials":[["item",208010326,47],["item",208010406,38]]}},
{"id":"equipment_set:22203","key":[22203,1],"value":{"set":2203,"class":2,"rank":7,"type":2,"quality":4,"star":2,"crossRank":false,"prevSet":1203,"materials":[["item",208010321,81],["item",208010401,65]]}},
{"id":"equipment_set:22203","key":[22203,2],"value":{"set":2203,"class":2,"rank":7,"type":2,"quality":4,"star":2,"crossRank":false,"prevSet":1203,"materials":[["item",208010322,81],["item",208010402,65]]}},
{"id":"equipment_set:22203","key":[22203,3],"value":{"set":2203,"class":2,"rank":7,"type":2,"quality":4,"star":2,"crossRank":false,"prevSet":1203,"materials":[["item",208010323,81],["item",208010403,65]]}},
{"id":"equipment_set:22203","key":[22203,4],"value":{"set":2203,"class":2,"rank":7,"type":2,"quality":4,"star":2,"crossRank":false,"prevSet":1203,"materials":[["item",208010324,81],["item",208010404,65]]}},
{"id":"equipment_set:22203","key":[22203,5],"value":{"set":2203,"class":2,"rank":7,"type":2,"quality":4,"star":2,"crossRank":false,"prevSet":1203,"materials":[["item",208010325,81],["item",208010405,65]]}},
{"id":"equipment_set:22203","key":[22203,6],"value":{"set":2203,"class":2,"rank":7,"type":2,"quality":4,"star":2,"crossRank":false,"prevSet":1203,"materials":[["item",208010326,81],["item",208010406,65]]}},
{"id":"equipment_set:22204","key":[22204,1],"value":{"set":2204,"class":2,"rank":8,"type":2,"quality":4,"star":2,"crossRank":false,"prevSet":1204,"materials":[["item",208010321,139],["item",208010401,111]]}},
{"id":"equipment_set:22204","key":[22204,2],"value":{"set":2204,"class":2,"rank":8,"type":2,"quality":4,"star":2,"crossRank":false,"prevSet":1204,"materials":[["item",208010322,139],["item",208010402,111]]}},
{"id":"equipment_set:22204","key":[22204,3],"value":{"set":2204,"class":2,"rank":8,"type":2,"quality":4,"star":2,"crossRank":false,"prevSet":1204,"materials":[["item",208010323,139],["item",208010403,111]]}},
{"id":"equipment_set:22204","key":[22204,4],"value":{"set":2204,"class":2,"rank":8,"type":2,"quality":4,"star":2,"crossRank":false,"prevSet":1204,"materials":[["item",208010324,139],["item",208010404,111]]}},
{"id":"equipment_set:22204","key":[22204,5],"value":{"set":2204,"class":2,"rank":8,"type":2,"quality":4,"star":2,"crossRank":false,"prevSet":1204,"materials":[["item",208010325,139],["item",208010405,111]]}},
{"id":"equipment_set:22204","key":[22204,6],"value":{"set":2204,"class":2,"rank":8,"type":2,"quality":4,"star":2,"crossRank":false,"prevSet":1204,"materials":[["item",208010326,139],["item",208010406,111]]}},
{"id":"equipment_set:22205","key":[22205,1],"value":{"set":2205,"class":2,"rank":9,"type":2,"quality":4,"star":2,"crossRank":false,"prevSet":1205,"materials":[["item",208010321,238],["item",208010401,181]]}},
{"id":"equipment_set:22205","key":[22205,2],"value":{"set":2205,"class":2,"rank":9,"type":2,"quality":4,"star":2,"crossRank":false,"prevSet":1205,"materials":[["item",208010322,238],["item",208010402,181]]}},
{"id":"equipment_set:22205","key":[22205,3],"value":{"set":2205,"class":2,"rank":9,"type":2,"quality":4,"star":2,"crossRank":false,"prevSet":1205,"materials":[["item",208010323,238],["item",208010403,181]]}},
{"id":"equipment_set:22205","key":[22205,4],"value":{"set":2205,"class":2,"rank":9,"type":2,"quality":4,"star":2,"crossRank":false,"prevSet":1205,"materials":[["item",208010324,238],["item",208010404,181]]}},
{"id":"equipment_set:22205","key":[22205,5],"value":{"set":2205,"class":2,"rank":9,"type":2,"quality":4,"star":2,"crossRank":false,"prevSet":1205,"materials":[["item",208010325,238],["item",208010405,181]]}},
{"id":"equipment_set:22205","key":[22205,6],"value":{"set":2205,"class":2,"rank":9,"type":2,"quality":4,"star":2,"crossRank":false,"prevSet":1205,"materials":[["item",208010326,238],["item",208010406,181]]}},
{"id":"equipment_set:22206","key":[22206,1],"value":{"set":2206,"class":2,"rank":10,"type":2,"quality":4,"star":2,"crossRank":false,"prevSet":1206,"materials":[["item",208010321,410],["item",208010401,206],["item",208010461,3]]}},
{"id":"equipment_set:22206","key":[22206,2],"value":{"set":2206,"class":2,"rank":10,"type":2,"quality":4,"star":2,"crossRank":false,"prevSet":1206,"materials":[["item",208010322,410],["item",208010402,206],["item",208010461,3]]}},
{"id":"equipment_set:22206","key":[22206,3],"value":{"set":2206,"class":2,"rank":10,"type":2,"quality":4,"star":2,"crossRank":false,"prevSet":1206,"materials":[["item",208010323,410],["item",208010403,206],["item",208010461,3]]}},
{"id":"equipment_set:22206","key":[22206,4],"value":{"set":2206,"class":2,"rank":10,"type":2,"quality":4,"star":2,"crossRank":false,"prevSet":1206,"materials":[["item",208010324,410],["item",208010404,206],["item",208010461,3]]}},
{"id":"equipment_set:22206","key":[22206,5],"value":{"set":2206,"class":2,"rank":10,"type":2,"quality":4,"star":2,"crossRank":false,"prevSet":1206,"materials":[["item",208010325,410],["item",208010405,206],["item",208010461,3]]}},
{"id":"equipment_set:22206","key":[22206,6],"value":{"set":2206,"class":2,"rank":10,"type":2,"quality":4,"star":2,"crossRank":false,"prevSet":1206,"materials":[["item",208010326,410],["item",208010406,206],["item",208010461,3]]}},
{"id":"equipment_set:22207","key":[22207,1],"value":{"set":2207,"class":2,"rank":11,"type":2,"quality":4,"star":2,"crossRank":false,"prevSet":1207,"materials":[["item",208010321,625],["item",208010401,349],["item",208010461,6]]}},
{"id":"equipment_set:22207","key":[22207,2],"value":{"set":2207,"class":2,"rank":11,"type":2,"quality":4,"star":2,"crossRank":false,"prevSet":1207,"materials":[["item",208010322,625],["item",208010402,349],["item",208010461,6]]}},
{"id":"equipment_set:22207","key":[22207,3],"value":{"set":2207,"class":2,"rank":11,"type":2,"quality":4,"star":2,"crossRank":false,"prevSet":1207,"materials":[["item",208010323,625],["item",208010403,349],["item",208010461,6]]}},
{"id":"equipment_set:22207","key":[22207,4],"value":{"set":2207,"class":2,"rank":11,"type":2,"quality":4,"star":2,"crossRank":false,"prevSet":1207,"materials":[["item",208010324,625],["item",208010404,349],["item",208010461,6]]}},
{"id":"equipment_set:22207","key":[22207,5],"value":{"set":2207,"class":2,"rank":11,"type":2,"quality":4,"star":2,"crossRank":false,"prevSet":1207,"materials":[["item",208010325,625],["item",208010405,349],["item",208010461,6]]}},
{"id":"equipment_set:22207","key":[22207,6],"value":{"set":2207,"class":2,"rank":11,"type":2,"quality":4,"star":2,"crossRank":false,"prevSet":1207,"materials":[["item",208010326,625],["item",208010406,349],["item",208010461,6]]}},
{"id":"equipment_set:22208","key":[22208,1],"value":{"set":2208,"class":2,"rank":12,"type":2,"quality":4,"star":2,"crossRank":false,"prevSet":1208,"materials":[["item",208010321,1100],["item",208010401,575],["item",208010461,9]]}},
{"id":"equipment_set:22208","key":[22208,2],"value":{"set":2208,"class":2,"rank":12,"type":2,"quality":4,"star":2,"crossRank":false,"prevSet":1208,"materials":[["item",208010322,1100],["item",208010402,575],["item",208010461,9]]}},
{"id":"equipment_set:22208","key":[22208,3],"value":{"set":2208,"class":2,"rank":12,"type":2,"quality":4,"star":2,"crossRank":false,"prevSet":1208,"materials":[["item",208010323,1100],["item",208010403,575],["item",208010461,9]]}},
{"id":"equipment_set:22208","key":[22208,4],"value":{"set":2208,"class":2,"rank":12,"type":2,"quality":4,"star":2,"crossRank":false,"prevSet":1208,"materials":[["item",208010324,1100],["item",208010404,575],["item",208010461,9]]}},
{"id":"equipment_set:22208","key":[22208,5],"value":{"set":2208,"class":2,"rank":12,"type":2,"quality":4,"star":2,"crossRank":false,"prevSet":1208,"materials":[["item",208010325,1100],["item",208010405,575],["item",208010461,9]]}},
{"id":"equipment_set:22208","key":[22208,6],"value":{"set":2208,"class":2,"rank":12,"type":2,"quality":4,"star":2,"crossRank":false,"prevSet":1208,"materials":[["item",208010326,1100],["item",208010406,575],["item",208010461,9]]}},
{"id":"equipment_set:31101","key":[31101,7],"value":{"set":1101,"class":3,"rank":5,"type":1,"quality":4,"star":1,"crossRank":true,"prevSet":null,"materials":[["item",208010301,36]]}},
{"id":"equipment_set:31101","key":[31101,8],"value":{"set":1101,"class":3,"rank":5,"type":1,"quality":4,"star":1,"crossRank":true,"prevSet":null,"materials":[["item",208010302,36]]}},
{"id":"equipment_set:31101","key":[31101,9],"value":{"set":1101,"class":3,"rank":5,"type":1,"quality":4,"star":1,"crossRank":true,"prevSet":null,"materials":[["item",208010303,36]]}},
{"id":"equipment_set:31101","key":[31101,10],"value":{"set":1101,"class":3,"rank":5,"type":1,"quality":4,"star":1,"crossRank":true,"prevSet":null,"materials":[["item",208010304,36]]}},
{"id":"equipment_set:31201","key":[31201,1],"value":{"set":1201,"class":3,"rank":5,"type":1,"quality":4,"star":1,"crossRank":false,"prevSet":null,"materials":[["item",208010331,36]]}},
{"id":"equipment_set:31201","key":[31201,2],"value":{"set":1201,"class":3,"rank":5,"type":1,"quality":4,"star":1,"crossRank":false,"prevSet":null,"materials":[["item",208010332,36]]}},
{"id":"equipment_set:31201","key":[31201,3],"value":{"set":1201,"class":3,"rank":5,"type":1,"quality":4,"star":1,"crossRank":false,"prevSet":null,"materials":[["item",208010333,36]]}},
{"id":"equipment_set:31201","key":[31201,4],"value":{"set":1201,"class":3,"rank":5,"type":1,"quality":4,"star":1,"crossRank":false,"prevSet":null,"materials":[["item",208010334,36]]}},
{"id":"equipment_set:31201","key":[31201,5],"value":{"set":1201,"class":3,"rank":5,"type":1,"quality":4,"star":1,"crossRank":false,"prevSet":null,"materials":[["item",208010335,36]]}},
{"id":"equipment_set:31201","key":[31201,6],"value":{"set":1201,"class":3,"rank":5,"type":1,"quality":4,"star":1,"crossRank":false,"prevSet":null,"materials":[["item",208010336,36]]}},
{"id":"equipment_set:31202","key":[31202,1],"value":{"set":1202,"class":3,"rank":6,"type":1,"quality":4,"star":1,"crossRank":false,"prevSet":null,"materials":[["item",208010331,47]]}},
{"id":"equipment_set:31202","key":[31202,2],"value":{"set":1202,"class":3,"rank":6,"type":1,"quality":4,"star":1,"crossRank":false,"prevSet":null,"materials":[["item",208010332,47]]}},
{"id":"equipment_set:31202","key":[31202,3],"value":{"set":1202,"class":3,"rank":6,"type":1,"quality":4,"star":1,"crossRank":false,"prevSet":null,"materials":[["item",208010333,47]]}},
{"id":"equipment_set:31202","key":[31202,4],"value":{"set":1202,"class":3,"rank":6,"type":1,"quality":4,"star":1,"crossRank":false,"prevSet":null,"materials":[["item",208010334,47]]}},
{"id":"equipment_set:31202","key":[31202,5],"value":{"set":1202,"class":3,"rank":6,"type":1,"quality":4,"star":1,"crossRank":false,"prevSet":null,"materials":[["item",208010335,47]]}},
{"id":"equipment_set:31202","key":[31202,6],"value":{"set":1202,"class":3,"rank":6,"type":1,"quality":4,"star":1,"crossRank":false,"prevSet":null,"materials":[["item",208010336,47]]}},
{"id":"equipment_set:31203","key":[31203,1],"value":{"set":1203,"class":3,"rank":7,"type":1,"quality":4,"star":1,"crossRank":false,"prevSet":null,"materials":[["item",208010331,81]]}},
{"id":"equipment_set:31203","key":[31203,2],"value":{"set":1203,"class":3,"rank":7,"type":1,"quality":4,"star":1,"crossRank":false,"prevSet":null,"materials":[["item",208010332,81]]}},
{"id":"equipment_set:31203","key":[31203,3],"value":{"set":1203,"class":3,"rank":7,"type":1,"quality":4,"star":1,"crossRank":false,"prevSet":null,"materials":[["item",208010333,81]]}},
{"id":"equipment_set:31203","key":[31203,4],"value":{"set":1203,"class":3,"rank":7,"type":1,"quality":4,"star":1,"crossRank":false,"prevSet":null,"materials":[["item",208010334,81]]}},
{"id":"equipment_set:31203","key":[31203,5],"value":{"set":1203,"class":3,"rank":7,"type":1,"quality":4,"star":1,"crossRank":false,"prevSet":null,"materials":[["item",208010335,81]]}},
{"id":"equipment_set:31203","key":[31203,6],"value":{"set":1203,"class":3,"rank":7,"type":1,"quality":4,"star":1,"crossRank":false,"prevSet":null,"materials":[["item",208010336,81]]}},
{"id":"equipment_set:31204","key":[31204,1],"value":{"set":1204,"class":3,"rank":8,"type":1,"quality":4,"star":1,"crossRank":false,"prevSet":null,"materials":[["item",208010331,139]]}},
{"id":"equipment_set:31204","key":[31204,2],"value":{"set":1204,"class":3,"rank":8,"type":1,"quality":4,"star":1,"crossRank":false,"prevSet":null,"materials":[["item",208010332,139]]}},
{"id":"equipment_set:31204","key":[31204,3],"value":{"set":1204,"class":3,"rank":8,"type":1,"quality":4,"star":1,"crossRank":false,"prevSet":null,"materials":[["item",208010333,139]]}},
{"id":"equipment_set:31204","key":[31204,4],"value":{"set":1204,"class":3,"rank":8,"type":1,"quality":4,"star":1,"crossRank":false,"prevSet":null,"materials":[["item",208010334,139]]}},
{"id":"equipment_set:31204","key":[31204,5],"value":{"set":1204,"class":3,"rank":8,"type":1,"quality":4,"star":1,"crossRank":false,"prevSet":null,"materials":[["item",208010335,139]]}},
{"id":"equipment_set:31204","key":[31204,6],"value":{"set":1204,"class":3,"rank":8,"type":1,"quality":4,"star":1,"crossRank":false,"prevSet":null,"materials":[["item",208010336,139]]}},
{"id":"equipment_set:31205","key":[31205,1],"value":{"set":1205,"class":3,"rank":9,"type":1,"quality":4,"star":1,"crossRank":false,"prevSet":null,"materials":[["item",208010331,238]]}},
{"id":"equipment_set:31205","key":[31205,2],"value":{"set":1205,"class":3,"rank":9,"type":1,"quality":4,"star":1,"crossRank":false,"prevSet":null,"materials":[["item",208010332,238]]}},
{"id":"equipment_set:31205","key":[31205,3],"value":{"set":1205,"class":3,"rank":9,"type":1,"quality":4,"star":1,"crossRank":false,"prevSet":null,"materials":[["item",208010333,238]]}},
{"id":"equipment_set:31205","key":[31205,4],"value":{"set":1205,"class":3,"rank":9,"type":1,"quality":4,"star":1,"crossRank":false,"prevSet":null,"materials":[["item",208010334,238]]}},
{"id":"equipment_set:31205","key":[31205,5],"value":{"set":1205,"class":3,"rank":9,"type":1,"quality":4,"star":1,"crossRank":false,"prevSet":null,"materials":[["item",208010335,238]]}},
{"id":"equipment_set:31205","key":[31205,6],"value":{"set":1205,"class":3,"rank":9,"type":1,"quality":4,"star":1,"crossRank":false,"prevSet":null,"materials":[["item",208010336,238]]}},
{"id":"equipment_set:31206","key":[31206,1],"value":{"set":1206,"class":3,"rank":10,"type":1,"quality":4,"star":1,"crossRank":false,"prevSet":null,"materials":[["item",208010331,410]]}},
{"id":"equipment_set:31206","key":[31206,2],"value":{"set":1206,"class":3,"rank":10,"type":1,"quality":4,"star":1,"crossRank":false,"prevSet":null,"materials":[["item",208010332,410]]}},
{"id":"equipment_set:31206","key":[31206,3],"value":{"set":1206,"class":3,"rank":10,"type":1,"quality":4,"star":1,"crossRank":false,"prevSet":null,"materials":[["item",208010333,410]]}},
{"id":"equipment_set:31206","key":[31206,4],"value":{"set":1206,"class":3,"rank":10,"type":1,"quality":4,"star":1,"crossRank":false,"prevSet":null,"materials":[["item",208010334,410]]}},
{"id":"equipment_set:31206","key":[31206,5],"value":{"set":1206,"class":3,"rank":10,"type":1,"quality":4,"star":1,"crossRank":false,"prevSet":null,"materials":[["item",208010335,410]]}},
{"id":"equipment_set:31206","key":[31206,6],"value":{"set":1206,"class":3,"rank":10,"type":1,"quality":4,"star":1,"crossRank":false,"prevSet":null,"materials":[["item",208010336,410]]}},
{"id":"equipment_set:31207","key":[31207,1],"value":{"set":1207,"class":3,"rank":11,"type":1,"quality":4,"star":1,"crossRank":false,"prevSet":null,"materials":[["item",208010331,625]]}},
{"id":"equipment_set:31207","key":[31207,2],"value":{"set":1207,"class":3,"rank":11,"type":1,"quality":4,"star":1,"crossRank":false,"prevSet":null,"materials":[["item",208010332,625]]}},
{"id":"equipment_set:31207","key":[31207,3],"value":{"set":1207,"class":3,"rank":11,"type":1,"quality":4,"star":1,"crossRank":false,"prevSet":null,"materials":[["item",208010333,625]]}},
{"id":"equipment_set:31207","key":[31207,4],"value":{"set":1207,"class":3,"rank":11,"type":1,"quality":4,"star":1,"crossRank":false,"prevSet":null,"materials":[["item",208010334,625]]}},
{"id":"equipment_set:31207","key":[31207,5],"value":{"set":1207,"class":3,"rank":11,"type":1,"quality":4,"star":1,"crossRank":false,"prevSet":null,"materials":[["item",208010335,625]]}},
{"id":"equipment_set:31207","key":[31207,6],"value":{"set":1207,"class":3,"rank":11,"type":1,"quality":4,"star":1,"crossRank":false,"prevSet":null,"materials":[["item",208010336,625]]}},
{"id":"equipment_set:31208","key":[31208,1],"value":{"set":1208,"class":3,"rank":12,"type":1,"quality":4,"star":1,"crossRank":false,"prevSet":null,"materials":[["item",208010331,1100]]}},
{"id":"equipment_set:31208","key":[31208,2],"value":{"set":1208,"class":3,"rank":12,"type":1,"quality":4,"star":1,"crossRank":false,"prevSet":null,"materials":[["item",208010332,1100]]}},
{"id":"equipment_set:31208","key":[31208,3],"value":{"set":1208,"class":3,"rank":12,"type":1,"quality":4,"star":1,"crossRank":false,"prevSet":null,"materials":[["item",208010333,1100]]}},
{"id":"equipment_set:31208","key":[31208,4],"value":{"set":1208,"class":3,"rank":12,"type":1,"quality":4,"star":1,"crossRank":false,"prevSet":null,"materials":[["item",208010334,1100]]}},
{"id":"equipment_set:31208","key":[31208,5],"value":{"set":1208,"class":3,"rank":12,"type":1,"quality":4,"star":1,"crossRank":false,"prevSet":null,"materials":[["item",208010335,1100]]}},
{"id":"equipment_set:31208","key":[31208,6],"value":{"set":1208,"class":3,"rank":12,"type":1,"quality":4,"star":1,"crossRank":false,"prevSet":null,"materials":[["item",208010336,1100]]}},
{"id":"equipment_set:32101","key":[32101,7],"value":{"set":2101,"class":3,"rank":5,"type":2,"quality":4,"star":2,"crossRank":true,"prevSet":1101,"materials":[["item",208010301,15],["item",208010407,15]]}},
{"id":"equipment_set:32101","key":[32101,8],"value":{"set":2101,"class":3,"rank":5,"type":2,"quality":4,"star":2,"crossRank":true,"prevSet":1101,"materials":[["item",208010302,15],["item",208010408,15]]}},
{"id":"equipment_set:32101","key":[32101,9],"value":{"set":2101,"class":3,"rank":5,"type":2,"quality":4,"star":2,"crossRank":true,"prevSet":1101,"materials":[["item",208010303,15],["item",208010409,15]]}},
{"id":"equipment_set:32101","key":[32101,10],"value":{"set":2101,"class":3,"rank":5,"type":2,"quality":4,"star":2,"crossRank":true,"prevSet":1101,"materials":[["item",208010304,15],["item",208010410,15]]}},
{"id":"equipment_set:32201","key":[32201,1],"value":{"set":2201,"class":3,"rank":5,"type":2,"quality":4,"star":2,"crossRank":false,"prevSet":1201,"materials":[["item",208010331,36],["item",208010401,28]]}},
{"id":"equipment_set:32201","key":[32201,2],"value":{"set":2201,"class":3,"rank":5,"type":2,"quality":4,"star":2,"crossRank":false,"prevSet":1201,"materials":[["item",208010332,36],["item",208010402,28]]}},
{"id":"equipment_set:32201","key":[32201,3],"value":{"set":2201,"class":3,"rank":5,"type":2,"quality":4,"star":2,"crossRank":false,"prevSet":1201,"materials":[["item",208010333,36],["item",208010403,28]]}},
{"id":"equipment_set:32201","key":[32201,4],"value":{"set":2201,"class":3,"rank":5,"type":2,"quality":4,"star":2,"crossRank":false,"prevSet":1201,"materials":[["item",208010334,36],["item",208010404,28]]}},
{"id":"equipment_set:32201","key":[32201,5],"value":{"set":2201,"class":3,"rank":5,"type":2,"quality":4,"star":2,"crossRank":false,"prevSet":1201,"materials":[["item",208010335,36],["item",208010405,28]]}},
{"id":"equipment_set:32201","key":[32201,6],"value":{"set":2201,"class":3,"rank":5,"type":2,"quality":4,"star":2,"crossRank":false,"prevSet":1201,"materials":[["item",208010336,36],["item",208010406,28]]}},
{"id":"equipment_set:32202","key":[32202,1],"value":{"set":2202,"class":3,"rank":6,"type":2,"quality":4,"star":2,"crossRank":false,"prevSet":1202,"materials":[["item",208010331,47],["item",208010401,38]]}},
{"id":"equipment_set:32202","key":[32202,2],"value":{"set":2202,"class":3,"rank":6,"type":2,"quality":4,"star":2,"crossRank":false,"prevSet":1202,"materials":[["item",208010332,47],["item",208010402,38]]}},
{"id":"equipment_set:32202","key":[32202,3],"value":{"set":2202,"class":3,"rank":6,"type":2,"quality":4,"star":2,"crossRank":false,"prevSet":1202,"materials":[["item",208010333,47],["item",208010403,38]]}},
{"id":"equipment_set:32202","key":[32202,4],"value":{"set":2202,"class":3,"rank":6,"type":2,"quality":4,"star":2,"crossRank":false,"prevSet":1202,"materials":[["item",208010334,47],["item",208010404,38]]}},
{"id":"equipment_set:32202","key":[32202,5],"value":{"set":2202,"class":3,"rank":6,"type":2,"quality":4,"star":2,"crossRank":false,"prevSet":1202,"materials":[["item",208010335,47],["item",208010405,38]]}},
{"id":"equipment_set:32202","key":[32202,6],"value":{"set":2202,"class":3,"rank":6,"type":2,"quality":4,"star":2,"crossRank":false,"prevSet":1202,"materials":[["item",208010336,47],["item",208010406,38]]}},
{"id":"equipment_set:32203","key":[32203,1],"value":{"set":2203,"class":3,"rank":7,"type":2,"quality":4,"star":2,"crossRank":false,"prevSet":1203,"materials":[["item",208010331,81],["item",208010401,65]]}},
{"id":"equipment_set:32203","key":[32203,2],"value":{"set":2203,"class":3,"rank":7,"type":2,"quality":4,"star":2,"crossRank":false,"prevSet":1203,"materials":[["item",208010332,81],["item",208010402,65]]}},
{"id":"equipment_set:32203","key":[32203,3],"value":{"set":2203,"class":3,"rank":7,"type":2,"quality":4,"star":2,"crossRank":false,"prevSet":1203,"materials":[["item",208010333,81],["item",208010403,65]]}},
{"id":"equipment_set:32203","key":[32203,4],"value":{"set":2203,"class":3,"rank":7,"type":2,"quality":4,"star":2,"crossRank":false,"prevSet":1203,"materials":[["item",208010334,81],["item",208010404,65]]}},
{"id":"equipment_set:32203","key":[32203,5],"value":{"set":2203,"class":3,"rank":7,"type":2,"quality":4,"star":2,"crossRank":false,"prevSet":1203,"materials":[["item",208010335,81],["item",208010405,65]]}},
{"id":"equipment_set:32203","key":[32203,6],"value":{"set":2203,"class":3,"rank":7,"type":2,"quality":4,"star":2,"crossRank":false,"prevSet":1203,"materials":[["item",208010336,81],["item",208010406,65]]}},
{"id":"equipment_set:32204","key":[32204,1],"value":{"set":2204,"class":3,"rank":8,"type":2,"quality":4,"star":2,"crossRank":false,"prevSet":1204,"materials":[["item",208010331,139],["item",208010401,111]]}},
{"id":"equipment_set:32204","key":[32204,2],"value":{"set":2204,"class":3,"rank":8,"type":2,"quality":4,"star":2,"crossRank":false,"prevSet":1204,"materials":[["item",208010332,139],["item",208010402,111]]}},
{"id":"equipment_set:32204","key":[32204,3],"value":{"set":2204,"class":3,"rank":8,"type":2,"quality":4,"star":2,"crossRank":false,"prevSet":1204,"materials":[["item",208010333,139],["item",208010403,111]]}},
{"id":"equipment_set:32204","key":[32204,4],"value":{"set":2204,"class":3,"rank":8,"type":2,"quality":4,"star":2,"crossRank":false,"prevSet":1204,"materials":[["item",208010334,139],["item",208010404,111]]}},
{"id":"equipment_set:32204","key":[32204,5],"value":{"set":2204,"class":3,"rank":8,"type":2,"quality":4,"star":2,"crossRank":false,"prevSet":1204,"materials":[["item",208010335,139],["item",208010405,111]]}},
{"id":"equipment_set:32204","key":[32204,6],"value":{"set":2204,"class":3,"rank":8,"type":2,"quality":4,"star":2,"crossRank":false,"prevSet":1204,"materials":[["item",208010336,139],["item",208010406,111]]}},
{"id":"equipment_set:32205","key":[32205,1],"value":{"set":2205,"class":3,"rank":9,"type":2,"quality":4,"star":2,"crossRank":false,"prevSet":1205,"materials":[["item",208010331,238],["item",208010401,181]]}},
{"id":"equipment_set:32205","key":[32205,2],"value":{"set":2205,"class":3,"rank":9,"type":2,"quality":4,"star":2,"crossRank":false,"prevSet":1205,"materials":[["item",208010332,238],["item",208010402,181]]}},
{"id":"equipment_set:32205","key":[32205,3],"value":{"set":2205,"class":3,"rank":9,"type":2,"quality":4,"star":2,"crossRank":false,"prevSet":1205,"materials":[["item",208010333,238],["item",208010403,181]]}},
{"id":"equipment_set:32205","key":[32205,4],"value":{"set":2205,"class":3,"rank":9,"type":2,"quality":4,"star":2,"crossRank":false,"prevSet":1205,"materials":[["item",208010334,238],["item",208010404,181]]}},
{"id":"equipment_set:32205","key":[32205,5],"value":{"set":2205,"class":3,"rank":9,"type":2,"quality":4,"star":2,"crossRank":false,"prevSet":1205,"materials":[["item",208010335,238],["item",208010405,181]]}},
{"id":"equipment_set:32205","key":[32205,6],"value":{"set":2205,"class":3,"rank":9,"type":2,"quality":4,"star":2,"crossRank":false,"prevSet":1205,"materials":[["item",208010336,238],["item",208010406,181]]}},
{"id":"equipment_set:32206","key":[32206,1],"value":{"set":2206,"class":3,"rank":10,"type":2,"quality":4,"star":2,"crossRank":false,"prevSet":1206,"materials":[["item",208010331,410],["item",208010401,206],["item",208010461,3]]}},
{"id":"equipment_set:32206","key":[32206,2],"value":{"set":2206,"class":3,"rank":10,"type":2,"quality":4,"star":2,"crossRank":false,"prevSet":1206,"materials":[["item",208010332,410],["item",208010402,206],["item",208010461,3]]}},
{"id":"equipment_set:32206","key":[32206,3],"value":{"set":2206,"class":3,"rank":10,"type":2,"quality":4,"star":2,"crossRank":false,"prevSet":1206,"materials":[["item",208010333,410],["item",208010403,206],["item",208010461,3]]}},
{"id":"equipment_set:32206","key":[32206,4],"value":{"set":2206,"class":3,"rank":10,"type":2,"quality":4,"star":2,"crossRank":false,"prevSet":1206,"materials":[["item",208010334,410],["item",208010404,206],["item",208010461,3]]}},
{"id":"equipment_set:32206","key":[32206,5],"value":{"set":2206,"class":3,"rank":10,"type":2,"quality":4,"star":2,"crossRank":false,"prevSet":1206,"materials":[["item",208010335,410],["item",208010405,206],["item",208010461,3]]}},
{"id":"equipment_set:32206","key":[32206,6],"value":{"set":2206,"class":3,"rank":10,"type":2,"quality":4,"star":2,"crossRank":false,"prevSet":1206,"materials":[["item",208010336,410],["item",208010406,206],["item",208010461,3]]}},
{"id":"equipment_set:32207","key":[32207,1],"value":{"set":2207,"class":3,"rank":11,"type":2,"quality":4,"star":2,"crossRank":false,"prevSet":1207,"materials":[["item",208010331,625],["item",208010401,349],["item",208010461,6]]}},
{"id":"equipment_set:32207","key":[32207,2],"value":{"set":2207,"class":3,"rank":11,"type":2,"quality":4,"star":2,"crossRank":false,"prevSet":1207,"materials":[["item",208010332,625],["item",208010402,349],["item",208010461,6]]}},
{"id":"equipment_set:32207","key":[32207,3],"value":{"set":2207,"class":3,"rank":11,"type":2,"quality":4,"star":2,"crossRank":false,"prevSet":1207,"materials":[["item",208010333,625],["item",208010403,349],["item",208010461,6]]}},
{"id":"equipment_set:32207","key":[32207,4],"value":{"set":2207,"class":3,"rank":11,"type":2,"quality":4,"star":2,"crossRank":false,"prevSet":1207,"materials":[["item",208010334,625],["item",208010404,349],["item",208010461,6]]}},
{"id":"equipment_set:32207","key":[32207,5],"value":{"set":2207,"class":3,"rank":11,"type":2,"quality":4,"star":2,"crossRank":false,"prevSet":1207,"materials":[["item",208010335,625],["item",208010405,349],["item",208010461,6]]}},
{"id":"equipment_set:32207","key":[32207,6],"value":{"set":2207,"class":3,"rank":11,"type":2,"quality":4,"star":2,"crossRank":false,"prevSet":1207,"materials":[["item",208010336,625],["item",208010406,349],["item",208010461,6]]}},
{"id":"equipment_set:32208","key":[32208,1],"value":{"set":2208,"class":3,"rank":12,"type":2,"quality":4,"star":2,"crossRank":false,"prevSet":1208,"materials":[["item",208010331,1100],["item",208010401,575],["item",208010461,9]]}},
{"id":"equipment_set:32208","key":[32208,2],"value":{"set":2208,"class":3,"rank":12,"type":2,"quality":4,"star":2,"crossRank":false,"prevSet":1208,"materials":[["item",208010332,1100],["item",208010402,575],["item",208010461,9]]}},
{"id":"equipment_set:32208","key":[32208,3],"value":{"set":2208,"class":3,"rank":12,"type":2,"quality":4,"star":2,"crossRank":false,"prevSet":1208,"materials":[["item",208010333,1100],["item",208010403,575],["item",208010461,9]]}},
{"id":"equipment_set:32208","key":[32208,4],"value":{"set":2208,"class":3,"rank":12,"type":2,"quality":4,"star":2,"crossRank":false,"prevSet":1208,"materials":[["item",208010334,1100],["item",208010404,575],["item",208010461,9]]}},
{"id":"equipment_set:32208","key":[32208,5],"value":{"set":2208,"class":3,"rank":12,"type":2,"quality":4,"star":2,"crossRank":false,"prevSet":1208,"materials":[["item",208010335,1100],["item",208010405,575],["item",208010461,9]]}},
{"id":"equipment_set:32208","key":[32208,6],"value":{"set":2208,"class":3,"rank":12,"type":2,"quality":4,"star":2,"crossRank":false,"prevSet":1208,"materials":[["item",208010336,1100],["item",208010406,575],["item",208010461,9]]}}
]}
