{"total_rows":30,"offset":0,"rows":[
{"id":"equipment_enhance","key":[1,1],"value":{"props":{"health":[62.72,5,50.4]}}},
{"id":"equipment_enhance","key":[1,2],"value":{"props":{"armor":[3.584,5,2.88],"resistance":[2.24,5,1.8]}}},
{"id":"equipment_enhance","key":[1,3],"value":{"props":{"armor":[1.792,5,1.44],"health":[53.76,5,43.2]}}},
{"id":"equipment_enhance","key":[1,4],"value":{"props":{"armor":[3.584,5,2.88],"resistance":[2.24,5,1.8]}}},
{"id":"equipment_enhance","key":[1,5],"value":{"props":{"health":[62.72,5,50.4]}}},
{"id":"equipment_enhance","key":[1,6],"value":{"props":{"minPhysicalAttack":[3.58,5,2.88],"maxPhysicalAttack":[3.58,5,2.88]}}},
{"id":"equipment_enhance","key":[1,7],"value":{"props":{"minPhysicalAttack":[3.58,5,2.88],"maxPhysicalAttack":[3.58,5,2.88],"minMagicAttack":[3.58,5,2.88],"maxMagicAttack":[3.58,5,2.88]}}},
{"id":"equipment_enhance","key":[1,8],"value":{"props":{"minPhysicalAttack":[3.58,5,2.88],"maxPhysicalAttack":[3.58,5,2.88],"minMagicAttack":[3.58,5,2.88],"maxMagicAttack":[3.58,5,2.88]}}},
{"id":"equipment_enhance","key":[1,9],"value":{"props":{"minPhysicalAttack":[3.58,5,2.88],"maxPhysicalAttack":[3.58,5,2.88],"minMagicAttack":[3.58,5,2.88],"maxMagicAttack":[3.58,5,2.88]}}},
{"id":"equipment_enhance","key":[1,10],"value":{"props":{"minPhysicalAttack":[3.58,5,2.88],"maxPhysicalAttack":[3.58,5,2.88],"minMagicAttack":[3.58,5,2.88],"maxMagicAttack":[3.58,5,2.88]}}},
{"id":"equipment_enhance","key":[2,1],"value":{"props":{"health":[62.72,5,50.4]}}},
{"id":"equipment_enhance","key":[2,2],"value":{"props":{"armor":[2.24,5,1.8],"resistance":[3.584,5,2.88]}}},
{"id":"equipment_enhance","key":[2,3],"value":{"props":{"resistance":[1.792,5,1.44],"health":[53.76,5,43.2]}}},
{"id":"equipment_enhance","key":[2,4],"value":{"props":{"armor":[2.24,5,1.8],"resistance":[3.584,5,2.88]}}},
{"id":"equipment_enhance","key":[2,5],"value":{"props":{"health":[62.72,5,50.4]}}},
{"id":"equipment_enhance","key":[2,6],"value":{"props":{"minMagicAttack":[3.58,5,2.88],"maxMagicAttack":[3.58,5,2.88]}}},
{"id":"equipment_enhance","key":[2,7],"value":{"props":{"minPhysicalAttack":[3.58,5,2.88],"maxPhysicalAttack":[3.58,5,2.88],"minMagicAttack":[3.58,5,2.88],"maxMagicAttack":[3.58,5,2.88]}}},
{"id":"equipment_enhance","key":[2,8],"value":{"props":{"minPhysicalAttack":[3.58,5,2.88],"maxPhysicalAttack":[3.58,5,2.88],"minMagicAttack":[3.58,5,2.88],"maxMagicAttack":[3.58,5,2.88]}}},
{"id":"equipment_enhance","key":[2,9],"value":{"props":{"minPhysicalAttack":[3.58,5,2.88],"maxPhysicalAttack":[3.58,5,2.88],"minMagicAttack":[3.58,5,2.88],"maxMagicAttack":[3.58,5,2.88]}}},
{"id":"equipment_enhance","key":[2,10],"value":{"props":{"minPhysicalAttack":[3.58,5,2.88],"maxPhysicalAttack":[3.58,5,2.88],"minMagicAttack":[3.58,5,2.88],"maxMagicAttack":[3.58,5,2.88]}}},
{"id":"equipment_enhance","key":[3,1],"value":{"props":{"health":[62.72,5,50.4]}}},
{"id":"equipment_enhance","key":[3,2],"value":{"props":{"armor":[3.584,5,2.88],"resistance":[2.24,5,1.8]}}},
{"id":"equipment_enhance","key":[3,3],"value":{"props":{"armor":[1.792,5,1.44],"health":[53.76,5,43.2]}}},
{"id":"equipment_enhance","key":[3,4],"value":{"props":{"armor":[3.584,5,2.88],"resistance":[2.24,5,1.8]}}},
{"id":"equipment_enhance","key":[3,5],"value":{"props":{"health":[62.72,5,50.4]}}},
{"id":"equipment_enhance","key":[3,6],"value":{"props":{"minPhysicalAttack":[3.58,5,2.88],"maxPhysicalAttack":[3.58,5,2.88]}}},
{"id":"equipment_enhance","key":[3,7],"value":{"props":{"minPhysicalAttack":[3.58,5,2.88],"maxPhysicalAttack":[3.58,5,2.88],"minMagicAttack":[3.58,5,2.88],"maxMagicAttack":[3.58,5,2.88]}}},
{"id":"equipment_enhance","key":[3,8],"value":{"props":{"minPhysicalAttack":[3.58,5,2.88],"maxPhysicalAttack":[3.58,5,2.88],"minMagicAttack":[3.58,5,2.88],"maxMagicAttack":[3.58,5,2.88]}}},
{"id":"equipment_enhance","key":[3,9],"value":{"props":{"minPhysicalAttack":[3.58,5,2.88],"maxPhysicalAttack":[3.58,5,2.88],"minMagicAttack":[3.58,5,2.88],"maxMagicAttack":[3.58,5,2.88]}}},
{"id":"equipment_enhance","key":[3,10],"value":{"props":{"minPhysicalAttack":[3.58,5,2.88],"maxPhysicalAttack":[3.58,5,2.88],"minMagicAttack":[3.58,5,2.88],"maxMagicAttack":[3.58,5,2.88]}}}
]}
