{"total_rows":50,"offset":0,"rows":[
{"id":"gem_types:101","key":[1,1],"value":205010100},
{"id":"gem_types:102","key":[1,2],"value":205010200},
{"id":"gem_types:103","key":[1,3],"value":205010300},
{"id":"gem_types:104","key":[1,4],"value":205010400},
{"id":"gem_types:105","key":[1,5],"value":205010500},
{"id":"gem_types:106","key":[1,6],"value":205010600},
{"id":"gem_types:107","key":[1,7],"value":205010700},
{"id":"gem_types:108","key":[1,8],"value":205010800},
{"id":"gem_types:109","key":[1,9],"value":205010900},
{"id":"gem_types:110","key":[1,10],"value":205011000},
{"id":"gem_types:201","key":[2,1],"value":205010100},
{"id":"gem_types:202","key":[2,2],"value":205010200},
{"id":"gem_types:203","key":[2,3],"value":205010300},
{"id":"gem_types:204","key":[2,4],"value":205010400},
{"id":"gem_types:205","key":[2,5],"value":205010500},
{"id":"gem_types:206","key":[2,6],"value":205010600},
{"id":"gem_types:207","key":[2,7],"value":205010700},
{"id":"gem_types:208","key":[2,8],"value":205010800},
{"id":"gem_types:209","key":[2,9],"value":205010900},
{"id":"gem_types:210","key":[2,10],"value":205011000},
{"id":"gem_types:301","key":[3,1],"value":205020100},
{"id":"gem_types:302","key":[3,2],"value":205020200},
{"id":"gem_types:303","key":[3,3],"value":205020300},
{"id":"gem_types:304","key":[3,4],"value":205020400},
{"id":"gem_types:305","key":[3,5],"value":205020500},
{"id":"gem_types:306","key":[3,6],"value":205020600},
{"id":"gem_types:307","key":[3,7],"value":205020700},
{"id":"gem_types:308","key":[3,8],"value":205020800},
{"id":"gem_types:309","key":[3,9],"value":205020900},
{"id":"gem_types:310","key":[3,10],"value":205021000},
{"id":"gem_types:401","key":[4,1],"value":205030100},
{"id":"gem_types:402","key":[4,2],"value":205030200},
{"id":"gem_types:403","key":[4,3],"value":205030300},
{"id":"gem_types:404","key":[4,4],"value":205030400},
{"id":"gem_types:405","key":[4,5],"value":205030500},
{"id":"gem_types:406","key":[4,6],"value":205030600},
{"id":"gem_types:407","key":[4,7],"value":205030700},
{"id":"gem_types:408","key":[4,8],"value":205030800},
{"id":"gem_types:409","key":[4,9],"value":205030900},
{"id":"gem_types:410","key":[4,10],"value":205031000},
{"id":"gem_types:501","key":[5,1],"value":205040100},
{"id":"gem_types:502","key":[5,2],"value":205040200},
{"id":"gem_types:503","key":[5,3],"value":205040300},
{"id":"gem_types:504","key":[5,4],"value":205040400},
{"id":"gem_types:505","key":[5,5],"value":205040500},
{"id":"gem_types:506","key":[5,6],"value":205040600},
{"id":"gem_types:507","key":[5,7],"value":205040700},
{"id":"gem_types:508","key":[5,8],"value":205040800},
{"id":"gem_types:509","key":[5,9],"value":205040900},
{"id":"gem_types:510","key":[5,10],"value":205041000}
]}
