{"total_rows":101,"offset":0,"rows":[
{"id":"talisman_ranks:1010","key":1010,"value":{"stage":1,"star":0,"requireExp":26,"exp":26,"stats":{"attack":30,"armor":15,"resistance":15,"health":300}}},
{"id":"talisman_ranks:1011","key":1011,"value":{"stage":1,"star":1,"requireExp":31,"exp":57,"stats":{"attack":32,"armor":16,"resistance":16,"health":320}}},
{"id":"talisman_ranks:1012","key":1012,"value":{"stage":1,"star":2,"requireExp":38,"exp":95,"stats":{"attack":36,"armor":18,"resistance":18,"health":360}}},
{"id":"talisman_ranks:1013","key":1013,"value":{"stage":1,"star":3,"requireExp":47,"exp":142,"stats":{"attack":38,"armor":19,"resistance":19,"health":380}}},
{"id":"talisman_ranks:1014","key":1014,"value":{"stage":1,"star":4,"requireExp":58,"exp":200,"stats":{"attack":42,"armor":21,"resistance":21,"health":420}}},
{"id":"talisman_ranks:1015","key":1015,"value":{"stage":1,"star":5,"requireExp":71,"exp":271,"stats":{"attack":46,"armor":23,"resistance":23,"health":460}}},
{"id":"talisman_ranks:1016","key":1016,"value":{"stage":1,"star":6,"requireExp":86,"exp":357,"stats":{"attack":48,"armor":24,"resistance":24,"health":480}}},
{"id":"talisman_ranks:1017","key":1017,"value":{"stage":1,"star":7,"requireExp":103,"exp":460,"stats":{"attack":52,"armor":26,"resistance":26,"health":520}}},
{"id":"talisman_ranks:1018","key":1018,"value":{"stage":1,"star":8,"requireExp":122,"exp":582,"stats":{"attack":54,"armor":27,"resistance":27,"health":540}}},
{"id":"talisman_ranks:1019","key":1019,"value":{"stage":1,"star":9,"requireExp":143,"exp":725,"stats":{"attack":58,"armor":29,"resistance":29,"health":580}}},
{"id":"talisman_ranks:1020","key":1020,"value":{"stage":2,"star":0,"unlockSpell":450100100,"requireExp":166,"exp":891,"stats":{"attack":114,"armor":57,"resistance":57,"health":1140}}},
{"id":"talisman_ranks:1021","key":1021,"value":{"stage":2,"star":1,"requireExp":191,"exp":1082,"stats":{"attack":120,"armor":60,"resistance":60,"health":1200}}},
{"id":"talisman_ranks:1022","key":1022,"value":{"stage":2,"star":2,"requireExp":218,"exp":1300,"stats":{"attack":126,"armor":63,"resistance":63,"health":1260}}},
{"id":"talisman_ranks:1023","key":1023,"value":{"stage":2,"star":3,"requireExp":247,"exp":1547,"stats":{"attack":132,"armor":66,"resistance":66,"health":1320}}},
{"id":"talisman_ranks:1024","key":1024,"value":{"stage":2,"star":4,"requireExp":278,"exp":1825,"stats":{"attack":138,"armor":69,"resistance":69,"health":1380}}},
{"id":"talisman_ranks:1025","key":1025,"value":{"stage":2,"star":5,"requireExp":311,"exp":2136,"stats":{"attack":144,"armor":72,"resistance":72,"health":1440}}},
{"id":"talisman_ranks:1026","key":1026,"value":{"stage":2,"star":6,"requireExp":346,"exp":2482,"stats":{"attack":150,"armor":75,"resistance":75,"health":1500}}},
{"id":"talisman_ranks:1027","key":1027,"value":{"stage":2,"star":7,"requireExp":383,"exp":2865,"stats":{"attack":156,"armor":78,"resistance":78,"health":1560}}},
{"id":"talisman_ranks:1028","key":1028,"value":{"stage":2,"star":8,"requireExp":422,"exp":3287,"stats":{"attack":162,"armor":81,"resistance":81,"health":1620}}},
{"id":"talisman_ranks:1029","key":1029,"value":{"stage":2,"star":9,"requireExp":463,"exp":3750,"stats":{"attack":168,"armor":84,"resistance":84,"health":1680}}},
{"id":"talisman_ranks:1030","key":1030,"value":{"stage":3,"star":0,"requireExp":506,"exp":4256,"stats":{"attack":252,"armor":126,"resistance":126,"health":2520}}},
{"id":"talisman_ranks:1031","key":1031,"value":{"stage":3,"star":1,"requireExp":551,"exp":4807,"stats":{"attack":260,"armor":130,"resistance":130,"health":2600}}},
{"id":"talisman_ranks:1032","key":1032,"value":{"stage":3,"star":2,"requireExp":598,"exp":5405,"stats":{"attack":270,"armor":135,"resistance":135,"health":2700}}},
{"id":"talisman_ranks:1033","key":1033,"value":{"stage":3,"star":3,"requireExp":647,"exp":6052,"stats":{"attack":278,"armor":139,"resistance":139,"health":2780}}},
{"id":"talisman_ranks:1034","key":1034,"value":{"stage":3,"star":4,"requireExp":698,"exp":6750,"stats":{"attack":288,"armor":144,"resistance":144,"health":2880}}},
{"id":"talisman_ranks:1035","key":1035,"value":{"stage":3,"star":5,"requireExp":751,"exp":7501,"stats":{"attack":298,"armor":149,"resistance":149,"health":2980}}},
{"id":"talisman_ranks:1036","key":1036,"value":{"stage":3,"star":6,"requireExp":806,"exp":8307,"stats":{"attack":306,"armor":153,"resistance":153,"health":3060}}},
{"id":"talisman_ranks:1037","key":1037,"value":{"stage":3,"star":7,"requireExp":863,"exp":9170,"stats":{"attack":316,"armor":158,"resistance":158,"health":3160}}},
{"id":"talisman_ranks:1038","key":1038,"value":{"stage":3,"star":8,"requireExp":922,"exp":10092,"stats":{"attack":324,"armor":162,"resistance":162,"health":3240}}},
{"id":"talisman_ranks:1039","key":1039,"value":{"stage":3,"star":9,"requireExp":983,"exp":11075,"stats":{"attack":334,"armor":167,"resistance":167,"health":3340}}},
{"id":"talisman_ranks:1040","key":1040,"value":{"stage":4,"star":0,"requireExp":1046,"exp":12121,"stats":{"attack":444,"armor":222,"resistance":222,"health":4440}}},
{"id":"talisman_ranks:1041","key":1041,"value":{"stage":4,"star":1,"requireExp":1111,"exp":13232,"stats":{"attack":456,"armor":228,"resistance":228,"health":4560}}},
{"id":"talisman_ranks:1042","key":1042,"value":{"stage":4,"star":2,"requireExp":1178,"exp":14410,"stats":{"attack":468,"armor":234,"resistance":234,"health":4680}}},
{"id":"talisman_ranks:1043","key":1043,"value":{"stage":4,"star":3,"requireExp":1247,"exp":15657,"stats":{"attack":480,"armor":240,"resistance":240,"health":4800}}},
{"id":"talisman_ranks:1044","key":1044,"value":{"stage":4,"star":4,"requireExp":1318,"exp":16975,"stats":{"attack":492,"armor":246,"resistance":246,"health":4920}}},
{"id":"talisman_ranks:1045","key":1045,"value":{"stage":4,"star":5,"requireExp":1391,"exp":18366,"stats":{"attack":504,"armor":252,"resistance":252,"health":5040}}},
{"id":"talisman_ranks:1046","key":1046,"value":{"stage":4,"star":6,"requireExp":1466,"exp":19832,"stats":{"attack":516,"armor":258,"resistance":258,"health":5160}}},
{"id":"talisman_ranks:1047","key":1047,"value":{"stage":4,"star":7,"requireExp":1543,"exp":21375,"stats":{"attack":528,"armor":264,"resistance":264,"health":5280}}},
{"id":"talisman_ranks:1048","key":1048,"value":{"stage":4,"star":8,"requireExp":1622,"exp":22997,"stats":{"attack":540,"armor":270,"resistance":270,"health":5400}}},
{"id":"talisman_ranks:1049","key":1049,"value":{"stage":4,"star":9,"requireExp":1703,"exp":24700,"stats":{"attack":552,"armor":276,"resistance":276,"health":5520}}},
{"id":"talisman_ranks:1050","key":1050,"value":{"stage":5,"star":0,"requireExp":1786,"exp":26486,"stats":{"attack":690,"armor":345,"resistance":345,"health":6900}}},
{"id":"talisman_ranks:1051","key":1051,"value":{"stage":5,"star":1,"requireExp":1871,"exp":28357,"stats":{"attack":704,"armor":352,"resistance":352,"health":7040}}},
{"id":"talisman_ranks:1052","key":1052,"value":{"stage":5,"star":2,"requireExp":1958,"exp":30315,"stats":{"attack":720,"armor":360,"resistance":360,"health":7200}}},
{"id":"talisman_ranks:1053","key":1053,"value":{"stage":5,"star":3,"requireExp":2047,"exp":32362,"stats":{"attack":734,"armor":367,"resistance":367,"health":7340}}},
{"id":"talisman_ranks:1054","key":1054,"value":{"stage":5,"star":4,"requireExp":2138,"exp":34500,"stats":{"attack":750,"armor":375,"resistance":375,"health":7500}}},
{"id":"talisman_ranks:1055","key":1055,"value":{"stage":5,"star":5,"requireExp":2231,"exp":36731,"stats":{"attack":766,"armor":383,"resistance":383,"health":7660}}},
{"id":"talisman_ranks:1056","key":1056,"value":{"stage":5,"star":6,"requireExp":2326,"exp":39057,"stats":{"attack":780,"armor":390,"resistance":390,"health":7800}}},
{"id":"talisman_ranks:1057","key":1057,"value":{"stage":5,"star":7,"requireExp":2423,"exp":41480,"stats":{"attack":796,"armor":398,"resistance":398,"health":7960}}},
{"id":"talisman_ranks:1058","key":1058,"value":{"stage":5,"star":8,"requireExp":2522,"exp":44002,"stats":{"attack":810,"armor":405,"resistance":405,"health":8100}}},
{"id":"talisman_ranks:1059","key":1059,"value":{"stage":5,"star":9,"requireExp":2623,"exp":46625,"stats":{"attack":826,"armor":413,"resistance":413,"health":8260}}},
{"id":"talisman_ranks:1060","key":1060,"value":{"stage":6,"star":0,"unlockSpell":450100200,"requireExp":2726,"exp":49351,"stats":{"attack":990,"armor":495,"resistance":495,"health":9900}}},
{"id":"talisman_ranks:1061","key":1061,"value":{"stage":6,"star":1,"requireExp":2831,"exp":52182,"stats":{"attack":1008,"armor":504,"resistance":504,"health":10080}}},
{"id":"talisman_ranks:1062","key":1062,"value":{"stage":6,"star":2,"requireExp":2938,"exp":55120,"stats":{"attack":1026,"armor":513,"resistance":513,"health":10260}}},
{"id":"talisman_ranks:1063","key":1063,"value":{"stage":6,"star":3,"requireExp":3047,"exp":58167,"stats":{"attack":1044,"armor":522,"resistance":522,"health":10440}}},
{"id":"talisman_ranks:1064","key":1064,"value":{"stage":6,"star":4,"requireExp":3158,"exp":61325,"stats":{"attack":1062,"armor":531,"resistance":531,"health":10620}}},
{"id":"talisman_ranks:1065","key":1065,"value":{"stage":6,"star":5,"requireExp":3271,"exp":64596,"stats":{"attack":1080,"armor":540,"resistance":540,"health":10800}}},
{"id":"talisman_ranks:1066","key":1066,"value":{"stage":6,"star":6,"requireExp":3386,"exp":67982,"stats":{"attack":1098,"armor":549,"resistance":549,"health":10980}}},
{"id":"talisman_ranks:1067","key":1067,"value":{"stage":6,"star":7,"requireExp":3503,"exp":71485,"stats":{"attack":1116,"armor":558,"resistance":558,"health":11160}}},
{"id":"talisman_ranks:1068","key":1068,"value":{"stage":6,"star":8,"requireExp":3622,"exp":75107,"stats":{"attack":1134,"armor":567,"resistance":567,"health":11340}}},
{"id":"talisman_ranks:1069","key":1069,"value":{"stage":6,"star":9,"requireExp":3743,"exp":78850,"stats":{"attack":1152,"armor":576,"resistance":576,"health":11520}}},
{"id":"talisman_ranks:1070","key":1070,"value":{"stage":7,"star":0,"requireExp":3866,"exp":82716,"stats":{"attack":1344,"armor":672,"resistance":672,"health":13440}}},
{"id":"talisman_ranks:1071","key":1071,"value":{"stage":7,"star":1,"requireExp":3991,"exp":86707,"stats":{"attack":1364,"armor":682,"resistance":682,"health":13640}}},
{"id":"talisman_ranks:1072","key":1072,"value":{"stage":7,"star":2,"requireExp":4118,"exp":90825,"stats":{"attack":1386,"armor":693,"resistance":693,"health":13860}}},
{"id":"talisman_ranks:1073","key":1073,"value":{"stage":7,"star":3,"requireExp":4247,"exp":95072,"stats":{"attack":1406,"armor":703,"resistance":703,"health":14060}}},
{"id":"talisman_ranks:1074","key":1074,"value":{"stage":7,"star":4,"requireExp":4378,"exp":99450,"stats":{"attack":1428,"armor":714,"resistance":714,"health":14280}}},
{"id":"talisman_ranks:1075","key":1075,"value":{"stage":7,"star":5,"requireExp":4511,"exp":103961,"stats":{"attack":1450,"armor":725,"resistance":725,"health":14500}}},
{"id":"talisman_ranks:1076","key":1076,"value":{"stage":7,"star":6,"requireExp":4646,"exp":108607,"stats":{"attack":1470,"armor":735,"resistance":735,"health":14700}}},
{"id":"talisman_ranks:1077","key":1077,"value":{"stage":7,"star":7,"requireExp":4783,"exp":113390,"stats":{"attack":1492,"armor":746,"resistance":746,"health":14920}}},
{"id":"talisman_ranks:1078","key":1078,"value":{"stage":7,"star":8,"requireExp":4922,"exp":118312,"stats":{"attack":1512,"armor":756,"resistance":756,"health":15120}}},
{"id":"talisman_ranks:1079","key":1079,"value":{"stage":7,"star":9,"requireExp":5063,"exp":123375,"stats":{"attack":1534,"armor":767,"resistance":767,"health":15340}}},
{"id":"talisman_ranks:1080","key":1080,"value":{"stage":8,"star":0,"unlockSpell":450100300,"requireExp":5206,"exp":128581,"stats":{"attack":1752,"armor":876,"resistance":876,"health":17520}}},
{"id":"talisman_ranks:1081","key":1081,"value":{"stage":8,"star":1,"requireExp":5351,"exp":133932,"stats":{"attack":1776,"armor":888,"resistance":888,"health":17760}}},
{"id":"talisman_ranks:1082","key":1082,"value":{"stage":8,"star":2,"requireExp":5498,"exp":139430,"stats":{"attack":1800,"armor":900,"resistance":900,"health":18000}}},
{"id":"talisman_ranks:1083","key":1083,"value":{"stage":8,"star":3,"requireExp":5647,"exp":145077,"stats":{"attack":1824,"armor":912,"resistance":912,"health":18240}}},
{"id":"talisman_ranks:1084","key":1084,"value":{"stage":8,"star":4,"requireExp":5798,"exp":150875,"stats":{"attack":1848,"armor":924,"resistance":924,"health":18480}}},
{"id":"talisman_ranks:1085","key":1085,"value":{"stage":8,"star":5,"requireExp":5951,"exp":156826,"stats":{"attack":1872,"armor":936,"resistance":936,"health":18720}}},
{"id":"talisman_ranks:1086","key":1086,"value":{"stage":8,"star":6,"requireExp":6106,"exp":162932,"stats":{"attack":1896,"armor":948,"resistance":948,"health":18960}}},
{"id":"talisman_ranks:1087","key":1087,"value":{"stage":8,"star":7,"requireExp":6263,"exp":169195,"stats":{"attack":1920,"armor":960,"resistance":960,"health":19200}}},
{"id":"talisman_ranks:1088","key":1088,"value":{"stage":8,"star":8,"requireExp":6422,"exp":175617,"stats":{"attack":1944,"armor":972,"resistance":972,"health":19440}}},
{"id":"talisman_ranks:1089","key":1089,"value":{"stage":8,"star":9,"requireExp":6583,"exp":182200,"stats":{"attack":1968,"armor":984,"resistance":984,"health":19680}}},
{"id":"talisman_ranks:1090","key":1090,"value":{"stage":9,"star":0,"requireExp":6746,"exp":188946,"stats":{"attack":2214,"armor":1107,"resistance":1107,"health":22140}}},
{"id":"talisman_ranks:1091","key":1091,"value":{"stage":9,"star":1,"requireExp":6911,"exp":195857,"stats":{"attack":2240,"armor":1120,"resistance":1120,"health":22400}}},
{"id":"talisman_ranks:1092","key":1092,"value":{"stage":9,"star":2,"requireExp":7078,"exp":202935,"stats":{"attack":2268,"armor":1134,"resistance":1134,"health":22680}}},
{"id":"talisman_ranks:1093","key":1093,"value":{"stage":9,"star":3,"requireExp":7247,"exp":210182,"stats":{"attack":2294,"armor":1147,"resistance":1147,"health":22940}}},
{"id":"talisman_ranks:1094","key":1094,"value":{"stage":9,"star":4,"requireExp":7418,"exp":217600,"stats":{"attack":2322,"armor":1161,"resistance":1161,"health":23220}}},
{"id":"talisman_ranks:1095","key":1095,"value":{"stage":9,"star":5,"requireExp":7591,"exp":225191,"stats":{"attack":2350,"armor":1175,"resistance":1175,"health":23500}}},
{"id":"talisman_ranks:1096","key":1096,"value":{"stage":9,"star":6,"requireExp":7766,"exp":232957,"stats":{"attack":2376,"armor":1188,"resistance":1188,"health":23760}}},
{"id":"talisman_ranks:1097","key":1097,"value":{"stage":9,"star":7,"requireExp":7943,"exp":240900,"stats":{"attack":2404,"armor":1202,"resistance":1202,"health":24040}}},
{"id":"talisman_ranks:1098","key":1098,"value":{"stage":9,"star":8,"requireExp":8122,"exp":249022,"stats":{"attack":2430,"armor":1215,"resistance":1215,"health":24300}}},
{"id":"talisman_ranks:1099","key":1099,"value":{"stage":9,"star":9,"requireExp":8303,"exp":257325,"stats":{"attack":2458,"armor":1229,"resistance":1229,"health":24580}}},
{"id":"talisman_ranks:1100","key":1100,"value":{"stage":10,"star":0,"requireExp":8486,"exp":265811,"stats":{"attack":2730,"armor":1365,"resistance":1365,"health":27300}}},
{"id":"talisman_ranks:1101","key":1101,"value":{"stage":10,"star":1,"requireExp":8671,"exp":274482,"stats":{"attack":2760,"armor":1380,"resistance":1380,"health":27600}}},
{"id":"talisman_ranks:1102","key":1102,"value":{"stage":10,"star":2,"requireExp":8858,"exp":283340,"stats":{"attack":2790,"armor":1395,"resistance":1395,"health":27900}}},
{"id":"talisman_ranks:1103","key":1103,"value":{"stage":10,"star":3,"requireExp":9047,"exp":292387,"stats":{"attack":2820,"armor":1410,"resistance":1410,"health":28200}}},
{"id":"talisman_ranks:1104","key":1104,"value":{"stage":10,"star":4,"requireExp":9238,"exp":301625,"stats":{"attack":2850,"armor":1425,"resistance":1425,"health":28500}}},
{"id":"talisman_ranks:1105","key":1105,"value":{"stage":10,"star":5,"requireExp":9431,"exp":311056,"stats":{"attack":2880,"armor":1440,"resistance":1440,"health":28800}}},
{"id":"talisman_ranks:1106","key":1106,"value":{"stage":10,"star":6,"requireExp":9626,"exp":320682,"stats":{"attack":2910,"armor":1455,"resistance":1455,"health":29100}}},
{"id":"talisman_ranks:1107","key":1107,"value":{"stage":10,"star":7,"requireExp":9823,"exp":330505,"stats":{"attack":2940,"armor":1470,"resistance":1470,"health":29400}}},
{"id":"talisman_ranks:1108","key":1108,"value":{"stage":10,"star":8,"requireExp":10022,"exp":340527,"stats":{"attack":2970,"armor":1485,"resistance":1485,"health":29700}}},
{"id":"talisman_ranks:1109","key":1109,"value":{"stage":10,"star":9,"requireExp":10223,"exp":350750,"stats":{"attack":3000,"armor":1500,"resistance":1500,"health":30000}}},
{"id":"talisman_ranks:1110","key":1110,"value":{"stage":10,"star":10,"requireExp":-1,"exp":350750,"stats":{"attack":3000,"armor":1500,"resistance":1500,"health":30000}}}
]}
