{"total_rows":240,"offset":0,"rows":[
{"id":"equipment_recipe:12051","key":12051,"value":{"equipmentId":201110505,"star":2,"materials":{"quality":4,"star":2},"chances":[75,85,100],"unlockLevel":120}},
{"id":"equipment_recipe:12052","key":12052,"value":{"equipmentId":201120505,"star":2,"materials":{"quality":4,"star":2},"chances":[75,85,100],"unlockLevel":120}},
{"id":"equipment_recipe:12053","key":12053,"value":{"equipmentId":201130505,"star":2,"materials":{"quality":4,"star":2},"chances":[75,85,100],"unlockLevel":120}},
{"id":"equipment_recipe:12054","key":12054,"value":{"equipmentId":201140505,"star":2,"materials":{"quality":4,"star":2},"chances":[75,85,100],"unlockLevel":120}},
{"id":"equipment_recipe:12055","key":12055,"value":{"equipmentId":201150505,"star":2,"materials":{"quality":4,"star":2},"chances":[75,85,100],"unlockLevel":120}},
{"id":"equipment_recipe:12056","key":12056,"value":{"equipmentId":201160505,"star":2,"materials":{"quality":4,"star":2},"chances":[75,85,100],"unlockLevel":120}},
{"id":"equipment_recipe:12061","key":12061,"value":{"equipmentId":201110605,"star":2,"materials":{"quality":4,"star":2},"chances":[75,85,100],"unlockLevel":150}},
{"id":"equipment_recipe:12062","key":12062,"value":{"equipmentId":201120605,"star":2,"materials":{"quality":4,"star":2},"chances":[75,85,100],"unlockLevel":150}},
{"id":"equipment_recipe:12063","key":12063,"value":{"equipmentId":201130605,"star":2,"materials":{"quality":4,"star":2},"chances":[75,85,100],"unlockLevel":150}},
{"id":"equipment_recipe:12064","key":12064,"value":{"equipmentId":201140605,"star":2,"materials":{"quality":4,"star":2},"chances":[75,85,100],"unlockLevel":150}},
{"id":"equipment_recipe:12065","key":12065,"value":{"equipmentId":201150605,"star":2,"materials":{"quality":4,"star":2},"chances":[75,85,100],"unlockLevel":150}},
{"id":"equipment_recipe:12066","key":12066,"value":{"equipmentId":201160605,"star":2,"materials":{"quality":4,"star":2},"chances":[75,85,100],"unlockLevel":150}},
{"id":"equipment_recipe:12071","key":12071,"value":{"equipmentId":201110705,"star":2,"materials":{"quality":4,"star":2},"chances":[75,85,100],"unlockLevel":180}},
{"id":"equipment_recipe:12072","key":12072,"value":{"equipmentId":201120705,"star":2,"materials":{"quality":4,"star":2},"chances":[75,85,100],"unlockLevel":180}},
{"id":"equipment_recipe:12073","key":12073,"value":{"equipmentId":201130705,"star":2,"materials":{"quality":4,"star":2},"chances":[75,85,100],"unlockLevel":180}},
{"id":"equipment_recipe:12074","key":12074,"value":{"equipmentId":201140705,"star":2,"materials":{"quality":4,"star":2},"chances":[75,85,100],"unlockLevel":180}},
{"id":"equipment_recipe:12075","key":12075,"value":{"equipmentId":201150705,"star":2,"materials":{"quality":4,"star":2},"chances":[75,85,100],"unlockLevel":180}},
{"id":"equipment_recipe:12076","key":12076,"value":{"equipmentId":201160705,"star":2,"materials":{"quality":4,"star":2},"chances":[75,85,100],"unlockLevel":180}},
{"id":"equipment_recipe:12081","key":12081,"value":{"equipmentId":201110805,"star":2,"materials":{"quality":4,"star":2},"chances":[75,85,100],"unlockLevel":210}},
{"id":"equipment_recipe:12082","key":12082,"value":{"equipmentId":201120805,"star":2,"materials":{"quality":4,"star":2},"chances":[75,85,100],"unlockLevel":210}},
{"id":"equipment_recipe:12083","key":12083,"value":{"equipmentId":201130805,"star":2,"materials":{"quality":4,"star":2},"chances":[75,85,100],"unlockLevel":210}},
{"id":"equipment_recipe:12084","key":12084,"value":{"equipmentId":201140805,"star":2,"materials":{"quality":4,"star":2},"chances":[75,85,100],"unlockLevel":210}},
{"id":"equipment_recipe:12085","key":12085,"value":{"equipmentId":201150805,"star":2,"materials":{"quality":4,"star":2},"chances":[75,85,100],"unlockLevel":210}},
{"id":"equipment_recipe:12086","key":12086,"value":{"equipmentId":201160805,"star":2,"materials":{"quality":4,"star":2},"chances":[75,85,100],"unlockLevel":210}},
{"id":"equipment_recipe:12091","key":12091,"value":{"equipmentId":201110905,"star":2,"materials":{"quality":4,"star":2},"chances":[75,85,100],"unlockLevel":240}},
{"id":"equipment_recipe:12092","key":12092,"value":{"equipmentId":201120905,"star":2,"materials":{"quality":4,"star":2},"chances":[75,85,100],"unlockLevel":240}},
{"id":"equipment_recipe:12093","key":12093,"value":{"equipmentId":201130905,"star":2,"materials":{"quality":4,"star":2},"chances":[75,85,100],"unlockLevel":240}},
{"id":"equipment_recipe:12094","key":12094,"value":{"equipmentId":201140905,"star":2,"materials":{"quality":4,"star":2},"chances":[75,85,100],"unlockLevel":240}},
{"id":"equipment_recipe:12095","key":12095,"value":{"equipmentId":201150905,"star":2,"materials":{"quality":4,"star":2},"chances":[75,85,100],"unlockLevel":240}},
{"id":"equipment_recipe:12096","key":12096,"value":{"equipmentId":201160905,"star":2,"materials":{"quality":4,"star":2},"chances":[75,85,100],"unlockLevel":240}},
{"id":"equipment_recipe:12101","key":12101,"value":{"equipmentId":201111005,"star":2,"materials":{"quality":4,"star":2},"chances":[75,85,100],"unlockLevel":270}},
{"id":"equipment_recipe:12102","key":12102,"value":{"equipmentId":201121005,"star":2,"materials":{"quality":4,"star":2},"chances":[75,85,100],"unlockLevel":270}},
{"id":"equipment_recipe:12103","key":12103,"value":{"equipmentId":201131005,"star":2,"materials":{"quality":4,"star":2},"chances":[75,85,100],"unlockLevel":270}},
{"id":"equipment_recipe:12104","key":12104,"value":{"equipmentId":201141005,"star":2,"materials":{"quality":4,"star":2},"chances":[75,85,100],"unlockLevel":270}},
{"id":"equipment_recipe:12105","key":12105,"value":{"equipmentId":201151005,"star":2,"materials":{"quality":4,"star":2},"chances":[75,85,100],"unlockLevel":270}},
{"id":"equipment_recipe:12106","key":12106,"value":{"equipmentId":201161005,"star":2,"materials":{"quality":4,"star":2},"chances":[75,85,100],"unlockLevel":270}},
{"id":"equipment_recipe:13051","key":13051,"value":{"equipmentId":201110505,"star":3,"materials":{"quality":5,"star":2},"chances":[75,85,100],"unlockLevel":120}},
{"id":"equipment_recipe:13052","key":13052,"value":{"equipmentId":201120505,"star":3,"materials":{"quality":5,"star":2},"chances":[75,85,100],"unlockLevel":120}},
{"id":"equipment_recipe:13053","key":13053,"value":{"equipmentId":201130505,"star":3,"materials":{"quality":5,"star":2},"chances":[75,85,100],"unlockLevel":120}},
{"id":"equipment_recipe:13054","key":13054,"value":{"equipmentId":201140505,"star":3,"materials":{"quality":5,"star":2},"chances":[75,85,100],"unlockLevel":120}},
{"id":"equipment_recipe:13055","key":13055,"value":{"equipmentId":201150505,"star":3,"materials":{"quality":5,"star":2},"chances":[75,85,100],"unlockLevel":120}},
{"id":"equipment_recipe:13056","key":13056,"value":{"equipmentId":201160505,"star":3,"materials":{"quality":5,"star":2},"chances":[75,85,100],"unlockLevel":120}},
{"id":"equipment_recipe:13061","key":13061,"value":{"equipmentId":201110605,"star":3,"materials":{"quality":5,"star":2},"chances":[75,85,100],"unlockLevel":150}},
{"id":"equipment_recipe:13062","key":13062,"value":{"equipmentId":201120605,"star":3,"materials":{"quality":5,"star":2},"chances":[75,85,100],"unlockLevel":150}},
{"id":"equipment_recipe:13063","key":13063,"value":{"equipmentId":201130605,"star":3,"materials":{"quality":5,"star":2},"chances":[75,85,100],"unlockLevel":150}},
{"id":"equipment_recipe:13064","key":13064,"value":{"equipmentId":201140605,"star":3,"materials":{"quality":5,"star":2},"chances":[75,85,100],"unlockLevel":150}},
{"id":"equipment_recipe:13065","key":13065,"value":{"equipmentId":201150605,"star":3,"materials":{"quality":5,"star":2},"chances":[75,85,100],"unlockLevel":150}},
{"id":"equipment_recipe:13066","key":13066,"value":{"equipmentId":201160605,"star":3,"materials":{"quality":5,"star":2},"chances":[75,85,100],"unlockLevel":150}},
{"id":"equipment_recipe:13071","key":13071,"value":{"equipmentId":201110705,"star":3,"materials":{"quality":5,"star":2},"chances":[75,85,100],"unlockLevel":180}},
{"id":"equipment_recipe:13072","key":13072,"value":{"equipmentId":201120705,"star":3,"materials":{"quality":5,"star":2},"chances":[75,85,100],"unlockLevel":180}},
{"id":"equipment_recipe:13073","key":13073,"value":{"equipmentId":201130705,"star":3,"materials":{"quality":5,"star":2},"chances":[75,85,100],"unlockLevel":180}},
{"id":"equipment_recipe:13074","key":13074,"value":{"equipmentId":201140705,"star":3,"materials":{"quality":5,"star":2},"chances":[75,85,100],"unlockLevel":180}},
{"id":"equipment_recipe:13075","key":13075,"value":{"equipmentId":201150705,"star":3,"materials":{"quality":5,"star":2},"chances":[75,85,100],"unlockLevel":180}},
{"id":"equipment_recipe:13076","key":13076,"value":{"equipmentId":201160705,"star":3,"materials":{"quality":5,"star":2},"chances":[75,85,100],"unlockLevel":180}},
{"id":"equipment_recipe:13081","key":13081,"value":{"equipmentId":201110805,"star":3,"materials":{"quality":5,"star":2},"chances":[75,85,100],"unlockLevel":210}},
{"id":"equipment_recipe:13082","key":13082,"value":{"equipmentId":201120805,"star":3,"materials":{"quality":5,"star":2},"chances":[75,85,100],"unlockLevel":210}},
{"id":"equipment_recipe:13083","key":13083,"value":{"equipmentId":201130805,"star":3,"materials":{"quality":5,"star":2},"chances":[75,85,100],"unlockLevel":210}},
{"id":"equipment_recipe:13084","key":13084,"value":{"equipmentId":201140805,"star":3,"materials":{"quality":5,"star":2},"chances":[75,85,100],"unlockLevel":210}},
{"id":"equipment_recipe:13085","key":13085,"value":{"equipmentId":201150805,"star":3,"materials":{"quality":5,"star":2},"chances":[75,85,100],"unlockLevel":210}},
{"id":"equipment_recipe:13086","key":13086,"value":{"equipmentId":201160805,"star":3,"materials":{"quality":5,"star":2},"chances":[75,85,100],"unlockLevel":210}},
{"id":"equipment_recipe:13091","key":13091,"value":{"equipmentId":201110905,"star":3,"materials":{"quality":5,"star":2},"chances":[75,85,100],"unlockLevel":240}},
{"id":"equipment_recipe:13092","key":13092,"value":{"equipmentId":201120905,"star":3,"materials":{"quality":5,"star":2},"chances":[75,85,100],"unlockLevel":240}},
{"id":"equipment_recipe:13093","key":13093,"value":{"equipmentId":201130905,"star":3,"materials":{"quality":5,"star":2},"chances":[75,85,100],"unlockLevel":240}},
{"id":"equipment_recipe:13094","key":13094,"value":{"equipmentId":201140905,"star":3,"materials":{"quality":5,"star":2},"chances":[75,85,100],"unlockLevel":240}},
{"id":"equipment_recipe:13095","key":13095,"value":{"equipmentId":201150905,"star":3,"materials":{"quality":5,"star":2},"chances":[75,85,100],"unlockLevel":240}},
{"id":"equipment_recipe:13096","key":13096,"value":{"equipmentId":201160905,"star":3,"materials":{"quality":5,"star":2},"chances":[75,85,100],"unlockLevel":240}},
{"id":"equipment_recipe:13101","key":13101,"value":{"equipmentId":201111005,"star":3,"materials":{"quality":5,"star":2},"chances":[75,85,100],"unlockLevel":270}},
{"id":"equipment_recipe:13102","key":13102,"value":{"equipmentId":201121005,"star":3,"materials":{"quality":5,"star":2},"chances":[75,85,100],"unlockLevel":270}},
{"id":"equipment_recipe:13103","key":13103,"value":{"equipmentId":201131005,"star":3,"materials":{"quality":5,"star":2},"chances":[75,85,100],"unlockLevel":270}},
{"id":"equipment_recipe:13104","key":13104,"value":{"equipmentId":201141005,"star":3,"materials":{"quality":5,"star":2},"chances":[75,85,100],"unlockLevel":270}},
{"id":"equipment_recipe:13105","key":13105,"value":{"equipmentId":201151005,"star":3,"materials":{"quality":5,"star":2},"chances":[75,85,100],"unlockLevel":270}},
{"id":"equipment_recipe:13106","key":13106,"value":{"equipmentId":201161005,"star":3,"materials":{"quality":5,"star":2},"chances":[75,85,100],"unlockLevel":270}},
{"id":"equipment_recipe:22051","key":22051,"value":{"equipmentId":201210505,"star":2,"materials":{"quality":4,"star":2},"chances":[75,85,100],"unlockLevel":120}},
{"id":"equipment_recipe:22052","key":22052,"value":{"equipmentId":201220505,"star":2,"materials":{"quality":4,"star":2},"chances":[75,85,100],"unlockLevel":120}},
{"id":"equipment_recipe:22053","key":22053,"value":{"equipmentId":201230505,"star":2,"materials":{"quality":4,"star":2},"chances":[75,85,100],"unlockLevel":120}},
{"id":"equipment_recipe:22054","key":22054,"value":{"equipmentId":201240505,"star":2,"materials":{"quality":4,"star":2},"chances":[75,85,100],"unlockLevel":120}},
{"id":"equipment_recipe:22055","key":22055,"value":{"equipmentId":201250505,"star":2,"materials":{"quality":4,"star":2},"chances":[75,85,100],"unlockLevel":120}},
{"id":"equipment_recipe:22056","key":22056,"value":{"equipmentId":201260505,"star":2,"materials":{"quality":4,"star":2},"chances":[75,85,100],"unlockLevel":120}},
{"id":"equipment_recipe:22061","key":22061,"value":{"equipmentId":201210605,"star":2,"materials":{"quality":4,"star":2},"chances":[75,85,100],"unlockLevel":150}},
{"id":"equipment_recipe:22062","key":22062,"value":{"equipmentId":201220605,"star":2,"materials":{"quality":4,"star":2},"chances":[75,85,100],"unlockLevel":150}},
{"id":"equipment_recipe:22063","key":22063,"value":{"equipmentId":201230605,"star":2,"materials":{"quality":4,"star":2},"chances":[75,85,100],"unlockLevel":150}},
{"id":"equipment_recipe:22064","key":22064,"value":{"equipmentId":201240605,"star":2,"materials":{"quality":4,"star":2},"chances":[75,85,100],"unlockLevel":150}},
{"id":"equipment_recipe:22065","key":22065,"value":{"equipmentId":201250605,"star":2,"materials":{"quality":4,"star":2},"chances":[75,85,100],"unlockLevel":150}},
{"id":"equipment_recipe:22066","key":22066,"value":{"equipmentId":201260605,"star":2,"materials":{"quality":4,"star":2},"chances":[75,85,100],"unlockLevel":150}},
{"id":"equipment_recipe:22071","key":22071,"value":{"equipmentId":201210705,"star":2,"materials":{"quality":4,"star":2},"chances":[75,85,100],"unlockLevel":180}},
{"id":"equipment_recipe:22072","key":22072,"value":{"equipmentId":201220705,"star":2,"materials":{"quality":4,"star":2},"chances":[75,85,100],"unlockLevel":180}},
{"id":"equipment_recipe:22073","key":22073,"value":{"equipmentId":201230705,"star":2,"materials":{"quality":4,"star":2},"chances":[75,85,100],"unlockLevel":180}},
{"id":"equipment_recipe:22074","key":22074,"value":{"equipmentId":201240705,"star":2,"materials":{"quality":4,"star":2},"chances":[75,85,100],"unlockLevel":180}},
{"id":"equipment_recipe:22075","key":22075,"value":{"equipmentId":201250705,"star":2,"materials":{"quality":4,"star":2},"chances":[75,85,100],"unlockLevel":180}},
{"id":"equipment_recipe:22076","key":22076,"value":{"equipmentId":201260705,"star":2,"materials":{"quality":4,"star":2},"chances":[75,85,100],"unlockLevel":180}},
{"id":"equipment_recipe:22081","key":22081,"value":{"equipmentId":201210805,"star":2,"materials":{"quality":4,"star":2},"chances":[75,85,100],"unlockLevel":210}},
{"id":"equipment_recipe:22082","key":22082,"value":{"equipmentId":201220805,"star":2,"materials":{"quality":4,"star":2},"chances":[75,85,100],"unlockLevel":210}},
{"id":"equipment_recipe:22083","key":22083,"value":{"equipmentId":201230805,"star":2,"materials":{"quality":4,"star":2},"chances":[75,85,100],"unlockLevel":210}},
{"id":"equipment_recipe:22084","key":22084,"value":{"equipmentId":201240805,"star":2,"materials":{"quality":4,"star":2},"chances":[75,85,100],"unlockLevel":210}},
{"id":"equipment_recipe:22085","key":22085,"value":{"equipmentId":201250805,"star":2,"materials":{"quality":4,"star":2},"chances":[75,85,100],"unlockLevel":210}},
{"id":"equipment_recipe:22086","key":22086,"value":{"equipmentId":201260805,"star":2,"materials":{"quality":4,"star":2},"chances":[75,85,100],"unlockLevel":210}},
{"id":"equipment_recipe:22091","key":22091,"value":{"equipmentId":201210905,"star":2,"materials":{"quality":4,"star":2},"chances":[75,85,100],"unlockLevel":240}},
{"id":"equipment_recipe:22092","key":22092,"value":{"equipmentId":201220905,"star":2,"materials":{"quality":4,"star":2},"chances":[75,85,100],"unlockLevel":240}},
{"id":"equipment_recipe:22093","key":22093,"value":{"equipmentId":201230905,"star":2,"materials":{"quality":4,"star":2},"chances":[75,85,100],"unlockLevel":240}},
{"id":"equipment_recipe:22094","key":22094,"value":{"equipmentId":201240905,"star":2,"materials":{"quality":4,"star":2},"chances":[75,85,100],"unlockLevel":240}},
{"id":"equipment_recipe:22095","key":22095,"value":{"equipmentId":201250905,"star":2,"materials":{"quality":4,"star":2},"chances":[75,85,100],"unlockLevel":240}},
{"id":"equipment_recipe:22096","key":22096,"value":{"equipmentId":201260905,"star":2,"materials":{"quality":4,"star":2},"chances":[75,85,100],"unlockLevel":240}},
{"id":"equipment_recipe:22101","key":22101,"value":{"equipmentId":201211005,"star":2,"materials":{"quality":4,"star":2},"chances":[75,85,100],"unlockLevel":270}},
{"id":"equipment_recipe:22102","key":22102,"value":{"equipmentId":201221005,"star":2,"materials":{"quality":4,"star":2},"chances":[75,85,100],"unlockLevel":270}},
{"id":"equipment_recipe:22103","key":22103,"value":{"equipmentId":201231005,"star":2,"materials":{"quality":4,"star":2},"chances":[75,85,100],"unlockLevel":270}},
{"id":"equipment_recipe:22104","key":22104,"value":{"equipmentId":201241005,"star":2,"materials":{"quality":4,"star":2},"chances":[75,85,100],"unlockLevel":270}},
{"id":"equipment_recipe:22105","key":22105,"value":{"equipmentId":201251005,"star":2,"materials":{"quality":4,"star":2},"chances":[75,85,100],"unlockLevel":270}},
{"id":"equipment_recipe:22106","key":22106,"value":{"equipmentId":201261005,"star":2,"materials":{"quality":4,"star":2},"chances":[75,85,100],"unlockLevel":270}},
{"id":"equipment_recipe:23051","key":23051,"value":{"equipmentId":201210505,"star":3,"materials":{"quality":5,"star":2},"chances":[75,85,100],"unlockLevel":120}},
{"id":"equipment_recipe:23052","key":23052,"value":{"equipmentId":201220505,"star":3,"materials":{"quality":5,"star":2},"chances":[75,85,100],"unlockLevel":120}},
{"id":"equipment_recipe:23053","key":23053,"value":{"equipmentId":201230505,"star":3,"materials":{"quality":5,"star":2},"chances":[75,85,100],"unlockLevel":120}},
{"id":"equipment_recipe:23054","key":23054,"value":{"equipmentId":201240505,"star":3,"materials":{"quality":5,"star":2},"chances":[75,85,100],"unlockLevel":120}},
{"id":"equipment_recipe:23055","key":23055,"value":{"equipmentId":201250505,"star":3,"materials":{"quality":5,"star":2},"chances":[75,85,100],"unlockLevel":120}},
{"id":"equipment_recipe:23056","key":23056,"value":{"equipmentId":201260505,"star":3,"materials":{"quality":5,"star":2},"chances":[75,85,100],"unlockLevel":120}},
{"id":"equipment_recipe:23061","key":23061,"value":{"equipmentId":201210605,"star":3,"materials":{"quality":5,"star":2},"chances":[75,85,100],"unlockLevel":150}},
{"id":"equipment_recipe:23062","key":23062,"value":{"equipmentId":201220605,"star":3,"materials":{"quality":5,"star":2},"chances":[75,85,100],"unlockLevel":150}},
{"id":"equipment_recipe:23063","key":23063,"value":{"equipmentId":201230605,"star":3,"materials":{"quality":5,"star":2},"chances":[75,85,100],"unlockLevel":150}},
{"id":"equipment_recipe:23064","key":23064,"value":{"equipmentId":201240605,"star":3,"materials":{"quality":5,"star":2},"chances":[75,85,100],"unlockLevel":150}},
{"id":"equipment_recipe:23065","key":23065,"value":{"equipmentId":201250605,"star":3,"materials":{"quality":5,"star":2},"chances":[75,85,100],"unlockLevel":150}},
{"id":"equipment_recipe:23066","key":23066,"value":{"equipmentId":201260605,"star":3,"materials":{"quality":5,"star":2},"chances":[75,85,100],"unlockLevel":150}},
{"id":"equipment_recipe:23071","key":23071,"value":{"equipmentId":201210705,"star":3,"materials":{"quality":5,"star":2},"chances":[75,85,100],"unlockLevel":180}},
{"id":"equipment_recipe:23072","key":23072,"value":{"equipmentId":201220705,"star":3,"materials":{"quality":5,"star":2},"chances":[75,85,100],"unlockLevel":180}},
{"id":"equipment_recipe:23073","key":23073,"value":{"equipmentId":201230705,"star":3,"materials":{"quality":5,"star":2},"chances":[75,85,100],"unlockLevel":180}},
{"id":"equipment_recipe:23074","key":23074,"value":{"equipmentId":201240705,"star":3,"materials":{"quality":5,"star":2},"chances":[75,85,100],"unlockLevel":180}},
{"id":"equipment_recipe:23075","key":23075,"value":{"equipmentId":201250705,"star":3,"materials":{"quality":5,"star":2},"chances":[75,85,100],"unlockLevel":180}},
{"id":"equipment_recipe:23076","key":23076,"value":{"equipmentId":201260705,"star":3,"materials":{"quality":5,"star":2},"chances":[75,85,100],"unlockLevel":180}},
{"id":"equipment_recipe:23081","key":23081,"value":{"equipmentId":201210805,"star":3,"materials":{"quality":5,"star":2},"chances":[75,85,100],"unlockLevel":210}},
{"id":"equipment_recipe:23082","key":23082,"value":{"equipmentId":201220805,"star":3,"materials":{"quality":5,"star":2},"chances":[75,85,100],"unlockLevel":210}},
{"id":"equipment_recipe:23083","key":23083,"value":{"equipmentId":201230805,"star":3,"materials":{"quality":5,"star":2},"chances":[75,85,100],"unlockLevel":210}},
{"id":"equipment_recipe:23084","key":23084,"value":{"equipmentId":201240805,"star":3,"materials":{"quality":5,"star":2},"chances":[75,85,100],"unlockLevel":210}},
{"id":"equipment_recipe:23085","key":23085,"value":{"equipmentId":201250805,"star":3,"materials":{"quality":5,"star":2},"chances":[75,85,100],"unlockLevel":210}},
{"id":"equipment_recipe:23086","key":23086,"value":{"equipmentId":201260805,"star":3,"materials":{"quality":5,"star":2},"chances":[75,85,100],"unlockLevel":210}},
{"id":"equipment_recipe:23091","key":23091,"value":{"equipmentId":201210905,"star":3,"materials":{"quality":5,"star":2},"chances":[75,85,100],"unlockLevel":240}},
{"id":"equipment_recipe:23092","key":23092,"value":{"equipmentId":201220905,"star":3,"materials":{"quality":5,"star":2},"chances":[75,85,100],"unlockLevel":240}},
{"id":"equipment_recipe:23093","key":23093,"value":{"equipmentId":201230905,"star":3,"materials":{"quality":5,"star":2},"chances":[75,85,100],"unlockLevel":240}},
{"id":"equipment_recipe:23094","key":23094,"value":{"equipmentId":201240905,"star":3,"materials":{"quality":5,"star":2},"chances":[75,85,100],"unlockLevel":240}},
{"id":"equipment_recipe:23095","key":23095,"value":{"equipmentId":201250905,"star":3,"materials":{"quality":5,"star":2},"chances":[75,85,100],"unlockLevel":240}},
{"id":"equipment_recipe:23096","key":23096,"value":{"equipmentId":201260905,"star":3,"materials":{"quality":5,"star":2},"chances":[75,85,100],"unlockLevel":240}},
{"id":"equipment_recipe:23101","key":23101,"value":{"equipmentId":201211005,"star":3,"materials":{"quality":5,"star":2},"chances":[75,85,100],"unlockLevel":270}},
{"id":"equipment_recipe:23102","key":23102,"value":{"equipmentId":201221005,"star":3,"materials":{"quality":5,"star":2},"chances":[75,85,100],"unlockLevel":270}},
{"id":"equipment_recipe:23103","key":23103,"value":{"equipmentId":201231005,"star":3,"materials":{"quality":5,"star":2},"chances":[75,85,100],"unlockLevel":270}},
{"id":"equipment_recipe:23104","key":23104,"value":{"equipmentId":201241005,"star":3,"materials":{"quality":5,"star":2},"chances":[75,85,100],"unlockLevel":270}},
{"id":"equipment_recipe:23105","key":23105,"value":{"equipmentId":201251005,"star":3,"materials":{"quality":5,"star":2},"chances":[75,85,100],"unlockLevel":270}},
{"id":"equipment_recipe:23106","key":23106,"value":{"equipmentId":201261005,"star":3,"materials":{"quality":5,"star":2},"chances":[75,85,100],"unlockLevel":270}},
{"id":"equipment_recipe:32051","key":32051,"value":{"equipmentId":201310505,"star":2,"materials":{"quality":4,"star":2},"chances":[75,85,100],"unlockLevel":120}},
{"id":"equipment_recipe:32052","key":32052,"value":{"equipmentId":201320505,"star":2,"materials":{"quality":4,"star":2},"chances":[75,85,100],"unlockLevel":120}},
{"id":"equipment_recipe:32053","key":32053,"value":{"equipmentId":201330505,"star":2,"materials":{"quality":4,"star":2},"chances":[75,85,100],"unlockLevel":120}},
{"id":"equipment_recipe:32054","key":32054,"value":{"equipmentId":201340505,"star":2,"materials":{"quality":4,"star":2},"chances":[75,85,100],"unlockLevel":120}},
{"id":"equipment_recipe:32055","key":32055,"value":{"equipmentId":201350505,"star":2,"materials":{"quality":4,"star":2},"chances":[75,85,100],"unlockLevel":120}},
{"id":"equipment_recipe:32056","key":32056,"value":{"equipmentId":201360505,"star":2,"materials":{"quality":4,"star":2},"chances":[75,85,100],"unlockLevel":120}},
{"id":"equipment_recipe:32061","key":32061,"value":{"equipmentId":201310605,"star":2,"materials":{"quality":4,"star":2},"chances":[75,85,100],"unlockLevel":150}},
{"id":"equipment_recipe:32062","key":32062,"value":{"equipmentId":201320605,"star":2,"materials":{"quality":4,"star":2},"chances":[75,85,100],"unlockLevel":150}},
{"id":"equipment_recipe:32063","key":32063,"value":{"equipmentId":201330605,"star":2,"materials":{"quality":4,"star":2},"chances":[75,85,100],"unlockLevel":150}},
{"id":"equipment_recipe:32064","key":32064,"value":{"equipmentId":201340605,"star":2,"materials":{"quality":4,"star":2},"chances":[75,85,100],"unlockLevel":150}},
{"id":"equipment_recipe:32065","key":32065,"value":{"equipmentId":201350605,"star":2,"materials":{"quality":4,"star":2},"chances":[75,85,100],"unlockLevel":150}},
{"id":"equipment_recipe:32066","key":32066,"value":{"equipmentId":201360605,"star":2,"materials":{"quality":4,"star":2},"chances":[75,85,100],"unlockLevel":150}},
{"id":"equipment_recipe:32071","key":32071,"value":{"equipmentId":201310705,"star":2,"materials":{"quality":4,"star":2},"chances":[75,85,100],"unlockLevel":180}},
{"id":"equipment_recipe:32072","key":32072,"value":{"equipmentId":201320705,"star":2,"materials":{"quality":4,"star":2},"chances":[75,85,100],"unlockLevel":180}},
{"id":"equipment_recipe:32073","key":32073,"value":{"equipmentId":201330705,"star":2,"materials":{"quality":4,"star":2},"chances":[75,85,100],"unlockLevel":180}},
{"id":"equipment_recipe:32074","key":32074,"value":{"equipmentId":201340705,"star":2,"materials":{"quality":4,"star":2},"chances":[75,85,100],"unlockLevel":180}},
{"id":"equipment_recipe:32075","key":32075,"value":{"equipmentId":201350705,"star":2,"materials":{"quality":4,"star":2},"chances":[75,85,100],"unlockLevel":180}},
{"id":"equipment_recipe:32076","key":32076,"value":{"equipmentId":201360705,"star":2,"materials":{"quality":4,"star":2},"chances":[75,85,100],"unlockLevel":180}},
{"id":"equipment_recipe:32081","key":32081,"value":{"equipmentId":201310805,"star":2,"materials":{"quality":4,"star":2},"chances":[75,85,100],"unlockLevel":210}},
{"id":"equipment_recipe:32082","key":32082,"value":{"equipmentId":201320805,"star":2,"materials":{"quality":4,"star":2},"chances":[75,85,100],"unlockLevel":210}},
{"id":"equipment_recipe:32083","key":32083,"value":{"equipmentId":201330805,"star":2,"materials":{"quality":4,"star":2},"chances":[75,85,100],"unlockLevel":210}},
{"id":"equipment_recipe:32084","key":32084,"value":{"equipmentId":201340805,"star":2,"materials":{"quality":4,"star":2},"chances":[75,85,100],"unlockLevel":210}},
{"id":"equipment_recipe:32085","key":32085,"value":{"equipmentId":201350805,"star":2,"materials":{"quality":4,"star":2},"chances":[75,85,100],"unlockLevel":210}},
{"id":"equipment_recipe:32086","key":32086,"value":{"equipmentId":201360805,"star":2,"materials":{"quality":4,"star":2},"chances":[75,85,100],"unlockLevel":210}},
{"id":"equipment_recipe:32091","key":32091,"value":{"equipmentId":201310905,"star":2,"materials":{"quality":4,"star":2},"chances":[75,85,100],"unlockLevel":240}},
{"id":"equipment_recipe:32092","key":32092,"value":{"equipmentId":201320905,"star":2,"materials":{"quality":4,"star":2},"chances":[75,85,100],"unlockLevel":240}},
{"id":"equipment_recipe:32093","key":32093,"value":{"equipmentId":201330905,"star":2,"materials":{"quality":4,"star":2},"chances":[75,85,100],"unlockLevel":240}},
{"id":"equipment_recipe:32094","key":32094,"value":{"equipmentId":201340905,"star":2,"materials":{"quality":4,"star":2},"chances":[75,85,100],"unlockLevel":240}},
{"id":"equipment_recipe:32095","key":32095,"value":{"equipmentId":201350905,"star":2,"materials":{"quality":4,"star":2},"chances":[75,85,100],"unlockLevel":240}},
{"id":"equipment_recipe:32096","key":32096,"value":{"equipmentId":201360905,"star":2,"materials":{"quality":4,"star":2},"chances":[75,85,100],"unlockLevel":240}},
{"id":"equipment_recipe:32101","key":32101,"value":{"equipmentId":201311005,"star":2,"materials":{"quality":4,"star":2},"chances":[75,85,100],"unlockLevel":270}},
{"id":"equipment_recipe:32102","key":32102,"value":{"equipmentId":201321005,"star":2,"materials":{"quality":4,"star":2},"chances":[75,85,100],"unlockLevel":270}},
{"id":"equipment_recipe:32103","key":32103,"value":{"equipmentId":201331005,"star":2,"materials":{"quality":4,"star":2},"chances":[75,85,100],"unlockLevel":270}},
{"id":"equipment_recipe:32104","key":32104,"value":{"equipmentId":201341005,"star":2,"materials":{"quality":4,"star":2},"chances":[75,85,100],"unlockLevel":270}},
{"id":"equipment_recipe:32105","key":32105,"value":{"equipmentId":201351005,"star":2,"materials":{"quality":4,"star":2},"chances":[75,85,100],"unlockLevel":270}},
{"id":"equipment_recipe:32106","key":32106,"value":{"equipmentId":201361005,"star":2,"materials":{"quality":4,"star":2},"chances":[75,85,100],"unlockLevel":270}},
{"id":"equipment_recipe:33051","key":33051,"value":{"equipmentId":201310505,"star":3,"materials":{"quality":5,"star":2},"chances":[75,85,100],"unlockLevel":120}},
{"id":"equipment_recipe:33052","key":33052,"value":{"equipmentId":201320505,"star":3,"materials":{"quality":5,"star":2},"chances":[75,85,100],"unlockLevel":120}},
{"id":"equipment_recipe:33053","key":33053,"value":{"equipmentId":201330505,"star":3,"materials":{"quality":5,"star":2},"chances":[75,85,100],"unlockLevel":120}},
{"id":"equipment_recipe:33054","key":33054,"value":{"equipmentId":201340505,"star":3,"materials":{"quality":5,"star":2},"chances":[75,85,100],"unlockLevel":120}},
{"id":"equipment_recipe:33055","key":33055,"value":{"equipmentId":201350505,"star":3,"materials":{"quality":5,"star":2},"chances":[75,85,100],"unlockLevel":120}},
{"id":"equipment_recipe:33056","key":33056,"value":{"equipmentId":201360505,"star":3,"materials":{"quality":5,"star":2},"chances":[75,85,100],"unlockLevel":120}},
{"id":"equipment_recipe:33061","key":33061,"value":{"equipmentId":201310605,"star":3,"materials":{"quality":5,"star":2},"chances":[75,85,100],"unlockLevel":150}},
{"id":"equipment_recipe:33062","key":33062,"value":{"equipmentId":201320605,"star":3,"materials":{"quality":5,"star":2},"chances":[75,85,100],"unlockLevel":150}},
{"id":"equipment_recipe:33063","key":33063,"value":{"equipmentId":201330605,"star":3,"materials":{"quality":5,"star":2},"chances":[75,85,100],"unlockLevel":150}},
{"id":"equipment_recipe:33064","key":33064,"value":{"equipmentId":201340605,"star":3,"materials":{"quality":5,"star":2},"chances":[75,85,100],"unlockLevel":150}},
{"id":"equipment_recipe:33065","key":33065,"value":{"equipmentId":201350605,"star":3,"materials":{"quality":5,"star":2},"chances":[75,85,100],"unlockLevel":150}},
{"id":"equipment_recipe:33066","key":33066,"value":{"equipmentId":201360605,"star":3,"materials":{"quality":5,"star":2},"chances":[75,85,100],"unlockLevel":150}},
{"id":"equipment_recipe:33071","key":33071,"value":{"equipmentId":201310705,"star":3,"materials":{"quality":5,"star":2},"chances":[75,85,100],"unlockLevel":180}},
{"id":"equipment_recipe:33072","key":33072,"value":{"equipmentId":201320705,"star":3,"materials":{"quality":5,"star":2},"chances":[75,85,100],"unlockLevel":180}},
{"id":"equipment_recipe:33073","key":33073,"value":{"equipmentId":201330705,"star":3,"materials":{"quality":5,"star":2},"chances":[75,85,100],"unlockLevel":180}},
{"id":"equipment_recipe:33074","key":33074,"value":{"equipmentId":201340705,"star":3,"materials":{"quality":5,"star":2},"chances":[75,85,100],"unlockLevel":180}},
{"id":"equipment_recipe:33075","key":33075,"value":{"equipmentId":201350705,"star":3,"materials":{"quality":5,"star":2},"chances":[75,85,100],"unlockLevel":180}},
{"id":"equipment_recipe:33076","key":33076,"value":{"equipmentId":201360705,"star":3,"materials":{"quality":5,"star":2},"chances":[75,85,100],"unlockLevel":180}},
{"id":"equipment_recipe:33081","key":33081,"value":{"equipmentId":201310805,"star":3,"materials":{"quality":5,"star":2},"chances":[75,85,100],"unlockLevel":210}},
{"id":"equipment_recipe:33082","key":33082,"value":{"equipmentId":201320805,"star":3,"materials":{"quality":5,"star":2},"chances":[75,85,100],"unlockLevel":210}},
{"id":"equipment_recipe:33083","key":33083,"value":{"equipmentId":201330805,"star":3,"materials":{"quality":5,"star":2},"chances":[75,85,100],"unlockLevel":210}},
{"id":"equipment_recipe:33084","key":33084,"value":{"equipmentId":201340805,"star":3,"materials":{"quality":5,"star":2},"chances":[75,85,100],"unlockLevel":210}},
{"id":"equipment_recipe:33085","key":33085,"value":{"equipmentId":201350805,"star":3,"materials":{"quality":5,"star":2},"chances":[75,85,100],"unlockLevel":210}},
{"id":"equipment_recipe:33086","key":33086,"value":{"equipmentId":201360805,"star":3,"materials":{"quality":5,"star":2},"chances":[75,85,100],"unlockLevel":210}},
{"id":"equipment_recipe:33091","key":33091,"value":{"equipmentId":201310905,"star":3,"materials":{"quality":5,"star":2},"chances":[75,85,100],"unlockLevel":240}},
{"id":"equipment_recipe:33092","key":33092,"value":{"equipmentId":201320905,"star":3,"materials":{"quality":5,"star":2},"chances":[75,85,100],"unlockLevel":240}},
{"id":"equipment_recipe:33093","key":33093,"value":{"equipmentId":201330905,"star":3,"materials":{"quality":5,"star":2},"chances":[75,85,100],"unlockLevel":240}},
{"id":"equipment_recipe:33094","key":33094,"value":{"equipmentId":201340905,"star":3,"materials":{"quality":5,"star":2},"chances":[75,85,100],"unlockLevel":240}},
{"id":"equipment_recipe:33095","key":33095,"value":{"equipmentId":201350905,"star":3,"materials":{"quality":5,"star":2},"chances":[75,85,100],"unlockLevel":240}},
{"id":"equipment_recipe:33096","key":33096,"value":{"equipmentId":201360905,"star":3,"materials":{"quality":5,"star":2},"chances":[75,85,100],"unlockLevel":240}},
{"id":"equipment_recipe:33101","key":33101,"value":{"equipmentId":201311005,"star":3,"materials":{"quality":5,"star":2},"chances":[75,85,100],"unlockLevel":270}},
{"id":"equipment_recipe:33102","key":33102,"value":{"equipmentId":201321005,"star":3,"materials":{"quality":5,"star":2},"chances":[75,85,100],"unlockLevel":270}},
{"id":"equipment_recipe:33103","key":33103,"value":{"equipmentId":201331005,"star":3,"materials":{"quality":5,"star":2},"chances":[75,85,100],"unlockLevel":270}},
{"id":"equipment_recipe:33104","key":33104,"value":{"equipmentId":201341005,"star":3,"materials":{"quality":5,"star":2},"chances":[75,85,100],"unlockLevel":270}},
{"id":"equipment_recipe:33105","key":33105,"value":{"equipmentId":201351005,"star":3,"materials":{"quality":5,"star":2},"chances":[75,85,100],"unlockLevel":270}},
{"id":"equipment_recipe:33106","key":33106,"value":{"equipmentId":201361005,"star":3,"materials":{"quality":5,"star":2},"chances":[75,85,100],"unlockLevel":270}},
{"id":"equipment_recipe:40501","key":40501,"value":{"equipmentId":201010505,"star":2,"materials":{"quality":4,"star":2},"chances":[75,85,100],"unlockLevel":120}},
{"id":"equipment_recipe:40502","key":40502,"value":{"equipmentId":201020505,"star":2,"materials":{"quality":4,"star":2},"chances":[75,85,100],"unlockLevel":120}},
{"id":"equipment_recipe:40601","key":40601,"value":{"equipmentId":201010605,"star":2,"materials":{"quality":4,"star":2},"chances":[75,85,100],"unlockLevel":150}},
{"id":"equipment_recipe:40602","key":40602,"value":{"equipmentId":201020605,"star":2,"materials":{"quality":4,"star":2},"chances":[75,85,100],"unlockLevel":150}},
{"id":"equipment_recipe:40701","key":40701,"value":{"equipmentId":201010705,"star":2,"materials":{"quality":4,"star":2},"chances":[75,85,100],"unlockLevel":180}},
{"id":"equipment_recipe:40702","key":40702,"value":{"equipmentId":201020705,"star":2,"materials":{"quality":4,"star":2},"chances":[75,85,100],"unlockLevel":180}},
{"id":"equipment_recipe:40801","key":40801,"value":{"equipmentId":201010805,"star":2,"materials":{"quality":4,"star":2},"chances":[75,85,100],"unlockLevel":210}},
{"id":"equipment_recipe:40802","key":40802,"value":{"equipmentId":201020805,"star":2,"materials":{"quality":4,"star":2},"chances":[75,85,100],"unlockLevel":210}},
{"id":"equipment_recipe:40901","key":40901,"value":{"equipmentId":201010905,"star":2,"materials":{"quality":4,"star":2},"chances":[75,85,100],"unlockLevel":240}},
{"id":"equipment_recipe:40902","key":40902,"value":{"equipmentId":201020905,"star":2,"materials":{"quality":4,"star":2},"chances":[75,85,100],"unlockLevel":240}},
{"id":"equipment_recipe:41001","key":41001,"value":{"equipmentId":201011005,"star":2,"materials":{"quality":4,"star":2},"chances":[75,85,100],"unlockLevel":270}},
{"id":"equipment_recipe:41002","key":41002,"value":{"equipmentId":201021005,"star":2,"materials":{"quality":4,"star":2},"chances":[75,85,100],"unlockLevel":270}},
{"id":"equipment_recipe:50501","key":50501,"value":{"equipmentId":201010505,"star":3,"materials":{"quality":5,"star":2},"chances":[75,85,100],"unlockLevel":120}},
{"id":"equipment_recipe:50502","key":50502,"value":{"equipmentId":201020505,"star":3,"materials":{"quality":5,"star":2},"chances":[75,85,100],"unlockLevel":120}},
{"id":"equipment_recipe:50601","key":50601,"value":{"equipmentId":201010605,"star":3,"materials":{"quality":5,"star":2},"chances":[75,85,100],"unlockLevel":150}},
{"id":"equipment_recipe:50602","key":50602,"value":{"equipmentId":201020605,"star":3,"materials":{"quality":5,"star":2},"chances":[75,85,100],"unlockLevel":150}},
{"id":"equipment_recipe:50701","key":50701,"value":{"equipmentId":201010705,"star":3,"materials":{"quality":5,"star":2},"chances":[75,85,100],"unlockLevel":180}},
{"id":"equipment_recipe:50702","key":50702,"value":{"equipmentId":201020705,"star":3,"materials":{"quality":5,"star":2},"chances":[75,85,100],"unlockLevel":180}},
{"id":"equipment_recipe:50801","key":50801,"value":{"equipmentId":201010805,"star":3,"materials":{"quality":5,"star":2},"chances":[75,85,100],"unlockLevel":210}},
{"id":"equipment_recipe:50802","key":50802,"value":{"equipmentId":201020805,"star":3,"materials":{"quality":5,"star":2},"chances":[75,85,100],"unlockLevel":210}},
{"id":"equipment_recipe:50901","key":50901,"value":{"equipmentId":201010905,"star":3,"materials":{"quality":5,"star":2},"chances":[75,85,100],"unlockLevel":240}},
{"id":"equipment_recipe:50902","key":50902,"value":{"equipmentId":201020905,"star":3,"materials":{"quality":5,"star":2},"chances":[75,85,100],"unlockLevel":240}},
{"id":"equipment_recipe:51001","key":51001,"value":{"equipmentId":201011005,"star":3,"materials":{"quality":5,"star":2},"chances":[75,85,100],"unlockLevel":270}},
{"id":"equipment_recipe:51002","key":51002,"value":{"equipmentId":201021005,"star":3,"materials":{"quality":5,"star":2},"chances":[75,85,100],"unlockLevel":270}}
]}
