{"total_rows":30,"offset":0,"rows":[
{"id":"talisman_look:10010","key":10010,"value":{"status":0,"cost":208010531,"costAmount":1,"attackPercent":1,"battlePower":10,"stats":{"attack":80,"armor":40,"resistance":40,"health":800}}},
{"id":"talisman_look:10011","key":10011,"value":{"status":1,"cost":208010531,"costAmount":1,"attackPercent":1.2,"battlePower":15,"stats":{"attack":160,"armor":80,"resistance":80,"health":1600}}},
{"id":"talisman_look:10012","key":10012,"value":{"status":2,"cost":208010531,"costAmount":3,"attackPercent":1.4,"battlePower":23,"stats":{"attack":320,"armor":160,"resistance":160,"health":3200}}},
{"id":"talisman_look:10013","key":10013,"value":{"status":3,"cost":208010531,"costAmount":5,"attackPercent":1.6,"battlePower":33,"stats":{"attack":480,"armor":240,"resistance":240,"health":4800}}},
{"id":"talisman_look:10014","key":10014,"value":{"status":4,"cost":208010531,"costAmount":8,"attackPercent":1.8,"battlePower":45,"stats":{"attack":640,"armor":320,"resistance":320,"health":6400}}},
{"id":"talisman_look:10015","key":10015,"value":{"status":5,"cost":208010531,"costAmount":10,"attackPercent":2,"battlePower":60,"stats":{"attack":800,"armor":400,"resistance":400,"health":8000}}},
{"id":"talisman_look:10020","key":10020,"value":{"status":0,"cost":208010532,"costAmount":1,"attackPercent":1,"battlePower":10,"stats":{"attack":100,"armor":50,"resistance":50,"health":1000}}},
{"id":"talisman_look:10021","key":10021,"value":{"status":1,"cost":208010532,"costAmount":1,"attackPercent":1.2,"battlePower":15,"stats":{"attack":200,"armor":100,"resistance":100,"health":2000}}},
{"id":"talisman_look:10022","key":10022,"value":{"status":2,"cost":208010532,"costAmount":3,"attackPercent":1.4,"battlePower":23,"stats":{"attack":400,"armor":200,"resistance":200,"health":4000}}},
{"id":"talisman_look:10023","key":10023,"value":{"status":3,"cost":208010532,"costAmount":5,"attackPercent":1.6,"battlePower":33,"stats":{"attack":600,"armor":300,"resistance":300,"health":6000}}},
{"id":"talisman_look:10024","key":10024,"value":{"status":4,"cost":208010532,"costAmount":8,"attackPercent":1.8,"battlePower":45,"stats":{"attack":800,"armor":400,"resistance":400,"health":8000}}},
{"id":"talisman_look:10025","key":10025,"value":{"status":5,"cost":208010532,"costAmount":10,"attackPercent":2,"battlePower":60,"stats":{"attack":1000,"armor":500,"resistance":500,"health":10000}}},
{"id":"talisman_look:10030","key":10030,"value":{"status":0,"cost":208010533,"costAmount":1,"attackPercent":1,"battlePower":10,"stats":{"attack":120,"armor":60,"resistance":60,"health":1200}}},
{"id":"talisman_look:10031","key":10031,"value":{"status":1,"cost":208010533,"costAmount":1,"attackPercent":1.2,"battlePower":15,"stats":{"attack":240,"armor":120,"resistance":120,"health":2400}}},
{"id":"talisman_look:10032","key":10032,"value":{"status":2,"cost":208010533,"costAmount":3,"attackPercent":1.4,"battlePower":23,"stats":{"attack":480,"armor":240,"resistance":240,"health":4800}}},
{"id":"talisman_look:10033","key":10033,"value":{"status":3,"cost":208010533,"costAmount":5,"attackPercent":1.6,"battlePower":33,"stats":{"attack":720,"armor":360,"resistance":360,"health":7200}}},
{"id":"talisman_look:10034","key":10034,"value":{"status":4,"cost":208010533,"costAmount":8,"attackPercent":1.8,"battlePower":45,"stats":{"attack":960,"armor":480,"resistance":480,"health":9600}}},
{"id":"talisman_look:10035","key":10035,"value":{"status":5,"cost":208010533,"costAmount":10,"attackPercent":2,"battlePower":60,"stats":{"attack":1200,"armor":600,"resistance":600,"health":12000}}},
{"id":"talisman_look:10040","key":10040,"value":{"status":0,"cost":208010534,"costAmount":1,"attackPercent":1,"battlePower":10,"stats":{"attack":140,"armor":70,"resistance":70,"health":1400}}},
{"id":"talisman_look:10041","key":10041,"value":{"status":1,"cost":208010534,"costAmount":1,"attackPercent":1.2,"battlePower":15,"stats":{"attack":280,"armor":140,"resistance":140,"health":2800}}},
{"id":"talisman_look:10042","key":10042,"value":{"status":2,"cost":208010534,"costAmount":3,"attackPercent":1.4,"battlePower":23,"stats":{"attack":560,"armor":280,"resistance":280,"health":5600}}},
{"id":"talisman_look:10043","key":10043,"value":{"status":3,"cost":208010534,"costAmount":5,"attackPercent":1.6,"battlePower":33,"stats":{"attack":840,"armor":420,"resistance":420,"health":8400}}},
{"id":"talisman_look:10044","key":10044,"value":{"status":4,"cost":208010534,"costAmount":8,"attackPercent":1.8,"battlePower":45,"stats":{"attack":1120,"armor":560,"resistance":560,"health":11200}}},
{"id":"talisman_look:10045","key":10045,"value":{"status":5,"cost":208010534,"costAmount":10,"attackPercent":2,"battlePower":60,"stats":{"attack":1400,"armor":700,"resistance":700,"health":14000}}},
{"id":"talisman_look:10050","key":10050,"value":{"status":0,"cost":208010535,"costAmount":1,"attackPercent":1,"battlePower":10,"stats":{"attack":160,"armor":80,"resistance":80,"health":1600}}},
{"id":"talisman_look:10051","key":10051,"value":{"status":1,"cost":208010535,"costAmount":1,"attackPercent":1.2,"battlePower":15,"stats":{"attack":320,"armor":160,"resistance":160,"health":3200}}},
{"id":"talisman_look:10052","key":10052,"value":{"status":2,"cost":208010535,"costAmount":3,"attackPercent":1.4,"battlePower":23,"stats":{"attack":640,"armor":320,"resistance":320,"health":6400}}},
{"id":"talisman_look:10053","key":10053,"value":{"status":3,"cost":208010535,"costAmount":5,"attackPercent":1.6,"battlePower":33,"stats":{"attack":960,"armor":480,"resistance":480,"health":9600}}},
{"id":"talisman_look:10054","key":10054,"value":{"status":4,"cost":208010535,"costAmount":8,"attackPercent":1.8,"battlePower":45,"stats":{"attack":1280,"armor":640,"resistance":640,"health":12800}}},
{"id":"talisman_look:10055","key":10055,"value":{"status":5,"cost":208010535,"costAmount":10,"attackPercent":2,"battlePower":60,"stats":{"attack":1600,"armor":800,"resistance":800,"health":16000}}}
]}
