{"total_rows":54,"offset":0,"rows":[
{"id":"equipment_set_props:11011","key":[1101,1],"value":{"resistance":300,"ATK":300,"bp":5}},
{"id":"equipment_set_props:11012","key":[1101,2],"value":{"attack":600,"MHP":300,"bp":5}},
{"id":"equipment_set_props:11014","key":[1101,4],"value":{"armor":300,"health":6000,"damageIncrease":300,"bp":10}},
{"id":"equipment_set_props:12012","key":[1201,2],"value":{"attack":440,"MHP":300,"bp":0}},
{"id":"equipment_set_props:12014","key":[1201,4],"value":{"armor":220,"health":4420,"ATK":300,"bp":3}},
{"id":"equipment_set_props:12016","key":[1201,6],"value":{"resistance":220,"blockDamage":600,"damageIncrease":300,"bp":3}},
{"id":"equipment_set_props:12022","key":[1202,2],"value":{"attack":660,"MHP":300,"bp":0}},
{"id":"equipment_set_props:12024","key":[1202,4],"value":{"armor":330,"health":6600,"ATK":300,"bp":6}},
{"id":"equipment_set_props:12026","key":[1202,6],"value":{"resistance":330,"blockDamage":600,"damageIncrease":300,"bp":6}},
{"id":"equipment_set_props:12032","key":[1203,2],"value":{"attack":920,"MHP":300,"bp":0}},
{"id":"equipment_set_props:12034","key":[1203,4],"value":{"armor":460,"health":9220,"ATK":300,"bp":12}},
{"id":"equipment_set_props:12036","key":[1203,6],"value":{"resistance":460,"blockDamage":600,"damageIncrease":300,"bp":12}},
{"id":"equipment_set_props:12042","key":[1204,2],"value":{"attack":1230,"MHP":300,"bp":0}},
{"id":"equipment_set_props:12044","key":[1204,4],"value":{"armor":610,"health":12260,"ATK":300,"bp":21}},
{"id":"equipment_set_props:12046","key":[1204,6],"value":{"resistance":610,"blockDamage":600,"damageIncrease":300,"bp":21}},
{"id":"equipment_set_props:12052","key":[1205,2],"value":{"attack":1570,"MHP":300,"bp":0}},
{"id":"equipment_set_props:12054","key":[1205,4],"value":{"armor":790,"health":15740,"ATK":300,"bp":30}},
{"id":"equipment_set_props:12056","key":[1205,6],"value":{"resistance":790,"blockDamage":600,"damageIncrease":300,"bp":30}},
{"id":"equipment_set_props:12062","key":[1206,2],"value":{"attack":1970,"MHP":300,"bp":0}},
{"id":"equipment_set_props:12064","key":[1206,4],"value":{"armor":980,"health":19660,"ATK":300,"bp":45}},
{"id":"equipment_set_props:12066","key":[1206,6],"value":{"resistance":980,"blockDamage":600,"damageIncrease":300,"bp":45}},
{"id":"equipment_set_props:12072","key":[1207,2],"value":{"attack":2110,"MHP":300,"bp":0}},
{"id":"equipment_set_props:12074","key":[1207,4],"value":{"armor":1050,"health":21060,"ATK":300,"bp":60}},
{"id":"equipment_set_props:12076","key":[1207,6],"value":{"resistance":1050,"blockDamage":600,"damageIncrease":300,"bp":60}},
{"id":"equipment_set_props:12082","key":[1208,2],"value":{"attack":2400,"MHP":300,"bp":0}},
{"id":"equipment_set_props:12084","key":[1208,4],"value":{"armor":1200,"health":24000,"ATK":300,"bp":75}},
{"id":"equipment_set_props:12086","key":[1208,6],"value":{"resistance":1200,"blockDamage":600,"damageIncrease":300,"bp":75}},
{"id":"equipment_set_props:21011","key":[2101,1],"value":{"resistance":600,"ATK":500,"bp":10}},
{"id":"equipment_set_props:21012","key":[2101,2],"value":{"attack":1200,"MHP":500,"bp":10}},
{"id":"equipment_set_props:21014","key":[2101,4],"value":{"armor":600,"health":12000,"damageIncrease":500,"bp":20}},
{"id":"equipment_set_props:22012","key":[2201,2],"value":{"attack":880,"MHP":500,"bp":2}},
{"id":"equipment_set_props:22014","key":[2201,4],"value":{"armor":440,"health":8840,"ATK":500,"bp":2}},
{"id":"equipment_set_props:22016","key":[2201,6],"value":{"resistance":440,"blockDamage":1000,"damageIncrease":500,"bp":4}},
{"id":"equipment_set_props:22022","key":[2202,2],"value":{"attack":1320,"MHP":500,"bp":4}},
{"id":"equipment_set_props:22024","key":[2202,4],"value":{"armor":660,"health":13200,"ATK":500,"bp":4}},
{"id":"equipment_set_props:22026","key":[2202,6],"value":{"resistance":660,"blockDamage":1000,"damageIncrease":500,"bp":8}},
{"id":"equipment_set_props:22032","key":[2203,2],"value":{"attack":1840,"MHP":500,"bp":8}},
{"id":"equipment_set_props:22034","key":[2203,4],"value":{"armor":920,"health":18440,"ATK":500,"bp":8}},
{"id":"equipment_set_props:22036","key":[2203,6],"value":{"resistance":920,"blockDamage":1000,"damageIncrease":500,"bp":16}},
{"id":"equipment_set_props:22042","key":[2204,2],"value":{"attack":2460,"MHP":500,"bp":14}},
{"id":"equipment_set_props:22044","key":[2204,4],"value":{"armor":1220,"health":24520,"ATK":500,"bp":14}},
{"id":"equipment_set_props:22046","key":[2204,6],"value":{"resistance":1220,"blockDamage":1000,"damageIncrease":500,"bp":28}},
{"id":"equipment_set_props:22052","key":[2205,2],"value":{"attack":3140,"MHP":500,"bp":20}},
{"id":"equipment_set_props:22054","key":[2205,4],"value":{"armor":1580,"health":31480,"ATK":500,"bp":20}},
{"id":"equipment_set_props:22056","key":[2205,6],"value":{"resistance":1580,"blockDamage":1000,"damageIncrease":500,"bp":40}},
{"id":"equipment_set_props:22062","key":[2206,2],"value":{"attack":3940,"MHP":500,"bp":30}},
{"id":"equipment_set_props:22064","key":[2206,4],"value":{"armor":1960,"health":39320,"ATK":500,"bp":30}},
{"id":"equipment_set_props:22066","key":[2206,6],"value":{"resistance":1960,"blockDamage":1000,"damageIncrease":500,"bp":60}},
{"id":"equipment_set_props:22072","key":[2207,2],"value":{"attack":4220,"MHP":500,"bp":40}},
{"id":"equipment_set_props:22074","key":[2207,4],"value":{"armor":2100,"health":42120,"ATK":500,"bp":40}},
{"id":"equipment_set_props:22076","key":[2207,6],"value":{"resistance":2100,"blockDamage":1000,"damageIncrease":500,"bp":80}},
{"id":"equipment_set_props:22082","key":[2208,2],"value":{"attack":4800,"MHP":500,"bp":50}},
{"id":"equipment_set_props:22084","key":[2208,4],"value":{"armor":2400,"health":48000,"ATK":500,"bp":50}},
{"id":"equipment_set_props:22086","key":[2208,6],"value":{"resistance":2400,"blockDamage":1000,"damageIncrease":500,"bp":100}}
]}
