{"total_rows":3,"offset":0,"rows":[
{"id":"eudemon_spirit_territory:1","key":421001,"value":{"enterCond":1,"forgeTimes":5,"effectRefreshTime":[0,12],"weight":[2500,2500,2500,1500,1000],"altars":[620001,620002,620003,620004,620005],"positions":[[36,35],[18,35],[27,19]]}},
{"id":"eudemon_spirit_territory:2","key":421002,"value":{"enterCond":2,"forgeTimes":5,"effectRefreshTime":[0,12],"weight":[2500,2500,2500,1500,1000],"altars":[620001,620002,620003,620004,620005],"positions":[[36,35],[18,35],[27,19]]}},
{"id":"eudemon_spirit_territory:3","key":421003,"value":{"enterCond":3,"forgeTimes":5,"effectRefreshTime":[0,12],"weight":[2500,2500,2500,1500,1000],"altars":[620001,620002,620003,620004,620005],"positions":[[36,35],[18,35],[27,19]]}}
]}
