{"total_rows":77,"offset":0,"rows":[
{"id":"eudemon_rank:203010201:1","key":[203010201,1],"value":{"require":{"score":6000,"level":100},"minor":{"score":2000,"rank":0,"level":60},"rankScore":400,"spiritUnlock":1,"props":{"health":1200,"minPhysicalAttack":220,"maxPhysicalAttack":260,"minMagicAttack":0,"maxMagicAttack":0,"armor":120,"resistance":90}}},
{"id":"eudemon_rank:203010201:2","key":[203010201,2],"value":{"require":{"score":15000,"level":150},"minor":{"score":5000,"rank":0,"level":90},"rankScore":600,"spiritUnlock":2,"props":{"health":1800,"minPhysicalAttack":320,"maxPhysicalAttack":400,"minMagicAttack":0,"maxMagicAttack":0,"armor":180,"resistance":140}}},
{"id":"eudemon_rank:203010201:3","key":[203010201,3],"value":{"require":{"score":27000,"level":200},"minor":{"score":9000,"rank":1,"level":120},"rankScore":1000,"spiritUnlock":3,"props":{"health":2400,"minPhysicalAttack":430,"maxPhysicalAttack":530,"minMagicAttack":0,"maxMagicAttack":0,"armor":240,"resistance":180}}},
{"id":"eudemon_rank:203010202:1","key":[203010202,1],"value":{"require":{"score":6000,"level":100},"minor":{"score":2000,"rank":0,"level":60},"rankScore":400,"spiritUnlock":1,"props":{"health":1200,"minPhysicalAttack":0,"maxPhysicalAttack":0,"minMagicAttack":220,"maxMagicAttack":260,"armor":90,"resistance":120}}},
{"id":"eudemon_rank:203010202:2","key":[203010202,2],"value":{"require":{"score":15000,"level":150},"minor":{"score":5000,"rank":0,"level":90},"rankScore":600,"spiritUnlock":2,"props":{"health":1800,"minPhysicalAttack":0,"maxPhysicalAttack":0,"minMagicAttack":320,"maxMagicAttack":400,"armor":140,"resistance":180}}},
{"id":"eudemon_rank:203010202:3","key":[203010202,3],"value":{"require":{"score":27000,"level":200},"minor":{"score":9000,"rank":1,"level":120},"rankScore":1000,"spiritUnlock":3,"props":{"health":2400,"minPhysicalAttack":0,"maxPhysicalAttack":0,"minMagicAttack":430,"maxMagicAttack":530,"armor":180,"resistance":240}}},
{"id":"eudemon_rank:203010203:1","key":[203010203,1],"value":{"require":{"score":6000,"level":100},"minor":{"score":2000,"rank":0,"level":60},"rankScore":400,"spiritUnlock":1,"props":{"health":1200,"minPhysicalAttack":220,"maxPhysicalAttack":260,"minMagicAttack":0,"maxMagicAttack":0,"armor":120,"resistance":90}}},
{"id":"eudemon_rank:203010203:2","key":[203010203,2],"value":{"require":{"score":15000,"level":150},"minor":{"score":5000,"rank":0,"level":90},"rankScore":600,"spiritUnlock":2,"props":{"health":1800,"minPhysicalAttack":320,"maxPhysicalAttack":400,"minMagicAttack":0,"maxMagicAttack":0,"armor":180,"resistance":140}}},
{"id":"eudemon_rank:203010203:3","key":[203010203,3],"value":{"require":{"score":27000,"level":200},"minor":{"score":9000,"rank":1,"level":120},"rankScore":1000,"spiritUnlock":3,"props":{"health":2400,"minPhysicalAttack":430,"maxPhysicalAttack":530,"minMagicAttack":0,"maxMagicAttack":0,"armor":240,"resistance":180}}},
{"id":"eudemon_rank:203010204:1","key":[203010204,1],"value":{"require":{"score":6000,"level":100},"minor":{"score":2000,"rank":0,"level":60},"rankScore":400,"spiritUnlock":1,"props":{"health":1200,"minPhysicalAttack":0,"maxPhysicalAttack":0,"minMagicAttack":220,"maxMagicAttack":260,"armor":90,"resistance":120}}},
{"id":"eudemon_rank:203010204:2","key":[203010204,2],"value":{"require":{"score":15000,"level":150},"minor":{"score":5000,"rank":0,"level":90},"rankScore":600,"spiritUnlock":2,"props":{"health":1800,"minPhysicalAttack":0,"maxPhysicalAttack":0,"minMagicAttack":320,"maxMagicAttack":400,"armor":140,"resistance":180}}},
{"id":"eudemon_rank:203010204:3","key":[203010204,3],"value":{"require":{"score":27000,"level":200},"minor":{"score":9000,"rank":1,"level":120},"rankScore":1000,"spiritUnlock":3,"props":{"health":2400,"minPhysicalAttack":0,"maxPhysicalAttack":0,"minMagicAttack":430,"maxMagicAttack":530,"armor":180,"resistance":240}}},
{"id":"eudemon_rank:203010301:1","key":[203010301,1],"value":{"require":{"score":6000,"level":100},"minor":{"score":2000,"rank":0,"level":60},"rankScore":600,"spiritUnlock":1,"props":{"health":1560,"minPhysicalAttack":0,"maxPhysicalAttack":0,"minMagicAttack":280,"maxMagicAttack":340,"armor":120,"resistance":160}}},
{"id":"eudemon_rank:203010301:2","key":[203010301,2],"value":{"require":{"score":15000,"level":150},"minor":{"score":5000,"rank":0,"level":90},"rankScore":900,"spiritUnlock":2,"props":{"health":2340,"minPhysicalAttack":0,"maxPhysicalAttack":0,"minMagicAttack":420,"maxMagicAttack":520,"armor":170,"resistance":230}}},
{"id":"eudemon_rank:203010301:3","key":[203010301,3],"value":{"require":{"score":27000,"level":200},"minor":{"score":9000,"rank":1,"level":120},"rankScore":1500,"spiritUnlock":3,"props":{"health":3120,"minPhysicalAttack":0,"maxPhysicalAttack":0,"minMagicAttack":560,"maxMagicAttack":690,"armor":230,"resistance":310}}},
{"id":"eudemon_rank:203010302:1","key":[203010302,1],"value":{"require":{"score":6000,"level":100},"minor":{"score":2000,"rank":0,"level":60},"rankScore":600,"spiritUnlock":1,"props":{"health":1560,"minPhysicalAttack":280,"maxPhysicalAttack":340,"minMagicAttack":0,"maxMagicAttack":0,"armor":160,"resistance":120}}},
{"id":"eudemon_rank:203010302:2","key":[203010302,2],"value":{"require":{"score":15000,"level":150},"minor":{"score":5000,"rank":0,"level":90},"rankScore":900,"spiritUnlock":2,"props":{"health":2340,"minPhysicalAttack":420,"maxPhysicalAttack":520,"minMagicAttack":0,"maxMagicAttack":0,"armor":230,"resistance":170}}},
{"id":"eudemon_rank:203010302:3","key":[203010302,3],"value":{"require":{"score":27000,"level":200},"minor":{"score":9000,"rank":1,"level":120},"rankScore":1500,"spiritUnlock":3,"props":{"health":3120,"minPhysicalAttack":560,"maxPhysicalAttack":690,"minMagicAttack":0,"maxMagicAttack":0,"armor":310,"resistance":230}}},
{"id":"eudemon_rank:203010303:1","key":[203010303,1],"value":{"require":{"score":6000,"level":100},"minor":{"score":2000,"rank":0,"level":60},"rankScore":600,"spiritUnlock":1,"props":{"health":1250,"minPhysicalAttack":0,"maxPhysicalAttack":0,"minMagicAttack":300,"maxMagicAttack":570,"armor":50,"resistance":60}}},
{"id":"eudemon_rank:203010303:2","key":[203010303,2],"value":{"require":{"score":15000,"level":150},"minor":{"score":5000,"rank":0,"level":90},"rankScore":900,"spiritUnlock":2,"props":{"health":1870,"minPhysicalAttack":0,"maxPhysicalAttack":0,"minMagicAttack":460,"maxMagicAttack":850,"armor":70,"resistance":100}}},
{"id":"eudemon_rank:203010303:3","key":[203010303,3],"value":{"require":{"score":27000,"level":200},"minor":{"score":9000,"rank":1,"level":120},"rankScore":1500,"spiritUnlock":3,"props":{"health":2500,"minPhysicalAttack":0,"maxPhysicalAttack":0,"minMagicAttack":610,"maxMagicAttack":1140,"armor":100,"resistance":130}}},
{"id":"eudemon_rank:203010304:1","key":[203010304,1],"value":{"require":{"score":6000,"level":100},"minor":{"score":2000,"rank":0,"level":60},"rankScore":600,"spiritUnlock":1,"props":{"health":1250,"minPhysicalAttack":300,"maxPhysicalAttack":570,"minMagicAttack":0,"maxMagicAttack":0,"armor":60,"resistance":50}}},
{"id":"eudemon_rank:203010304:2","key":[203010304,2],"value":{"require":{"score":15000,"level":150},"minor":{"score":5000,"rank":0,"level":90},"rankScore":900,"spiritUnlock":2,"props":{"health":1870,"minPhysicalAttack":460,"maxPhysicalAttack":850,"minMagicAttack":0,"maxMagicAttack":0,"armor":100,"resistance":70}}},
{"id":"eudemon_rank:203010304:3","key":[203010304,3],"value":{"require":{"score":27000,"level":200},"minor":{"score":9000,"rank":1,"level":120},"rankScore":1500,"spiritUnlock":3,"props":{"health":2500,"minPhysicalAttack":610,"maxPhysicalAttack":1140,"minMagicAttack":0,"maxMagicAttack":0,"armor":130,"resistance":100}}},
{"id":"eudemon_rank:203010306:1","key":[203010306,1],"value":{"require":{"score":6000,"level":100},"minor":{"score":2000,"rank":0,"level":60},"rankScore":800,"spiritUnlock":1,"props":{"health":1920,"minPhysicalAttack":170,"maxPhysicalAttack":210,"minMagicAttack":170,"maxMagicAttack":210,"armor":290,"resistance":290}}},
{"id":"eudemon_rank:203010306:2","key":[203010306,2],"value":{"require":{"score":15000,"level":150},"minor":{"score":5000,"rank":0,"level":90},"rankScore":1200,"spiritUnlock":2,"props":{"health":2880,"minPhysicalAttack":260,"maxPhysicalAttack":320,"minMagicAttack":260,"maxMagicAttack":320,"armor":430,"resistance":430}}},
{"id":"eudemon_rank:203010306:3","key":[203010306,3],"value":{"require":{"score":27000,"level":200},"minor":{"score":9000,"rank":1,"level":120},"rankScore":2000,"spiritUnlock":3,"props":{"health":3840,"minPhysicalAttack":340,"maxPhysicalAttack":420,"minMagicAttack":340,"maxMagicAttack":420,"armor":580,"resistance":580}}},
{"id":"eudemon_rank:203010401:1","key":[203010401,1],"value":{"require":{"score":6000,"level":100},"minor":{"score":2000,"rank":0,"level":80},"rankScore":800,"spiritUnlock":1,"props":{"health":4220,"minPhysicalAttack":0,"maxPhysicalAttack":0,"minMagicAttack":340,"maxMagicAttack":510,"armor":70,"resistance":100}}},
{"id":"eudemon_rank:203010401:2","key":[203010401,2],"value":{"require":{"score":15000,"level":150},"minor":{"score":5000,"rank":1,"level":100},"rankScore":1200,"spiritUnlock":2,"props":{"health":6340,"minPhysicalAttack":0,"maxPhysicalAttack":0,"minMagicAttack":500,"maxMagicAttack":760,"armor":110,"resistance":140}}},
{"id":"eudemon_rank:203010401:3","key":[203010401,3],"value":{"require":{"score":27000,"level":200},"minor":{"score":9000,"rank":1,"level":120},"rankScore":2000,"spiritUnlock":3,"props":{"health":8450,"minPhysicalAttack":0,"maxPhysicalAttack":0,"minMagicAttack":670,"maxMagicAttack":1020,"armor":140,"resistance":190}}},
{"id":"eudemon_rank:203010402:1","key":[203010402,1],"value":{"require":{"score":6000,"level":100},"minor":{"score":2000,"rank":0,"level":80},"rankScore":800,"spiritUnlock":1,"props":{"health":4220,"minPhysicalAttack":340,"maxPhysicalAttack":510,"minMagicAttack":0,"maxMagicAttack":0,"armor":100,"resistance":70}}},
{"id":"eudemon_rank:203010402:2","key":[203010402,2],"value":{"require":{"score":15000,"level":150},"minor":{"score":5000,"rank":1,"level":100},"rankScore":1200,"spiritUnlock":2,"props":{"health":6340,"minPhysicalAttack":500,"maxPhysicalAttack":760,"minMagicAttack":0,"maxMagicAttack":0,"armor":140,"resistance":110}}},
{"id":"eudemon_rank:203010402:3","key":[203010402,3],"value":{"require":{"score":27000,"level":200},"minor":{"score":9000,"rank":1,"level":120},"rankScore":2000,"spiritUnlock":3,"props":{"health":8450,"minPhysicalAttack":670,"maxPhysicalAttack":1020,"minMagicAttack":0,"maxMagicAttack":0,"armor":190,"resistance":140}}},
{"id":"eudemon_rank:203010403:1","key":[203010403,1],"value":{"require":{"score":6000,"level":100},"minor":{"score":2000,"rank":0,"level":80},"rankScore":800,"spiritUnlock":1,"props":{"health":4990,"minPhysicalAttack":70,"maxPhysicalAttack":80,"minMagicAttack":70,"maxMagicAttack":80,"armor":250,"resistance":250}}},
{"id":"eudemon_rank:203010403:2","key":[203010403,2],"value":{"require":{"score":15000,"level":150},"minor":{"score":5000,"rank":1,"level":100},"rankScore":1200,"spiritUnlock":2,"props":{"health":7490,"minPhysicalAttack":100,"maxPhysicalAttack":130,"minMagicAttack":100,"maxMagicAttack":130,"armor":370,"resistance":370}}},
{"id":"eudemon_rank:203010403:3","key":[203010403,3],"value":{"require":{"score":27000,"level":200},"minor":{"score":9000,"rank":1,"level":120},"rankScore":2000,"spiritUnlock":3,"props":{"health":9980,"minPhysicalAttack":140,"maxPhysicalAttack":170,"minMagicAttack":140,"maxMagicAttack":170,"armor":500,"resistance":500}}},
{"id":"eudemon_rank:203010404:1","key":[203010404,1],"value":{"require":{"score":6000,"level":100},"minor":{"score":2000,"rank":0,"level":80},"rankScore":800,"spiritUnlock":1,"props":{"health":1230,"minPhysicalAttack":0,"maxPhysicalAttack":0,"minMagicAttack":470,"maxMagicAttack":870,"armor":50,"resistance":60}}},
{"id":"eudemon_rank:203010404:2","key":[203010404,2],"value":{"require":{"score":15000,"level":150},"minor":{"score":5000,"rank":1,"level":100},"rankScore":1200,"spiritUnlock":2,"props":{"health":1840,"minPhysicalAttack":0,"maxPhysicalAttack":0,"minMagicAttack":710,"maxMagicAttack":1310,"armor":70,"resistance":90}}},
{"id":"eudemon_rank:203010404:3","key":[203010404,3],"value":{"require":{"score":27000,"level":200},"minor":{"score":9000,"rank":1,"level":120},"rankScore":2000,"spiritUnlock":3,"props":{"health":2460,"minPhysicalAttack":0,"maxPhysicalAttack":0,"minMagicAttack":940,"maxMagicAttack":1740,"armor":100,"resistance":120}}},
{"id":"eudemon_rank:203010405:1","key":[203010405,1],"value":{"require":{"score":6000,"level":100},"minor":{"score":2000,"rank":0,"level":80},"rankScore":800,"spiritUnlock":1,"props":{"health":1230,"minPhysicalAttack":470,"maxPhysicalAttack":870,"minMagicAttack":0,"maxMagicAttack":0,"armor":60,"resistance":50}}},
{"id":"eudemon_rank:203010405:2","key":[203010405,2],"value":{"require":{"score":15000,"level":150},"minor":{"score":5000,"rank":1,"level":100},"rankScore":1200,"spiritUnlock":2,"props":{"health":1840,"minPhysicalAttack":710,"maxPhysicalAttack":1310,"minMagicAttack":0,"maxMagicAttack":0,"armor":90,"resistance":70}}},
{"id":"eudemon_rank:203010405:3","key":[203010405,3],"value":{"require":{"score":27000,"level":200},"minor":{"score":9000,"rank":1,"level":120},"rankScore":2000,"spiritUnlock":3,"props":{"health":2460,"minPhysicalAttack":940,"maxPhysicalAttack":1740,"minMagicAttack":0,"maxMagicAttack":0,"armor":120,"resistance":100}}},
{"id":"eudemon_rank:203010406:1","key":[203010406,1],"value":{"require":{"score":6000,"level":100},"minor":{"score":2000,"rank":0,"level":80},"rankScore":800,"spiritUnlock":1,"props":{"health":4990,"minPhysicalAttack":70,"maxPhysicalAttack":80,"minMagicAttack":70,"maxMagicAttack":80,"armor":250,"resistance":250}}},
{"id":"eudemon_rank:203010406:2","key":[203010406,2],"value":{"require":{"score":15000,"level":150},"minor":{"score":5000,"rank":1,"level":100},"rankScore":1200,"spiritUnlock":2,"props":{"health":7490,"minPhysicalAttack":100,"maxPhysicalAttack":130,"minMagicAttack":100,"maxMagicAttack":130,"armor":370,"resistance":370}}},
{"id":"eudemon_rank:203010406:3","key":[203010406,3],"value":{"require":{"score":27000,"level":200},"minor":{"score":9000,"rank":1,"level":120},"rankScore":2000,"spiritUnlock":3,"props":{"health":9980,"minPhysicalAttack":140,"maxPhysicalAttack":170,"minMagicAttack":140,"maxMagicAttack":170,"armor":500,"resistance":500}}},
{"id":"eudemon_rank:203010406:4","key":[203010406,4],"value":{"require":{"score":42000,"level":250},"minor":{"score":14000,"rank":2,"level":150},"rankScore":3000,"spiritUnlock":3,"props":{"health":12480,"minPhysicalAttack":170,"maxPhysicalAttack":210,"minMagicAttack":170,"maxMagicAttack":210,"armor":620,"resistance":620}}},
{"id":"eudemon_rank:203010502:1","key":[203010502,1],"value":{"require":{"score":6000,"level":100},"minor":{"score":2000,"rank":0,"level":80},"rankScore":1000,"spiritUnlock":1,"props":{"health":1920,"minPhysicalAttack":440,"maxPhysicalAttack":810,"minMagicAttack":440,"maxMagicAttack":810,"armor":100,"resistance":100}}},
{"id":"eudemon_rank:203010502:2","key":[203010502,2],"value":{"require":{"score":15000,"level":150},"minor":{"score":5000,"rank":1,"level":100},"rankScore":1500,"spiritUnlock":2,"props":{"health":2880,"minPhysicalAttack":650,"maxPhysicalAttack":1220,"minMagicAttack":650,"maxMagicAttack":1220,"armor":140,"resistance":140}}},
{"id":"eudemon_rank:203010502:3","key":[203010502,3],"value":{"require":{"score":27000,"level":200},"minor":{"score":9000,"rank":1,"level":120},"rankScore":2500,"spiritUnlock":3,"props":{"health":3840,"minPhysicalAttack":870,"maxPhysicalAttack":1620,"minMagicAttack":870,"maxMagicAttack":1620,"armor":190,"resistance":190}}},
{"id":"eudemon_rank:203010502:4","key":[203010502,4],"value":{"require":{"score":42000,"level":250},"minor":{"score":14000,"rank":2,"level":150},"rankScore":3750,"spiritUnlock":3,"props":{"health":4800,"minPhysicalAttack":1090,"maxPhysicalAttack":2030,"minMagicAttack":1090,"maxMagicAttack":2030,"armor":240,"resistance":240}}},
{"id":"eudemon_rank:203010503:1","key":[203010503,1],"value":{"require":{"score":6000,"level":100},"minor":{"score":2000,"rank":0,"level":80},"rankScore":1000,"spiritUnlock":1,"props":{"health":1920,"minPhysicalAttack":0,"maxPhysicalAttack":0,"minMagicAttack":540,"maxMagicAttack":810,"armor":100,"resistance":70}}},
{"id":"eudemon_rank:203010503:2","key":[203010503,2],"value":{"require":{"score":15000,"level":150},"minor":{"score":5000,"rank":1,"level":100},"rankScore":1500,"spiritUnlock":2,"props":{"health":2880,"minPhysicalAttack":0,"maxPhysicalAttack":0,"minMagicAttack":800,"maxMagicAttack":1210,"armor":140,"resistance":110}}},
{"id":"eudemon_rank:203010503:3","key":[203010503,3],"value":{"require":{"score":27000,"level":200},"minor":{"score":9000,"rank":1,"level":120},"rankScore":2500,"spiritUnlock":3,"props":{"health":3840,"minPhysicalAttack":0,"maxPhysicalAttack":0,"minMagicAttack":1070,"maxMagicAttack":1620,"armor":190,"resistance":140}}},
{"id":"eudemon_rank:203010503:4","key":[203010503,4],"value":{"require":{"score":42000,"level":250},"minor":{"score":14000,"rank":2,"level":150},"rankScore":3750,"spiritUnlock":3,"props":{"health":4800,"minPhysicalAttack":0,"maxPhysicalAttack":0,"minMagicAttack":1340,"maxMagicAttack":2020,"armor":240,"resistance":180}}},
{"id":"eudemon_rank:203010504:1","key":[203010504,1],"value":{"require":{"score":6000,"level":100},"minor":{"score":2000,"rank":0,"level":80},"rankScore":1000,"spiritUnlock":1,"props":{"health":1920,"minPhysicalAttack":540,"maxPhysicalAttack":810,"minMagicAttack":0,"maxMagicAttack":0,"armor":70,"resistance":100}}},
{"id":"eudemon_rank:203010504:2","key":[203010504,2],"value":{"require":{"score":15000,"level":150},"minor":{"score":5000,"rank":1,"level":100},"rankScore":1500,"spiritUnlock":2,"props":{"health":2880,"minPhysicalAttack":800,"maxPhysicalAttack":1210,"minMagicAttack":0,"maxMagicAttack":0,"armor":110,"resistance":140}}},
{"id":"eudemon_rank:203010504:3","key":[203010504,3],"value":{"require":{"score":27000,"level":200},"minor":{"score":9000,"rank":1,"level":120},"rankScore":2500,"spiritUnlock":3,"props":{"health":3840,"minPhysicalAttack":1070,"maxPhysicalAttack":1620,"minMagicAttack":0,"maxMagicAttack":0,"armor":140,"resistance":190}}},
{"id":"eudemon_rank:203010504:4","key":[203010504,4],"value":{"require":{"score":42000,"level":250},"minor":{"score":14000,"rank":2,"level":150},"rankScore":3750,"spiritUnlock":3,"props":{"health":4800,"minPhysicalAttack":1340,"maxPhysicalAttack":2020,"minMagicAttack":0,"maxMagicAttack":0,"armor":180,"resistance":240}}},
{"id":"eudemon_rank:203010505:1","key":[203010505,1],"value":{"require":{"score":6000,"level":100},"minor":{"score":2000,"rank":0,"level":80},"rankScore":1200,"spiritUnlock":1,"props":{"health":3000,"minPhysicalAttack":590,"maxPhysicalAttack":1090,"minMagicAttack":590,"maxMagicAttack":1090,"armor":150,"resistance":150}}},
{"id":"eudemon_rank:203010505:2","key":[203010505,2],"value":{"require":{"score":15000,"level":150},"minor":{"score":5000,"rank":1,"level":100},"rankScore":1800,"spiritUnlock":2,"props":{"health":4500,"minPhysicalAttack":880,"maxPhysicalAttack":1640,"minMagicAttack":880,"maxMagicAttack":1640,"armor":230,"resistance":230}}},
{"id":"eudemon_rank:203010505:3","key":[203010505,3],"value":{"require":{"score":27000,"level":200},"minor":{"score":9000,"rank":1,"level":120},"rankScore":3000,"spiritUnlock":3,"props":{"health":6000,"minPhysicalAttack":1180,"maxPhysicalAttack":2180,"minMagicAttack":1180,"maxMagicAttack":2180,"armor":300,"resistance":300}}},
{"id":"eudemon_rank:203010505:4","key":[203010505,4],"value":{"require":{"score":42000,"level":250},"minor":{"score":14000,"rank":2,"level":150},"rankScore":4500,"spiritUnlock":3,"props":{"health":7500,"minPhysicalAttack":1470,"maxPhysicalAttack":2730,"minMagicAttack":1470,"maxMagicAttack":2730,"armor":380,"resistance":380}}},
{"id":"eudemon_rank:203010505:5","key":[203010505,5],"value":{"require":{"score":60000,"level":300},"minor":{"score":20000,"rank":2,"level":180},"rankScore":6000,"spiritUnlock":3,"props":{"health":9000,"minPhysicalAttack":1760,"maxPhysicalAttack":3280,"minMagicAttack":1760,"maxMagicAttack":3280,"armor":460,"resistance":460}}},
{"id":"eudemon_rank:203010506:1","key":[203010506,1],"value":{"require":{"score":6000,"level":100},"minor":{"score":2000,"rank":0,"level":80},"rankScore":1000,"spiritUnlock":1,"props":{"health":2400,"minPhysicalAttack":430,"maxPhysicalAttack":530,"minMagicAttack":430,"maxMagicAttack":530,"armor":240,"resistance":240}}},
{"id":"eudemon_rank:203010506:2","key":[203010506,2],"value":{"require":{"score":15000,"level":150},"minor":{"score":5000,"rank":1,"level":100},"rankScore":1500,"spiritUnlock":2,"props":{"health":3600,"minPhysicalAttack":650,"maxPhysicalAttack":790,"minMagicAttack":650,"maxMagicAttack":790,"armor":360,"resistance":360}}},
{"id":"eudemon_rank:203010506:3","key":[203010506,3],"value":{"require":{"score":27000,"level":200},"minor":{"score":9000,"rank":1,"level":120},"rankScore":2500,"spiritUnlock":3,"props":{"health":4800,"minPhysicalAttack":860,"maxPhysicalAttack":1060,"minMagicAttack":860,"maxMagicAttack":1060,"armor":480,"resistance":480}}},
{"id":"eudemon_rank:203010506:4","key":[203010506,4],"value":{"require":{"score":42000,"level":250},"minor":{"score":14000,"rank":2,"level":150},"rankScore":3750,"spiritUnlock":3,"props":{"health":6000,"minPhysicalAttack":1080,"maxPhysicalAttack":1320,"minMagicAttack":1080,"maxMagicAttack":1320,"armor":600,"resistance":600}}},
{"id":"eudemon_rank:203010507:1","key":[203010507,1],"value":{"require":{"score":6000,"level":100},"minor":{"score":2000,"rank":0,"level":80},"rankScore":1200,"spiritUnlock":1,"props":{"health":3000,"minPhysicalAttack":590,"maxPhysicalAttack":1090,"minMagicAttack":590,"maxMagicAttack":1090,"armor":150,"resistance":150}}},
{"id":"eudemon_rank:203010507:2","key":[203010507,2],"value":{"require":{"score":15000,"level":150},"minor":{"score":5000,"rank":1,"level":100},"rankScore":1800,"spiritUnlock":2,"props":{"health":4500,"minPhysicalAttack":880,"maxPhysicalAttack":1640,"minMagicAttack":880,"maxMagicAttack":1640,"armor":230,"resistance":230}}},
{"id":"eudemon_rank:203010507:3","key":[203010507,3],"value":{"require":{"score":27000,"level":200},"minor":{"score":9000,"rank":1,"level":120},"rankScore":3000,"spiritUnlock":3,"props":{"health":6000,"minPhysicalAttack":1180,"maxPhysicalAttack":2180,"minMagicAttack":1180,"maxMagicAttack":2180,"armor":300,"resistance":300}}},
{"id":"eudemon_rank:203010507:4","key":[203010507,4],"value":{"require":{"score":42000,"level":250},"minor":{"score":14000,"rank":2,"level":150},"rankScore":4500,"spiritUnlock":3,"props":{"health":7500,"minPhysicalAttack":1470,"maxPhysicalAttack":2730,"minMagicAttack":1470,"maxMagicAttack":2730,"armor":380,"resistance":380}}},
{"id":"eudemon_rank:203010507:5","key":[203010507,5],"value":{"require":{"score":60000,"level":300},"minor":{"score":20000,"rank":2,"level":180},"rankScore":6000,"spiritUnlock":3,"props":{"health":9000,"minPhysicalAttack":1760,"maxPhysicalAttack":3280,"minMagicAttack":1760,"maxMagicAttack":3280,"armor":460,"resistance":460}}},
{"id":"eudemon_rank:203010508:1","key":[203010508,1],"value":{"require":{"score":6000,"level":100},"minor":{"score":2000,"rank":0,"level":80},"rankScore":1200,"spiritUnlock":1,"props":{"health":3000,"minPhysicalAttack":590,"maxPhysicalAttack":1090,"minMagicAttack":590,"maxMagicAttack":1090,"armor":150,"resistance":150}}},
{"id":"eudemon_rank:203010508:2","key":[203010508,2],"value":{"require":{"score":15000,"level":150},"minor":{"score":5000,"rank":1,"level":100},"rankScore":1800,"spiritUnlock":2,"props":{"health":4500,"minPhysicalAttack":880,"maxPhysicalAttack":1640,"minMagicAttack":880,"maxMagicAttack":1640,"armor":230,"resistance":230}}},
{"id":"eudemon_rank:203010508:3","key":[203010508,3],"value":{"require":{"score":27000,"level":200},"minor":{"score":9000,"rank":1,"level":120},"rankScore":3000,"spiritUnlock":3,"props":{"health":6000,"minPhysicalAttack":1180,"maxPhysicalAttack":2180,"minMagicAttack":1180,"maxMagicAttack":2180,"armor":300,"resistance":300}}},
{"id":"eudemon_rank:203010508:4","key":[203010508,4],"value":{"require":{"score":42000,"level":250},"minor":{"score":14000,"rank":2,"level":150},"rankScore":4500,"spiritUnlock":3,"props":{"health":7500,"minPhysicalAttack":1470,"maxPhysicalAttack":2730,"minMagicAttack":1470,"maxMagicAttack":2730,"armor":380,"resistance":380}}},
{"id":"eudemon_rank:203010508:5","key":[203010508,5],"value":{"require":{"score":60000,"level":300},"minor":{"score":20000,"rank":2,"level":180},"rankScore":6000,"spiritUnlock":3,"props":{"health":9000,"minPhysicalAttack":1760,"maxPhysicalAttack":3280,"minMagicAttack":1760,"maxMagicAttack":3280,"armor":460,"resistance":460}}}
]}
