{"scoresPerStar":100,"thunderScore":500,"dismissReturnItem":206020201,"recoverHp":[5,5],"cloverId":208030201,"unlockThirdCost":[208030501,1],"raceItems":[208030601,1,208030602,1],"inheritStarItems":[208030701,1],"inheritRankItems":[208030702,1],"inheritStarMin":50,"inheritRankMin":1,"inheritRankQualityMin":4,"checkRaceScore":15000,"propComposeRatio":0.75,"propUpperRatio":0.95,"thunderChance":10,"gainTalentChance":100,"battleLevelLimit":30,"battleRareLimit":2,"snComposeCost":{"ep":888},"sealCostParams":[100,10],"minorPropDist":[[20,900],[40,70],[60,20],[80,6],[90,3],[100,1]],"initPropDist":[[20,900],[40,70],[60,20],[80,6],[90,3],[100,1]],"talentChance":500,"talentLevels":[90,10],"newTalentItem":208030401,"talentScores":[0,200,400,800,1200,1600],"refineTalentItems":[208030101,208030102,208030103,208030104,208030105,208030106],"refineTalentWeights":[[0,80,20],[20,60,20],[20,60,20],[10,80,10],[10,80,10],[20,80,0]],"spellBps":[1,2,3,4,5,6,7,8,9,10]}
