{"total_rows":10,"offset":0,"rows":[
{"id":"eudemon_talent_slot:1","key":1,"value":{"level":100,"unlock":1}},
{"id":"eudemon_talent_slot:2","key":2,"value":{"level":150,"unlock":1}},
{"id":"eudemon_talent_slot:3","key":3,"value":{"level":200,"unlock":1}},
{"id":"eudemon_talent_slot:4","key":4,"value":{"level":230,"unlock":1}},
{"id":"eudemon_talent_slot:5","key":5,"value":{"level":250,"unlock":1}},
{"id":"eudemon_talent_slot:6","key":6,"value":{"level":300,"unlock":0}},
{"id":"eudemon_talent_slot:7","key":7,"value":{"level":300,"unlock":0}},
{"id":"eudemon_talent_slot:8","key":8,"value":{"level":300,"unlock":0}},
{"id":"eudemon_talent_slot:9","key":9,"value":{"level":300,"unlock":0}},
{"id":"eudemon_talent_slot:10","key":10,"value":{"level":300,"unlock":0}}
]}
