{"total_rows":119,"offset":0,"rows":[
{"id":"eudemon_college:10001","key":10001,"value":{"chapter":1,"type":[40401],"target":1,"itemId":206020101,"itemAmount":1,"bind":true}},
{"id":"eudemon_college:10002","key":10002,"value":{"chapter":1,"type":[40403,2],"target":2,"itemId":206020101,"itemAmount":1,"bind":true}},
{"id":"eudemon_college:10003","key":10003,"value":{"chapter":1,"type":[40404],"target":3,"itemId":206020101,"itemAmount":1,"bind":true}},
{"id":"eudemon_college:10004","key":10004,"value":{"chapter":1,"type":[40404],"target":5,"itemId":206020101,"itemAmount":1,"bind":true}},
{"id":"eudemon_college:10005","key":10005,"value":{"chapter":1,"type":[40404],"target":10,"itemId":206020101,"itemAmount":1,"bind":true}},
{"id":"eudemon_college:10006","key":10006,"value":{"chapter":1,"type":[40404],"target":15,"itemId":206020101,"itemAmount":1,"bind":true}},
{"id":"eudemon_college:10007","key":10007,"value":{"chapter":1,"type":[40404],"target":20,"itemId":206020101,"itemAmount":1,"bind":true}},
{"id":"eudemon_college:10008","key":10008,"value":{"chapter":1,"type":[40201],"target":50,"itemId":206020101,"itemAmount":1,"bind":true}},
{"id":"eudemon_college:10009","key":10009,"value":{"chapter":1,"type":[40201],"target":60,"itemId":206020101,"itemAmount":1,"bind":true}},
{"id":"eudemon_college:10010","key":10010,"value":{"chapter":1,"type":[0,1],"target":1,"itemId":[206010304,206010303,206010304],"itemAmount":1,"bind":true}},
{"id":"eudemon_college:20001","key":20001,"value":{"chapter":2,"type":[40403,3],"target":1,"itemId":206020101,"itemAmount":1,"bind":true}},
{"id":"eudemon_college:20002","key":20002,"value":{"chapter":2,"type":[40101,10],"target":1,"itemId":206020101,"itemAmount":1,"bind":true}},
{"id":"eudemon_college:20003","key":20003,"value":{"chapter":2,"type":[40101,20],"target":1,"itemId":206020101,"itemAmount":1,"bind":true}},
{"id":"eudemon_college:20004","key":20004,"value":{"chapter":2,"type":[40101,30],"target":1,"itemId":206020101,"itemAmount":1,"bind":true}},
{"id":"eudemon_college:20005","key":20005,"value":{"chapter":2,"type":[40101,25],"target":2,"itemId":206020101,"itemAmount":2,"bind":true}},
{"id":"eudemon_college:20006","key":20006,"value":{"chapter":2,"type":[40412,1],"target":1,"itemId":206020101,"itemAmount":1,"bind":true}},
{"id":"eudemon_college:20007","key":20007,"value":{"chapter":2,"type":[40201],"target":70,"itemId":206020101,"itemAmount":1,"bind":true}},
{"id":"eudemon_college:20008","key":20008,"value":{"chapter":2,"type":[40201],"target":75,"itemId":206020101,"itemAmount":1,"bind":true}},
{"id":"eudemon_college:20009","key":20009,"value":{"chapter":2,"type":[40201],"target":80,"itemId":206020101,"itemAmount":2,"bind":true}},
{"id":"eudemon_college:20010","key":20010,"value":{"chapter":2,"type":[40201],"target":85,"itemId":206020101,"itemAmount":2,"bind":true}},
{"id":"eudemon_college:20011","key":20011,"value":{"chapter":2,"type":[40201],"target":90,"itemId":206020101,"itemAmount":2,"bind":true}},
{"id":"eudemon_college:20012","key":20012,"value":{"chapter":2,"type":[40201],"target":95,"itemId":206020101,"itemAmount":2,"bind":true}},
{"id":"eudemon_college:20013","key":20013,"value":{"chapter":2,"type":[40201],"target":100,"itemId":206020101,"itemAmount":2,"bind":true}},
{"id":"eudemon_college:20014","key":20014,"value":{"chapter":2,"type":[40405],"target":1,"itemId":206020101,"itemAmount":2,"bind":true}},
{"id":"eudemon_college:20015","key":20015,"value":{"chapter":2,"type":[40404],"target":15,"itemId":206020101,"itemAmount":2,"bind":true}},
{"id":"eudemon_college:20016","key":20016,"value":{"chapter":2,"type":[40404],"target":20,"itemId":206020101,"itemAmount":2,"bind":true}},
{"id":"eudemon_college:20017","key":20017,"value":{"chapter":2,"type":[40404],"target":25,"itemId":206020101,"itemAmount":2,"bind":true}},
{"id":"eudemon_college:20018","key":20018,"value":{"chapter":2,"type":[40404],"target":30,"itemId":206020101,"itemAmount":2,"bind":true}},
{"id":"eudemon_college:20019","key":20019,"value":{"chapter":2,"type":[40404],"target":35,"itemId":206020101,"itemAmount":2,"bind":true}},
{"id":"eudemon_college:20020","key":20020,"value":{"chapter":2,"type":[40404],"target":40,"itemId":206020101,"itemAmount":2,"bind":true}},
{"id":"eudemon_college:20021","key":20021,"value":{"chapter":2,"type":[40404],"target":50,"itemId":206020101,"itemAmount":2,"bind":true}},
{"id":"eudemon_college:20022","key":20022,"value":{"chapter":2,"type":[40404],"target":60,"itemId":206020101,"itemAmount":2,"bind":true}},
{"id":"eudemon_college:20023","key":20023,"value":{"chapter":2,"type":[0,2],"target":1,"itemId":208090102,"itemAmount":1,"bind":true}},
{"id":"eudemon_college:30001","key":30001,"value":{"chapter":3,"type":[40403,3],"target":2,"itemId":206020101,"itemAmount":2,"bind":true}},
{"id":"eudemon_college:30002","key":30002,"value":{"chapter":3,"type":[40403,3],"target":3,"itemId":206020101,"itemAmount":3,"bind":true}},
{"id":"eudemon_college:30003","key":30003,"value":{"chapter":3,"type":[40403,4],"target":1,"itemId":208030401,"itemAmount":1,"bind":true}},
{"id":"eudemon_college:30004","key":30004,"value":{"chapter":3,"type":[40405],"target":3,"itemId":206020101,"itemAmount":2,"bind":true}},
{"id":"eudemon_college:30005","key":30005,"value":{"chapter":3,"type":[40404],"target":70,"itemId":206020101,"itemAmount":2,"bind":true}},
{"id":"eudemon_college:30006","key":30006,"value":{"chapter":3,"type":[40404],"target":80,"itemId":206020101,"itemAmount":2,"bind":true}},
{"id":"eudemon_college:30007","key":30007,"value":{"chapter":3,"type":[40404],"target":90,"itemId":206020101,"itemAmount":2,"bind":true}},
{"id":"eudemon_college:30008","key":30008,"value":{"chapter":3,"type":[40404],"target":100,"itemId":206020102,"itemAmount":2,"bind":true}},
{"id":"eudemon_college:30009","key":30009,"value":{"chapter":3,"type":[40404],"target":110,"itemId":206020102,"itemAmount":2,"bind":true}},
{"id":"eudemon_college:30010","key":30010,"value":{"chapter":3,"type":[40412,2],"target":1,"itemId":206020101,"itemAmount":5,"bind":true}},
{"id":"eudemon_college:30011","key":30011,"value":{"chapter":3,"type":[40101,32],"target":1,"itemId":206020101,"itemAmount":2,"bind":true}},
{"id":"eudemon_college:30012","key":30012,"value":{"chapter":3,"type":[40101,35],"target":1,"itemId":206020101,"itemAmount":2,"bind":true}},
{"id":"eudemon_college:30013","key":30013,"value":{"chapter":3,"type":[40101,40],"target":1,"itemId":206020101,"itemAmount":2,"bind":true}},
{"id":"eudemon_college:30014","key":30014,"value":{"chapter":3,"type":[40101,27],"target":2,"itemId":206020101,"itemAmount":2,"bind":true}},
{"id":"eudemon_college:30015","key":30015,"value":{"chapter":3,"type":[40101,30],"target":2,"itemId":206020102,"itemAmount":2,"bind":true}},
{"id":"eudemon_college:30016","key":30016,"value":{"chapter":3,"type":[40101,20],"target":3,"itemId":206020102,"itemAmount":3,"bind":true}},
{"id":"eudemon_college:30017","key":30017,"value":{"chapter":3,"type":[40201],"target":102,"itemId":206020101,"itemAmount":2,"bind":true}},
{"id":"eudemon_college:30018","key":30018,"value":{"chapter":3,"type":[40201],"target":105,"itemId":206020101,"itemAmount":2,"bind":true}},
{"id":"eudemon_college:30019","key":30019,"value":{"chapter":3,"type":[40201],"target":107,"itemId":206020101,"itemAmount":2,"bind":true}},
{"id":"eudemon_college:30020","key":30020,"value":{"chapter":3,"type":[40201],"target":110,"itemId":206020102,"itemAmount":3,"bind":true}},
{"id":"eudemon_college:30021","key":30021,"value":{"chapter":3,"type":[40201],"target":115,"itemId":206020102,"itemAmount":3,"bind":true}},
{"id":"eudemon_college:30022","key":30022,"value":{"chapter":3,"type":[40408,100],"target":1,"itemId":206020101,"itemAmount":5,"bind":true}},
{"id":"eudemon_college:30023","key":30023,"value":{"chapter":3,"type":[40301,1],"target":1,"itemId":208030401,"itemAmount":2,"bind":true}},
{"id":"eudemon_college:30024","key":30024,"value":{"chapter":3,"type":[0,3],"target":1,"itemId":208030501,"itemAmount":1,"bind":true}},
{"id":"eudemon_college:40001","key":40001,"value":{"chapter":4,"type":[40410],"target":20,"itemId":206020102,"itemAmount":3,"bind":true}},
{"id":"eudemon_college:40002","key":40002,"value":{"chapter":4,"type":[40101,45],"target":1,"itemId":206020102,"itemAmount":3,"bind":true}},
{"id":"eudemon_college:40003","key":40003,"value":{"chapter":4,"type":[40101,50],"target":1,"itemId":206020102,"itemAmount":3,"bind":true}},
{"id":"eudemon_college:40004","key":40004,"value":{"chapter":4,"type":[40101,37],"target":2,"itemId":206020102,"itemAmount":3,"bind":true}},
{"id":"eudemon_college:40005","key":40005,"value":{"chapter":4,"type":[40101,42],"target":2,"itemId":206020102,"itemAmount":3,"bind":true}},
{"id":"eudemon_college:40006","key":40006,"value":{"chapter":4,"type":[40101,35],"target":3,"itemId":206020102,"itemAmount":3,"bind":true}},
{"id":"eudemon_college:40007","key":40007,"value":{"chapter":4,"type":[40403,4],"target":2,"itemId":206020102,"itemAmount":3,"bind":true}},
{"id":"eudemon_college:40008","key":40008,"value":{"chapter":4,"type":[40404],"target":120,"itemId":206020102,"itemAmount":3,"bind":true}},
{"id":"eudemon_college:40009","key":40009,"value":{"chapter":4,"type":[40404],"target":125,"itemId":206020102,"itemAmount":3,"bind":true}},
{"id":"eudemon_college:40010","key":40010,"value":{"chapter":4,"type":[40404],"target":130,"itemId":206020102,"itemAmount":3,"bind":true}},
{"id":"eudemon_college:40011","key":40011,"value":{"chapter":4,"type":[40404],"target":140,"itemId":206020102,"itemAmount":3,"bind":true}},
{"id":"eudemon_college:40012","key":40012,"value":{"chapter":4,"type":[40404],"target":150,"itemId":206020102,"itemAmount":4,"bind":true}},
{"id":"eudemon_college:40013","key":40013,"value":{"chapter":4,"type":[40412,3],"target":1,"itemId":206020102,"itemAmount":5,"bind":true}},
{"id":"eudemon_college:40014","key":40014,"value":{"chapter":4,"type":[40201],"target":117,"itemId":206020102,"itemAmount":2,"bind":true}},
{"id":"eudemon_college:40015","key":40015,"value":{"chapter":4,"type":[40201],"target":120,"itemId":206020102,"itemAmount":2,"bind":true}},
{"id":"eudemon_college:40016","key":40016,"value":{"chapter":4,"type":[40201],"target":122,"itemId":206020102,"itemAmount":2,"bind":true}},
{"id":"eudemon_college:40017","key":40017,"value":{"chapter":4,"type":[40201],"target":125,"itemId":206020102,"itemAmount":3,"bind":true}},
{"id":"eudemon_college:40018","key":40018,"value":{"chapter":4,"type":[40201],"target":127,"itemId":206020102,"itemAmount":3,"bind":true}},
{"id":"eudemon_college:40019","key":40019,"value":{"chapter":4,"type":[40301,2],"target":1,"itemId":208030401,"itemAmount":3,"bind":true}},
{"id":"eudemon_college:40020","key":40020,"value":{"chapter":4,"type":[0,4],"target":1,"itemId":206010403,"itemAmount":1,"bind":true}},
{"id":"eudemon_college:50001","key":50001,"value":{"chapter":5,"type":[40411,0],"target":1,"itemId":208030401,"itemAmount":2,"bind":true}},
{"id":"eudemon_college:50002","key":50002,"value":{"chapter":5,"type":[40403,4],"target":3,"itemId":208030401,"itemAmount":1,"bind":true}},
{"id":"eudemon_college:50003","key":50003,"value":{"chapter":5,"type":[40405],"target":6,"itemId":206020102,"itemAmount":3,"bind":true}},
{"id":"eudemon_college:50004","key":50004,"value":{"chapter":5,"type":[40405],"target":10,"itemId":206020102,"itemAmount":3,"bind":true}},
{"id":"eudemon_college:50005","key":50005,"value":{"chapter":5,"type":[40405],"target":20,"itemId":206020102,"itemAmount":4,"bind":true}},
{"id":"eudemon_college:50006","key":50006,"value":{"chapter":5,"type":[40405],"target":30,"itemId":206020102,"itemAmount":4,"bind":true}},
{"id":"eudemon_college:50007","key":50007,"value":{"chapter":5,"type":[40410],"target":30,"itemId":206020102,"itemAmount":3,"bind":true}},
{"id":"eudemon_college:50008","key":50008,"value":{"chapter":5,"type":[40410],"target":40,"itemId":206020102,"itemAmount":4,"bind":true}},
{"id":"eudemon_college:50009","key":50009,"value":{"chapter":5,"type":[40410],"target":50,"itemId":206020102,"itemAmount":4,"bind":true}},
{"id":"eudemon_college:50010","key":50010,"value":{"chapter":5,"type":[40410],"target":60,"itemId":206020102,"itemAmount":5,"bind":true}},
{"id":"eudemon_college:50011","key":50011,"value":{"chapter":5,"type":[40201],"target":130,"itemId":206020102,"itemAmount":3,"bind":true}},
{"id":"eudemon_college:50012","key":50012,"value":{"chapter":5,"type":[40201],"target":132,"itemId":206020102,"itemAmount":3,"bind":true}},
{"id":"eudemon_college:50013","key":50013,"value":{"chapter":5,"type":[40201],"target":134,"itemId":206020102,"itemAmount":3,"bind":true}},
{"id":"eudemon_college:50014","key":50014,"value":{"chapter":5,"type":[40201],"target":136,"itemId":206020102,"itemAmount":3,"bind":true}},
{"id":"eudemon_college:50015","key":50015,"value":{"chapter":5,"type":[40201],"target":138,"itemId":206020102,"itemAmount":3,"bind":true}},
{"id":"eudemon_college:50016","key":50016,"value":{"chapter":5,"type":[40201],"target":140,"itemId":206020102,"itemAmount":3,"bind":true}},
{"id":"eudemon_college:50017","key":50017,"value":{"chapter":5,"type":[40201],"target":142,"itemId":206020102,"itemAmount":3,"bind":true}},
{"id":"eudemon_college:50018","key":50018,"value":{"chapter":5,"type":[40404],"target":160,"itemId":206020102,"itemAmount":3,"bind":true}},
{"id":"eudemon_college:50019","key":50019,"value":{"chapter":5,"type":[40404],"target":170,"itemId":206020102,"itemAmount":3,"bind":true}},
{"id":"eudemon_college:50020","key":50020,"value":{"chapter":5,"type":[40404],"target":180,"itemId":206020102,"itemAmount":3,"bind":true}},
{"id":"eudemon_college:50021","key":50021,"value":{"chapter":5,"type":[40404],"target":190,"itemId":206020102,"itemAmount":3,"bind":true}},
{"id":"eudemon_college:50022","key":50022,"value":{"chapter":5,"type":[40404],"target":200,"itemId":206020102,"itemAmount":3,"bind":true}},
{"id":"eudemon_college:50023","key":50023,"value":{"chapter":5,"type":[40404],"target":220,"itemId":206020102,"itemAmount":3,"bind":true}},
{"id":"eudemon_college:50024","key":50024,"value":{"chapter":5,"type":[40404],"target":240,"itemId":206020102,"itemAmount":4,"bind":true}},
{"id":"eudemon_college:50025","key":50025,"value":{"chapter":5,"type":[40404],"target":260,"itemId":206020102,"itemAmount":4,"bind":true}},
{"id":"eudemon_college:50026","key":50026,"value":{"chapter":5,"type":[40404],"target":280,"itemId":206020102,"itemAmount":4,"bind":true}},
{"id":"eudemon_college:50027","key":50027,"value":{"chapter":5,"type":[40404],"target":300,"itemId":206020102,"itemAmount":4,"bind":true}},
{"id":"eudemon_college:50028","key":50028,"value":{"chapter":5,"type":[40412,4],"target":1,"itemId":206020102,"itemAmount":5,"bind":true}},
{"id":"eudemon_college:50029","key":50029,"value":{"chapter":5,"type":[40101,60],"target":1,"itemId":206020102,"itemAmount":5,"bind":true}},
{"id":"eudemon_college:50030","key":50030,"value":{"chapter":5,"type":[40101,70],"target":1,"itemId":206020102,"itemAmount":5,"bind":true}},
{"id":"eudemon_college:50031","key":50031,"value":{"chapter":5,"type":[40101,80],"target":1,"itemId":206020102,"itemAmount":5,"bind":true}},
{"id":"eudemon_college:50032","key":50032,"value":{"chapter":5,"type":[40101,45],"target":2,"itemId":206020102,"itemAmount":5,"bind":true}},
{"id":"eudemon_college:50033","key":50033,"value":{"chapter":5,"type":[40101,55],"target":2,"itemId":206020102,"itemAmount":5,"bind":true}},
{"id":"eudemon_college:50034","key":50034,"value":{"chapter":5,"type":[40101,65],"target":2,"itemId":206020102,"itemAmount":5,"bind":true}},
{"id":"eudemon_college:50035","key":50035,"value":{"chapter":5,"type":[40101,40],"target":3,"itemId":206020102,"itemAmount":5,"bind":true}},
{"id":"eudemon_college:50036","key":50036,"value":{"chapter":5,"type":[40101,50],"target":3,"itemId":206020102,"itemAmount":5,"bind":true}},
{"id":"eudemon_college:50037","key":50037,"value":{"chapter":5,"type":[40411,3],"target":1,"itemId":208030601,"itemAmount":2,"bind":true}},
{"id":"eudemon_college:50038","key":50038,"value":{"chapter":5,"type":[40411,2],"target":1,"itemId":208030601,"itemAmount":2,"bind":true}},
{"id":"eudemon_college:50039","key":50039,"value":{"chapter":5,"type":[40411,1],"target":1,"itemId":208030601,"itemAmount":2,"bind":true}},
{"id":"eudemon_college:50040","key":50040,"value":{"chapter":5,"type":[40411,4],"target":1,"itemId":208030601,"itemAmount":2,"bind":true}},
{"id":"eudemon_college:50041","key":50041,"value":{"chapter":5,"type":[40408,50],"target":1,"itemId":208030601,"itemAmount":5,"bind":true}},
{"id":"eudemon_college:50042","key":50042,"value":{"chapter":5,"type":[0,5],"target":1,"itemId":206010506,"itemAmount":1,"bind":true}}
]}
