{"total_rows":15,"offset":0,"rows":[
{"id":"eudemon_spirit:214000101","key":1,"value":{"id":1,"item":214000101,"name":"初级兽魂1级","rank":1,"level":1,"quality":2,"score":0,"props":{"health":2700,"ATK":270,"DEF":135},"battlePower":1,"canForge":true,"forgeWeight":[5800,0,4000,0,200]}},
{"id":"eudemon_spirit:214000102","key":2,"value":{"id":2,"item":214000102,"name":"初级兽魂2级","rank":1,"level":2,"quality":2,"score":0,"props":{"health":3200,"ATK":320,"DEF":160},"battlePower":2,"canForge":true,"forgeWeight":[5800,0,4000,0,200],"decompose":[214000101,2]}},
{"id":"eudemon_spirit:214000103","key":3,"value":{"id":3,"item":214000103,"name":"初级兽魂3级","rank":1,"level":3,"quality":2,"score":0,"props":{"health":3700,"ATK":370,"DEF":185},"battlePower":3,"canForge":true,"forgeWeight":[4540,2360,3000,0,100],"presentId":[214000101,1,1],"decompose":[214000102,2]}},
{"id":"eudemon_spirit:214000201","key":4,"value":{"id":4,"item":214000201,"name":"中级兽魂1级","rank":2,"level":1,"quality":3,"score":0,"props":{"health":4900,"ATK":490,"DEF":245},"battlePower":4,"canForge":true,"attackPercent":100,"forgeWeight":[4540,2360,3000,0,100],"presentId":[214000102,1,1],"decompose":[214000103,2]}},
{"id":"eudemon_spirit:214000202","key":5,"value":{"id":5,"item":214000202,"name":"中级兽魂2级","rank":2,"level":2,"quality":3,"score":0,"props":{"health":5500,"ATK":550,"DEF":275},"battlePower":5,"canForge":true,"attackPercent":100,"forgeWeight":[4540,2360,3000,0,100],"presentId":[214000103,1,1],"decompose":[214000201,2],"systemHint":3,"hint":10306001}},
{"id":"eudemon_spirit:214000203","key":6,"value":{"id":6,"item":214000203,"name":"中级兽魂3级","rank":2,"level":3,"quality":3,"score":0,"props":{"health":6200,"ATK":620,"DEF":310},"battlePower":6,"canForge":true,"attackPercent":100,"forgeWeight":[4540,2360,3000,0,100],"presentId":[214000201,1,1],"decompose":[214000202,2],"systemHint":3,"hint":10306001}},
{"id":"eudemon_spirit:214000301","key":7,"value":{"id":7,"item":214000301,"name":"高级兽魂1级","rank":3,"level":1,"quality":4,"score":0,"props":{"health":7700,"ATK":770,"DEF":385},"battlePower":7,"canForge":true,"attackPercent":300,"forgeWeight":[4540,2360,3000,0,100],"presentId":[214000202,1,1],"decompose":[214000203,2],"systemHint":3,"hint":10306001}},
{"id":"eudemon_spirit:214000302","key":8,"value":{"id":8,"item":214000302,"name":"高级兽魂2级","rank":3,"level":2,"quality":4,"score":0,"props":{"health":8500,"ATK":850,"DEF":425},"battlePower":8,"canForge":false,"attackPercent":300,"forgeWeight":[4540,2360,3000,0,100],"presentId":[214000203,1,1],"decompose":[214000301,2],"systemHint":3,"hint":10306001}},
{"id":"eudemon_spirit:214000303","key":9,"value":{"id":9,"item":214000303,"name":"高级兽魂3级","rank":3,"level":3,"quality":4,"score":0,"props":{"health":9300,"ATK":930,"DEF":465},"battlePower":9,"canForge":false,"attackPercent":300,"forgeWeight":[4540,2360,3000,0,100],"presentId":[214000301,1,1],"decompose":[214000302,2],"systemHint":3,"hint":10306001}},
{"id":"eudemon_spirit:214000401","key":10,"value":{"id":10,"item":214000401,"name":"无暇兽魂1级","rank":4,"level":1,"quality":5,"score":0,"props":{"health":12100,"ATK":1210,"DEF":605},"battlePower":10,"canForge":false,"attackPercent":600,"forgeWeight":[4540,2360,3000,0,100],"presentId":[214000302,1,1],"decompose":[214000303,2],"systemHint":3,"hint":10306001}},
{"id":"eudemon_spirit:214000402","key":11,"value":{"id":11,"item":214000402,"name":"无暇兽魂2级","rank":4,"level":2,"quality":5,"score":0,"props":{"health":13100,"ATK":1310,"DEF":655},"battlePower":11,"canForge":false,"attackPercent":600,"forgeWeight":[4540,2360,3000,0,100],"presentId":[214000303,1,1],"decompose":[214000401,2],"systemHint":3,"hint":10306001}},
{"id":"eudemon_spirit:214000403","key":12,"value":{"id":12,"item":214000403,"name":"无暇兽魂3级","rank":4,"level":3,"quality":5,"score":0,"props":{"health":14200,"ATK":1420,"DEF":710},"battlePower":12,"canForge":false,"attackPercent":600,"forgeWeight":[4540,2360,3000,0,100],"presentId":[214000401,1,1],"decompose":[214000402,2],"systemHint":3,"hint":10306001}},
{"id":"eudemon_spirit:214000501","key":13,"value":{"id":13,"item":214000501,"name":"完美兽魂1级","rank":5,"level":1,"quality":6,"score":0,"props":{"health":17500,"ATK":1750,"DEF":875},"battlePower":13,"canForge":false,"attackPercent":1000,"forgeWeight":[4440,2360,3000,200,0],"presentId":[214000402,1,1],"decompose":[214000403,2],"systemHint":2,"hint":10306002}},
{"id":"eudemon_spirit:214000502","key":14,"value":{"id":14,"item":214000502,"name":"完美兽魂2级","rank":5,"level":2,"quality":6,"score":0,"props":{"health":18800,"ATK":1880,"DEF":940},"battlePower":14,"canForge":false,"attackPercent":1000,"forgeWeight":[4000,3000,3000,0,0],"presentId":[214000403,1,1],"decompose":[214000501,2],"systemHint":1,"hint":10306003}},
{"id":"eudemon_spirit:214000503","key":15,"value":{"id":15,"item":214000503,"name":"完美兽魂3级","rank":5,"level":3,"quality":6,"score":0,"props":{"health":20000,"ATK":2000,"DEF":1000},"battlePower":15,"canForge":false,"attackPercent":1000,"forgeWeight":[0,0,0,0,0],"decompose":[214000502,2]}}
]}
