{"total_rows":26,"offset":0,"rows":[
{"id":"eudemon:203010201","key":203010201,"value":{"name":"战士沃伦","composeType":1,"quality":2,"type":1,"isRare":false,"rareScore":100,"composeRatio":1,"specialMinor":null,"tendency":1,"sealId":204010201,"eggId":206010201,"tokens":2,"redeem":{"tokens":20,"worldLevel":1},"majorProps":{"minPhysicalAttack":[3.6,54],"maxPhysicalAttack":[4.4,66],"armor":[2,30]},"majorMaxScore":60000,"propMaxScores":{"minPhysicalAttack":20000,"maxPhysicalAttack":20000,"minMagicAttack":0,"maxMagicAttack":0,"armor":20000,"resistance":1750,"health":1750},"initPropMaxScores":{"minPhysicalAttack":300,"maxPhysicalAttack":300,"minMagicAttack":0,"maxMagicAttack":0,"armor":300,"resistance":300,"health":300},"props":{"moveSpeed":6,"rebirthInterval":60},"growProps":{"minPhysicalAttack":[true,18,270,3.6,54],"maxPhysicalAttack":[true,22,330,4.4,66],"minMagicAttack":[false,0,0,0,0],"maxMagicAttack":[false,0,0,0,0],"armor":[true,10,150,2,30],"resistance":[false,8,113,1.5,23],"health":[false,100,1500,20,300]},"spells":[420201200,420202200,420203200]}},
{"id":"eudemon:203010202","key":203010202,"value":{"name":"法师玛斯特","composeType":1,"quality":2,"type":2,"isRare":false,"rareScore":100,"composeRatio":1,"specialMinor":null,"tendency":2,"sealId":204010202,"eggId":206010202,"tokens":2,"redeem":{"tokens":20,"worldLevel":1},"majorProps":{"minMagicAttack":[3.6,54],"maxMagicAttack":[4.4,66],"resistance":[2,30]},"majorMaxScore":60000,"propMaxScores":{"minPhysicalAttack":0,"maxPhysicalAttack":0,"minMagicAttack":20000,"maxMagicAttack":20000,"armor":1750,"resistance":20000,"health":1750},"initPropMaxScores":{"minPhysicalAttack":0,"maxPhysicalAttack":0,"minMagicAttack":300,"maxMagicAttack":300,"armor":300,"resistance":300,"health":300},"props":{"moveSpeed":6,"rebirthInterval":60},"growProps":{"minPhysicalAttack":[false,0,0,0,0],"maxPhysicalAttack":[false,0,0,0,0],"minMagicAttack":[true,18,270,3.6,54],"maxMagicAttack":[true,22,330,4.4,66],"armor":[false,8,113,1.5,23],"resistance":[true,10,150,2,30],"health":[false,100,1500,20,300]},"spells":[420204200,420205200,420206200]}},
{"id":"eudemon:203010203","key":203010203,"value":{"name":"血裔范佩尔","composeType":1,"quality":2,"type":1,"isRare":false,"rareScore":100,"composeRatio":1,"specialMinor":null,"tendency":3,"sealId":204010203,"eggId":206010203,"tokens":2,"redeem":{"tokens":20,"worldLevel":1},"majorProps":{"minPhysicalAttack":[3.6,54],"maxPhysicalAttack":[4.4,66],"armor":[2,30]},"majorMaxScore":60000,"propMaxScores":{"minPhysicalAttack":20000,"maxPhysicalAttack":20000,"minMagicAttack":0,"maxMagicAttack":0,"armor":20000,"resistance":1750,"health":1750},"initPropMaxScores":{"minPhysicalAttack":300,"maxPhysicalAttack":300,"minMagicAttack":0,"maxMagicAttack":0,"armor":300,"resistance":300,"health":300},"props":{"moveSpeed":6,"rebirthInterval":60},"growProps":{"minPhysicalAttack":[true,18,270,3.6,54],"maxPhysicalAttack":[true,22,330,4.4,66],"minMagicAttack":[false,0,0,0,0],"maxMagicAttack":[false,0,0,0,0],"armor":[true,10,150,2,30],"resistance":[false,8,113,1.5,23],"health":[false,100,1500,20,300]},"spells":[420207200,420208200,420209200]}},
{"id":"eudemon:203010204","key":203010204,"value":{"name":"异界精灵瑞拉","composeType":1,"quality":2,"type":2,"isRare":false,"rareScore":100,"composeRatio":1,"specialMinor":null,"tendency":3,"sealId":204010204,"eggId":206010204,"tokens":2,"redeem":{"tokens":20,"worldLevel":1},"majorProps":{"minMagicAttack":[3.6,54],"maxMagicAttack":[4.4,66],"resistance":[2,30]},"majorMaxScore":60000,"propMaxScores":{"minPhysicalAttack":0,"maxPhysicalAttack":0,"minMagicAttack":20000,"maxMagicAttack":20000,"armor":1750,"resistance":20000,"health":1750},"initPropMaxScores":{"minPhysicalAttack":0,"maxPhysicalAttack":0,"minMagicAttack":300,"maxMagicAttack":300,"armor":300,"resistance":300,"health":300},"props":{"moveSpeed":6,"rebirthInterval":60},"growProps":{"minPhysicalAttack":[false,0,0,0,0],"maxPhysicalAttack":[false,0,0,0,0],"minMagicAttack":[true,18,270,3.6,54],"maxMagicAttack":[true,22,330,4.4,66],"armor":[false,8,113,1.5,23],"resistance":[true,10,150,2,30],"health":[false,100,1500,20,300]},"spells":[]}},
{"id":"eudemon:203010301","key":203010301,"value":{"name":"旭日神使凯特","composeType":1,"quality":3,"type":2,"isRare":false,"rareScore":300,"composeRatio":1,"specialMinor":null,"tendency":4,"sealId":204010301,"eggId":206010301,"tokens":3,"redeem":{"tokens":30,"worldLevel":1},"majorProps":{"minMagicAttack":[4.7,70],"maxMagicAttack":[5.7,86],"resistance":[2.6,39]},"majorMaxScore":60000,"propMaxScores":{"minPhysicalAttack":0,"maxPhysicalAttack":0,"minMagicAttack":20000,"maxMagicAttack":20000,"armor":1750,"resistance":20000,"health":1750},"initPropMaxScores":{"minPhysicalAttack":0,"maxPhysicalAttack":0,"minMagicAttack":300,"maxMagicAttack":300,"armor":300,"resistance":300,"health":300},"props":{"moveSpeed":6,"rebirthInterval":60},"growProps":{"minPhysicalAttack":[false,0,0,0,0],"maxPhysicalAttack":[false,0,0,0,0],"minMagicAttack":[true,23,351,4.7,70],"maxMagicAttack":[true,29,429,5.7,86],"armor":[false,10,146,2,29],"resistance":[true,13,195,2.6,39],"health":[false,130,1950,26,390]},"spells":[420301200,420302200,420303200]}},
{"id":"eudemon:203010302","key":203010302,"value":{"name":"旭日神使凯恩","composeType":1,"quality":3,"type":1,"isRare":false,"rareScore":300,"composeRatio":1,"specialMinor":null,"tendency":5,"sealId":204010302,"eggId":206010302,"tokens":3,"redeem":{"tokens":30,"worldLevel":1},"majorProps":{"minPhysicalAttack":[4.7,70],"maxPhysicalAttack":[5.7,86],"armor":[2.6,39]},"majorMaxScore":60000,"propMaxScores":{"minPhysicalAttack":20000,"maxPhysicalAttack":20000,"minMagicAttack":0,"maxMagicAttack":0,"armor":20000,"resistance":1750,"health":1750},"initPropMaxScores":{"minPhysicalAttack":300,"maxPhysicalAttack":300,"minMagicAttack":0,"maxMagicAttack":0,"armor":300,"resistance":300,"health":300},"props":{"moveSpeed":6,"rebirthInterval":60},"growProps":{"minPhysicalAttack":[true,23,351,4.7,70],"maxPhysicalAttack":[true,29,429,5.7,86],"minMagicAttack":[false,0,0,0,0],"maxMagicAttack":[false,0,0,0,0],"armor":[true,13,195,2.6,39],"resistance":[false,10,146,2,29],"health":[false,130,1950,26,390]},"spells":[420304200,420305200,420306200]}},
{"id":"eudemon:203010303","key":203010303,"value":{"name":"裁决骑士莎菲","composeType":1,"quality":3,"type":2,"isRare":false,"rareScore":300,"composeRatio":1,"specialMinor":null,"tendency":6,"sealId":204010303,"eggId":206010303,"tokens":3,"redeem":{"tokens":30,"worldLevel":1},"majorProps":{"minMagicAttack":[5.1,76],"maxMagicAttack":[9.5,142]},"majorMaxScore":60000,"propMaxScores":{"minPhysicalAttack":0,"maxPhysicalAttack":0,"minMagicAttack":30000,"maxMagicAttack":30000,"armor":1170,"resistance":1170,"health":1160},"initPropMaxScores":{"minPhysicalAttack":0,"maxPhysicalAttack":0,"minMagicAttack":300,"maxMagicAttack":300,"armor":300,"resistance":300,"health":300},"props":{"moveSpeed":6,"rebirthInterval":60},"growProps":{"minPhysicalAttack":[false,0,0,0,0],"maxPhysicalAttack":[false,0,0,0,0],"minMagicAttack":[true,25,382,5.1,76],"maxMagicAttack":[true,47,710,9.5,142],"armor":[false,4,59,0.8,12],"resistance":[false,5,78,1,16],"health":[false,104,1560,20.8,312]},"spells":[420307200,420308200,420309200]}},
{"id":"eudemon:203010304","key":203010304,"value":{"name":"裁决骑士凯隆","composeType":1,"quality":3,"type":1,"isRare":false,"rareScore":300,"composeRatio":1,"specialMinor":null,"tendency":1,"sealId":204010304,"eggId":206010304,"tokens":3,"redeem":{"tokens":30,"worldLevel":1},"majorProps":{"minPhysicalAttack":[5.1,76],"maxPhysicalAttack":[9.5,142]},"majorMaxScore":60000,"propMaxScores":{"minPhysicalAttack":30000,"maxPhysicalAttack":30000,"minMagicAttack":0,"maxMagicAttack":0,"armor":1170,"resistance":1170,"health":1160},"initPropMaxScores":{"minPhysicalAttack":300,"maxPhysicalAttack":300,"minMagicAttack":0,"maxMagicAttack":0,"armor":300,"resistance":300,"health":300},"props":{"moveSpeed":6,"rebirthInterval":60},"growProps":{"minPhysicalAttack":[true,25,382,5.1,76],"maxPhysicalAttack":[true,47,710,9.5,142],"minMagicAttack":[false,0,0,0,0],"maxMagicAttack":[false,0,0,0,0],"armor":[false,5,78,1,16],"resistance":[false,4,59,0.8,12],"health":[false,104,1560,20.8,312]},"spells":[420310200,420311200,420312200]}},
{"id":"eudemon:203010305","key":203010305,"value":{"name":"物防魔防型","composeType":1,"quality":4,"type":0,"isRare":false,"rareScore":600,"composeRatio":1,"specialMinor":null,"tendency":6,"sealId":204010305,"eggId":206010305,"tokens":3,"redeem":{"tokens":30,"worldLevel":1},"majorProps":{"armor":[4.8,72],"resistance":[4.8,72]},"majorMaxScore":60000,"propMaxScores":{"minPhysicalAttack":700,"maxPhysicalAttack":700,"minMagicAttack":700,"maxMagicAttack":700,"armor":30000,"resistance":30000,"health":700},"initPropMaxScores":{"minPhysicalAttack":210,"maxPhysicalAttack":210,"minMagicAttack":210,"maxMagicAttack":210,"armor":220,"resistance":220,"health":220},"props":{"moveSpeed":6,"rebirthInterval":60},"growProps":{"minPhysicalAttack":[false,14,216,2.9,43],"maxPhysicalAttack":[false,18,264,3.5,53],"minMagicAttack":[false,14,216,2.9,43],"maxMagicAttack":[false,18,264,3.5,53],"armor":[true,24,360,4.8,72],"resistance":[true,24,360,4.8,72],"health":[false,160,2400,32,480]},"spells":[]}},
{"id":"eudemon:203010306","key":203010306,"value":{"name":"守护骑士朵朵","composeType":1,"quality":3,"type":0,"isRare":false,"rareScore":300,"composeRatio":1,"specialMinor":null,"tendency":5,"sealId":204010306,"eggId":206010306,"tokens":3,"redeem":{"tokens":30,"worldLevel":1},"majorProps":{"armor":[4.8,72],"resistance":[4.8,72]},"majorMaxScore":60000,"propMaxScores":{"minPhysicalAttack":700,"maxPhysicalAttack":700,"minMagicAttack":700,"maxMagicAttack":700,"armor":30000,"resistance":30000,"health":700},"initPropMaxScores":{"minPhysicalAttack":210,"maxPhysicalAttack":210,"minMagicAttack":210,"maxMagicAttack":210,"armor":220,"resistance":220,"health":220},"props":{"moveSpeed":6,"rebirthInterval":60},"growProps":{"minPhysicalAttack":[false,14,216,2.9,43],"maxPhysicalAttack":[false,18,264,3.5,53],"minMagicAttack":[false,14,216,2.9,43],"maxMagicAttack":[false,18,264,3.5,53],"armor":[true,24,360,4.8,72],"resistance":[true,24,360,4.8,72],"health":[false,160,2400,32,480]},"spells":[420313200,420314200,420315200]}},
{"id":"eudemon:203010401","key":203010401,"value":{"name":"赐予者艾登","composeType":1,"quality":4,"type":2,"isRare":false,"rareScore":600,"composeRatio":1,"specialMinor":null,"tendency":2,"sealId":204010401,"eggId":206010401,"tokens":4,"redeem":{"tokens":40,"worldLevel":1},"majorProps":{"minMagicAttack":[5.6,84],"maxMagicAttack":[8.4,127],"health":[70.4,1056]},"majorMaxScore":60000,"propMaxScores":{"minPhysicalAttack":0,"maxPhysicalAttack":0,"minMagicAttack":20000,"maxMagicAttack":20000,"armor":1750,"resistance":1750,"health":20000},"initPropMaxScores":{"minPhysicalAttack":0,"maxPhysicalAttack":0,"minMagicAttack":300,"maxMagicAttack":300,"armor":300,"resistance":300,"health":300},"props":{"moveSpeed":6,"rebirthInterval":60},"growProps":{"minPhysicalAttack":[false,0,0,0,0],"maxPhysicalAttack":[false,0,0,0,0],"minMagicAttack":[true,28,422,5.6,84],"maxMagicAttack":[true,42,634,8.4,127],"armor":[false,6,90,1.2,18],"resistance":[false,8,120,1.6,24],"health":[true,352,5280,70.4,1056]},"spells":[420401200,420402200,420403200]}},
{"id":"eudemon:203010402","key":203010402,"value":{"name":"守护者奥斯汀","composeType":1,"quality":4,"type":1,"isRare":false,"rareScore":600,"composeRatio":1,"specialMinor":null,"tendency":3,"sealId":204010402,"eggId":206010402,"tokens":4,"redeem":{"tokens":40,"worldLevel":1},"majorProps":{"minPhysicalAttack":[5.6,84],"maxPhysicalAttack":[8.4,127],"health":[70.4,1056]},"majorMaxScore":60000,"propMaxScores":{"minPhysicalAttack":20000,"maxPhysicalAttack":20000,"minMagicAttack":0,"maxMagicAttack":0,"armor":1750,"resistance":1750,"health":20000},"initPropMaxScores":{"minPhysicalAttack":300,"maxPhysicalAttack":300,"minMagicAttack":0,"maxMagicAttack":0,"armor":300,"resistance":300,"health":300},"props":{"moveSpeed":6,"rebirthInterval":60},"growProps":{"minPhysicalAttack":[true,28,422,5.6,84],"maxPhysicalAttack":[true,42,634,8.4,127],"minMagicAttack":[false,0,0,0,0],"maxMagicAttack":[false,0,0,0,0],"armor":[false,8,120,1.6,24],"resistance":[false,6,90,1.2,18],"health":[true,352,5280,70.4,1056]},"spells":[420404200,420405200,420406200]}},
{"id":"eudemon:203010403","key":203010403,"value":{"name":"圣天使奈丽","composeType":1,"quality":4,"type":0,"isRare":false,"rareScore":600,"composeRatio":1,"specialMinor":null,"tendency":4,"sealId":204010403,"eggId":206010403,"tokens":4,"redeem":{"tokens":40,"worldLevel":1},"majorProps":{"armor":[4.2,62],"resistance":[4.2,62],"health":[83.2,1248]},"majorMaxScore":60000,"propMaxScores":{"minPhysicalAttack":875,"maxPhysicalAttack":875,"minMagicAttack":875,"maxMagicAttack":875,"armor":20000,"resistance":20000,"health":20000},"initPropMaxScores":{"minPhysicalAttack":210,"maxPhysicalAttack":210,"minMagicAttack":210,"maxMagicAttack":210,"armor":220,"resistance":220,"health":220},"props":{"moveSpeed":6,"rebirthInterval":60},"growProps":{"minPhysicalAttack":[false,6,86,1.2,17],"maxPhysicalAttack":[false,7,106,1.4,21],"minMagicAttack":[false,6,86,1.2,17],"maxMagicAttack":[false,7,106,1.4,21],"armor":[true,21,312,4.2,62],"resistance":[true,21,312,4.2,62],"health":[true,416,6240,83.2,1248]},"spells":[420407200,420408200,420409200]}},
{"id":"eudemon:203010404","key":203010404,"value":{"name":"孤星蒂娜亚","composeType":1,"quality":4,"type":2,"isRare":false,"rareScore":600,"composeRatio":1,"specialMinor":null,"tendency":1,"sealId":204010404,"eggId":206010404,"tokens":4,"redeem":{"tokens":40,"worldLevel":1},"majorProps":{"minMagicAttack":[7.8,118],"maxMagicAttack":[14.6,218]},"majorMaxScore":60000,"propMaxScores":{"minPhysicalAttack":0,"maxPhysicalAttack":0,"minMagicAttack":30000,"maxMagicAttack":30000,"armor":1170,"resistance":1170,"health":1160},"initPropMaxScores":{"minPhysicalAttack":0,"maxPhysicalAttack":0,"minMagicAttack":300,"maxMagicAttack":300,"armor":300,"resistance":300,"health":300},"props":{"moveSpeed":6,"rebirthInterval":60},"growProps":{"minPhysicalAttack":[false,0,0,0,0],"maxPhysicalAttack":[false,0,0,0,0],"minMagicAttack":[true,39,588,7.8,118],"maxMagicAttack":[true,73,1092,14.6,218],"armor":[false,4,58,0.8,12],"resistance":[false,5,77,1,15],"health":[false,102,1536,20.5,307]},"spells":[420413200,420414200,420415200]}},
{"id":"eudemon:203010405","key":203010405,"value":{"name":"双星拉尼亚","composeType":1,"quality":4,"type":1,"isRare":false,"rareScore":600,"composeRatio":1,"specialMinor":null,"tendency":6,"sealId":204010405,"eggId":206010405,"tokens":4,"redeem":{"tokens":40,"worldLevel":1},"majorProps":{"minPhysicalAttack":[7.8,118],"maxPhysicalAttack":[14.6,218]},"majorMaxScore":60000,"propMaxScores":{"minPhysicalAttack":30000,"maxPhysicalAttack":30000,"minMagicAttack":0,"maxMagicAttack":0,"armor":1170,"resistance":1170,"health":1160},"initPropMaxScores":{"minPhysicalAttack":300,"maxPhysicalAttack":300,"minMagicAttack":0,"maxMagicAttack":0,"armor":300,"resistance":300,"health":300},"props":{"moveSpeed":6,"rebirthInterval":60},"growProps":{"minPhysicalAttack":[true,39,588,7.8,118],"maxPhysicalAttack":[true,73,1092,14.6,218],"minMagicAttack":[false,0,0,0,0],"maxMagicAttack":[false,0,0,0,0],"armor":[false,5,77,1,15],"resistance":[false,4,58,0.8,12],"health":[false,102,1536,20.5,307]},"spells":[420410200,420411200,420412200]}},
{"id":"eudemon:203010406","key":203010406,"value":{"name":"炽天使","composeType":1,"quality":5,"type":0,"isRare":false,"rareScore":800,"composeRatio":1,"specialMinor":null,"tendency":4,"sealId":204010406,"eggId":206010406,"tokens":5,"redeem":{"tokens":50,"worldLevel":1},"majorProps":{"armor":[5.2,78],"resistance":[5.2,78],"health":[104,1560]},"majorMaxScore":60000,"propMaxScores":{"minPhysicalAttack":875,"maxPhysicalAttack":875,"minMagicAttack":875,"maxMagicAttack":875,"armor":20000,"resistance":20000,"health":20000},"initPropMaxScores":{"minPhysicalAttack":210,"maxPhysicalAttack":210,"minMagicAttack":210,"maxMagicAttack":210,"armor":220,"resistance":220,"health":220},"props":{"moveSpeed":6,"rebirthInterval":60},"growProps":{"minPhysicalAttack":[false,7,108,1.4,22],"maxPhysicalAttack":[false,9,132,1.8,26],"minMagicAttack":[false,7,108,1.4,22],"maxMagicAttack":[false,9,132,1.8,26],"armor":[true,26,390,5.2,78],"resistance":[true,26,390,5.2,78],"health":[true,520,7800,104,1560]},"spells":[420517200,420518200,420519200,420520200]}},
{"id":"eudemon:203010501","key":203010501,"value":{"name":"天火匠神","composeType":1,"quality":5,"type":0,"isRare":false,"rareScore":800,"composeRatio":1,"specialMinor":203030501,"tendency":5,"sealId":204010501,"eggId":206010501,"tokens":5,"redeem":{"tokens":50,"worldLevel":100},"majorProps":{"minPhysicalAttack":[7.3,109],"maxPhysicalAttack":[13.5,203],"minMagicAttack":[7.3,109],"maxMagicAttack":[13.5,203]},"majorMaxScore":60000,"propMaxScores":{"minPhysicalAttack":15000,"maxPhysicalAttack":15000,"minMagicAttack":15000,"maxMagicAttack":15000,"armor":1170,"resistance":1170,"health":1160},"initPropMaxScores":{"minPhysicalAttack":210,"maxPhysicalAttack":210,"minMagicAttack":210,"maxMagicAttack":210,"armor":220,"resistance":220,"health":220},"props":{"moveSpeed":6,"rebirthInterval":60},"growProps":{"minPhysicalAttack":[true,36,546,7.3,109],"maxPhysicalAttack":[true,68,1014,13.5,203],"minMagicAttack":[true,36,546,7.3,109],"maxMagicAttack":[true,68,1014,13.5,203],"armor":[false,8,120,1.6,24],"resistance":[false,8,120,1.6,24],"health":[false,160,2400,32,480]},"spells":[420521200,420522200,420523200,420524200]}},
{"id":"eudemon:203010502","key":203010502,"value":{"name":"奇迹之龙格罗","composeType":1,"quality":5,"type":0,"isRare":false,"rareScore":800,"composeRatio":1,"specialMinor":null,"tendency":5,"sealId":204010502,"eggId":206010502,"tokens":5,"redeem":{"tokens":50,"worldLevel":100},"majorProps":{"minPhysicalAttack":[7.3,109],"maxPhysicalAttack":[13.5,203],"minMagicAttack":[7.3,109],"maxMagicAttack":[13.5,203]},"majorMaxScore":60000,"propMaxScores":{"minPhysicalAttack":15000,"maxPhysicalAttack":15000,"minMagicAttack":15000,"maxMagicAttack":15000,"armor":1170,"resistance":1170,"health":1160},"initPropMaxScores":{"minPhysicalAttack":210,"maxPhysicalAttack":210,"minMagicAttack":210,"maxMagicAttack":210,"armor":220,"resistance":220,"health":220},"props":{"moveSpeed":6,"rebirthInterval":60},"growProps":{"minPhysicalAttack":[true,36,546,7.3,109],"maxPhysicalAttack":[true,68,1014,13.5,203],"minMagicAttack":[true,36,546,7.3,109],"maxMagicAttack":[true,68,1014,13.5,203],"armor":[false,8,120,1.6,24],"resistance":[false,8,120,1.6,24],"health":[false,160,2400,32,480]},"spells":[420509200,420510200,420511200,420512200]}},
{"id":"eudemon:203010503","key":203010503,"value":{"name":"虚无神使·雷索","composeType":1,"quality":5,"type":2,"isRare":false,"rareScore":800,"composeRatio":1,"specialMinor":null,"tendency":1,"sealId":204010503,"eggId":206010503,"tokens":5,"redeem":{"tokens":50,"worldLevel":100},"majorProps":{"minMagicAttack":[9,134],"maxMagicAttack":[13.4,202]},"majorMaxScore":60000,"propMaxScores":{"minPhysicalAttack":0,"maxPhysicalAttack":0,"minMagicAttack":30000,"maxMagicAttack":30000,"armor":1170,"resistance":1170,"health":1160},"initPropMaxScores":{"minPhysicalAttack":0,"maxPhysicalAttack":0,"minMagicAttack":300,"maxMagicAttack":300,"armor":300,"resistance":300,"health":300},"props":{"moveSpeed":6,"rebirthInterval":60},"growProps":{"minPhysicalAttack":[false,0,0,0,0],"maxPhysicalAttack":[false,0,0,0,0],"minMagicAttack":[true,45,672,9,134],"maxMagicAttack":[true,67,1008,13.4,202],"armor":[false,8,120,1.6,24],"resistance":[false,6,90,1.2,18],"health":[false,160,2400,32,480]},"spells":[420501200,420502200,420503200,420504200]}},
{"id":"eudemon:203010504","key":203010504,"value":{"name":"幻源神使·诺哲","composeType":1,"quality":5,"type":1,"isRare":false,"rareScore":800,"composeRatio":1,"specialMinor":null,"tendency":2,"sealId":204010504,"eggId":206010504,"tokens":5,"redeem":{"tokens":50,"worldLevel":100},"majorProps":{"minPhysicalAttack":[9,134],"maxPhysicalAttack":[13.4,202]},"majorMaxScore":60000,"propMaxScores":{"minPhysicalAttack":30000,"maxPhysicalAttack":30000,"minMagicAttack":0,"maxMagicAttack":0,"armor":1170,"resistance":1170,"health":1160},"initPropMaxScores":{"minPhysicalAttack":300,"maxPhysicalAttack":300,"minMagicAttack":0,"maxMagicAttack":0,"armor":300,"resistance":300,"health":300},"props":{"moveSpeed":6,"rebirthInterval":60},"growProps":{"minPhysicalAttack":[true,45,672,9,134],"maxPhysicalAttack":[true,67,1008,13.4,202],"minMagicAttack":[false,0,0,0,0],"maxMagicAttack":[false,0,0,0,0],"armor":[false,6,90,1.2,18],"resistance":[false,8,120,1.6,24],"health":[false,160,2400,32,480]},"spells":[420505200,420506200,420507200,420508200]}},
{"id":"eudemon:203010505","key":203010505,"value":{"name":"斗天战神·孙悟空","composeType":1,"quality":6,"type":0,"isRare":true,"rareScore":1000,"composeRatio":1,"specialMinor":null,"tendency":1,"sealId":204010505,"eggId":206010505,"tokens":5,"redeem":{"tokens":50,"worldLevel":100},"majorProps":{"minPhysicalAttack":[9.8,147],"maxPhysicalAttack":[18.2,273],"minMagicAttack":[9.8,147],"maxMagicAttack":[18.2,273]},"majorMaxScore":60000,"propMaxScores":{"minPhysicalAttack":15000,"maxPhysicalAttack":15000,"minMagicAttack":15000,"maxMagicAttack":15000,"armor":1170,"resistance":1170,"health":1160},"initPropMaxScores":{"minPhysicalAttack":210,"maxPhysicalAttack":210,"minMagicAttack":210,"maxMagicAttack":210,"armor":220,"resistance":220,"health":220},"props":{"moveSpeed":6,"rebirthInterval":60},"growProps":{"minPhysicalAttack":[true,49,735,9.8,147],"maxPhysicalAttack":[true,91,1365,18.2,273],"minMagicAttack":[true,49,735,9.8,147],"maxMagicAttack":[true,91,1365,18.2,273],"armor":[false,13,188,2.5,38],"resistance":[false,13,188,2.5,38],"health":[false,250,3750,50,750]},"spells":[420609200,420610200,420611200,420612200]}},
{"id":"eudemon:203010506","key":203010506,"value":{"name":"吉祥噜噜","composeType":1,"quality":5,"type":0,"isRare":true,"rareScore":800,"composeRatio":1,"specialMinor":null,"tendency":2,"sealId":204010506,"eggId":206010506,"tokens":5,"redeem":{"tokens":50,"worldLevel":100},"majorProps":{"minPhysicalAttack":[7.2,108],"maxPhysicalAttack":[8.8,132],"minMagicAttack":[7.2,108],"maxMagicAttack":[8.8,132],"armor":[4,60],"resistance":[4,60]},"majorMaxScore":60000,"propMaxScores":{"minPhysicalAttack":10000,"maxPhysicalAttack":10000,"minMagicAttack":10000,"maxMagicAttack":10000,"armor":10000,"resistance":10000,"health":3500},"initPropMaxScores":{"minPhysicalAttack":210,"maxPhysicalAttack":210,"minMagicAttack":210,"maxMagicAttack":210,"armor":220,"resistance":220,"health":220},"props":{"moveSpeed":6,"rebirthInterval":60},"growProps":{"minPhysicalAttack":[true,36,540,7.2,108],"maxPhysicalAttack":[true,44,660,8.8,132],"minMagicAttack":[true,36,540,7.2,108],"maxMagicAttack":[true,44,660,8.8,132],"armor":[true,20,300,4,60],"resistance":[true,20,300,4,60],"health":[false,200,3000,40,600]},"spells":[420513200,420514200,420515200,420516200]}},
{"id":"eudemon:203010507","key":203010507,"value":{"name":"四海剑灵","composeType":1,"quality":6,"type":0,"isRare":true,"rareScore":1000,"composeRatio":1,"specialMinor":null,"tendency":1,"sealId":204010507,"eggId":206010507,"tokens":5,"redeem":{"tokens":50,"worldLevel":100},"majorProps":{"minPhysicalAttack":[9.8,147],"maxPhysicalAttack":[18.2,273],"minMagicAttack":[9.8,147],"maxMagicAttack":[18.2,273]},"majorMaxScore":60000,"propMaxScores":{"minPhysicalAttack":15000,"maxPhysicalAttack":15000,"minMagicAttack":15000,"maxMagicAttack":15000,"armor":1170,"resistance":1170,"health":1160},"initPropMaxScores":{"minPhysicalAttack":210,"maxPhysicalAttack":210,"minMagicAttack":210,"maxMagicAttack":210,"armor":220,"resistance":220,"health":220},"props":{"moveSpeed":6,"rebirthInterval":60},"growProps":{"minPhysicalAttack":[true,49,735,9.8,147],"maxPhysicalAttack":[true,91,1365,18.2,273],"minMagicAttack":[true,49,735,9.8,147],"maxMagicAttack":[true,91,1365,18.2,273],"armor":[false,13,188,2.5,38],"resistance":[false,13,188,2.5,38],"health":[false,250,3750,50,750]},"spells":[420601200,420602200,420603200,420604200]}},
{"id":"eudemon:203010508","key":203010508,"value":{"name":"焚天火凤","composeType":1,"quality":6,"type":0,"isRare":true,"rareScore":1000,"composeRatio":1,"specialMinor":null,"tendency":1,"sealId":204010508,"eggId":206010508,"tokens":5,"redeem":{"tokens":50,"worldLevel":100},"majorProps":{"minPhysicalAttack":[9.8,147],"maxPhysicalAttack":[18.2,273],"minMagicAttack":[9.8,147],"maxMagicAttack":[18.2,273]},"majorMaxScore":60000,"propMaxScores":{"minPhysicalAttack":15000,"maxPhysicalAttack":15000,"minMagicAttack":15000,"maxMagicAttack":15000,"armor":1170,"resistance":1170,"health":1160},"initPropMaxScores":{"minPhysicalAttack":210,"maxPhysicalAttack":210,"minMagicAttack":210,"maxMagicAttack":210,"armor":220,"resistance":220,"health":220},"props":{"moveSpeed":6,"rebirthInterval":60},"growProps":{"minPhysicalAttack":[true,49,735,9.8,147],"maxPhysicalAttack":[true,91,1365,18.2,273],"minMagicAttack":[true,49,735,9.8,147],"maxMagicAttack":[true,91,1365,18.2,273],"armor":[false,13,188,2.5,38],"resistance":[false,13,188,2.5,38],"health":[false,250,3750,50,750]},"spells":[420609200,420610200,420611200,420612200]}},
{"id":"eudemon:203020101","key":203020101,"value":{"name":"O型奇异兽","composeType":2,"quality":1,"type":0,"isRare":false,"rareScore":0,"composeRatio":1,"specialMinor":null,"tendency":6,"sealId":204020101,"eggId":206020101,"tokens":1,"redeem":{},"majorProps":{"minPhysicalAttack":[2,10],"maxPhysicalAttack":[2.5,12],"minMagicAttack":[2,10],"maxMagicAttack":[2.5,12],"armor":[1.1,6],"resistance":[1.1,6],"health":[17.9,90]},"majorMaxScore":63500,"propMaxScores":{"minPhysicalAttack":10000,"maxPhysicalAttack":10000,"minMagicAttack":10000,"maxMagicAttack":10000,"armor":10000,"resistance":10000,"health":3500},"initPropMaxScores":{"minPhysicalAttack":0,"maxPhysicalAttack":0,"minMagicAttack":0,"maxMagicAttack":0,"armor":0,"resistance":0,"health":0},"props":{"moveSpeed":6,"rebirthInterval":60},"growProps":{"minPhysicalAttack":[true,20,20,2,10],"maxPhysicalAttack":[true,25,25,2.5,12],"minMagicAttack":[true,20,20,2,10],"maxMagicAttack":[true,25,25,2.5,12],"armor":[true,11,11,1.1,6],"resistance":[true,11,11,1.1,6],"health":[true,179,179,17.9,90]},"spells":[420613200,420614200]}},
{"id":"eudemon:203030501","key":203030501,"value":{"name":"天火匠神（副）","composeType":1,"quality":5,"type":1,"isRare":false,"rareScore":800,"composeRatio":1,"specialMinor":203030501,"tendency":5,"sealId":204010501,"eggId":206010501,"tokens":1,"redeem":{},"majorProps":{"minPhysicalAttack":[9.9,49],"maxPhysicalAttack":[14.8,74],"health":[98.6,493]},"majorMaxScore":31160,"propMaxScores":{"minPhysicalAttack":15000,"maxPhysicalAttack":15000,"minMagicAttack":15000,"maxMagicAttack":15000,"armor":1170,"resistance":1170,"health":1160},"initPropMaxScores":{"minPhysicalAttack":210,"maxPhysicalAttack":210,"minMagicAttack":210,"maxMagicAttack":210,"armor":220,"resistance":220,"health":220},"props":{"moveSpeed":6,"rebirthInterval":60},"growProps":{"minPhysicalAttack":[true,20,99,9.9,49],"maxPhysicalAttack":[true,30,148,14.8,74],"minMagicAttack":[false,0,0,0,0],"maxMagicAttack":[false,0,0,0,0],"armor":[false,7,34,3.4,17],"resistance":[false,5,25,2.5,13],"health":[true,197,986,98.6,493]},"spells":[420501100]}}
]}
