{"total_rows":10,"offset":0,"rows":[
{"id":"knights:1","key":1,"value":{"requires":{"level":52},"eudemon":{"star":1},"target":1,"valueType":1,"effects":[["prop","extraExperience"]],"levels":[[1,500],[20,1000],[40,1500],[60,2000],[80,2500],[100,3000],[120,3500],[140,4000],[160,4500],[180,5000]]}},
{"id":"knights:2","key":2,"value":{"requires":{"level":95},"eudemon":{"star":40},"target":1,"valueType":2,"effects":[["prop","battlePower"]],"levels":[[40,10],[60,14],[80,18],[100,22],[120,25],[140,29],[160,33],[180,37],[200,40],[220,44],[240,48],[260,52]]}},
{"id":"knights:3","key":3,"value":{"requires":{"level":115},"eudemon":{"ids":[203010306],"star":60},"target":1,"valueType":2,"effects":[["prop","armor"],["prop","resistance"]],"levels":[[60,120],[80,185],[100,255],[120,335],[140,425],[160,520],[180,620],[200,725],[220,835],[240,950],[260,1075],[280,1200]]}},
{"id":"knights:4","key":4,"value":{"requires":{"level":175},"eudemon":{"star":100},"target":1,"valueType":2,"effects":[["prop","battlePower"]],"levels":[[100,25],[120,29],[140,33],[160,37],[180,40],[200,44],[220,48],[240,52],[260,55],[280,60],[300,65],[320,70],[340,75],[360,80]]}},
{"id":"knights:5","key":5,"value":{"requires":{"level":65},"eudemon":{"ids":[203010303,203010304],"star":20},"target":1,"valueType":2,"effects":[["prop","physicalAttack"],["prop","magicAttack"]],"levels":[[20,55],[40,160],[60,295],[80,455],[100,635],[120,835],[140,1055],[160,1290],[180,1535],[200,1800]]}},
{"id":"knights:6","key":6,"value":{"requires":{"level":145},"eudemon":{"ids":[203010403],"star":80},"target":1,"valueType":2,"effects":[["prop","health"]],"levels":[[80,3400],[100,4800],[120,6300],[140,7900],[160,9700],[180,11600],[200,13500],[220,15600],[240,17800],[260,20100],[280,22400],[300,24900],[320,27400],[340,30000]]}},
{"id":"knights:7","key":7,"value":{"requires":{"level":225,"nobility":106},"eudemon":{"star":150},"target":1,"valueType":2,"effects":[["prop","battlePower"]],"levels":[[150,34],[170,39],[190,44],[210,49],[230,54],[250,59],[270,64],[290,70],[310,77],[330,83],[350,89],[370,95],[390,102],[410,108],[430,114],[450,120]]}},
{"id":"knights:8","key":8,"value":{"requires":{"level":205,"nobility":106},"eudemon":{"ids":[203010405,203010404,203010502],"star":120},"target":1,"valueType":1,"effects":[["prop","damageIncrease"]],"levels":[[120,200],[140,250],[160,300],[180,350],[200,400],[220,500],[240,600],[260,700],[280,800],[300,900],[320,1000],[340,1100],[360,1200],[380,1300],[400,1400],[420,1500]]}},
{"id":"knights:9","key":9,"value":{"requires":{"level":265,"nobility":105},"eudemon":{"star":300},"target":1,"valueType":2,"effects":[["prop","battlePower"]],"levels":[[300,45],[320,52],[340,58],[360,64],[380,70],[400,77],[420,83],[440,89],[460,95],[480,102],[500,108],[520,114],[540,120],[560,127],[580,133],[600,139],[620,145],[640,152]]}},
{"id":"knights:10","key":10,"value":{"requires":{"level":245,"nobility":105},"eudemon":{"ids":[203010406],"star":200},"target":1,"valueType":1,"effects":[["prop","damageReduction"]],"levels":[[200,100],[220,150],[240,200],[260,250],[280,300],[300,350],[320,400],[340,450],[360,500],[380,550],[400,600],[420,650],[440,700],[460,750],[480,800],[500,850],[520,900],[540,1000]]}}
]}
