{"total_rows":36,"offset":0,"rows":[
{"id":"eudemon_talent:10101","key":10101,"value":{"level":1,"bp":2,"weight":10,"props":{}}},
{"id":"eudemon_talent:10102","key":10102,"value":{"level":2,"bp":4,"weight":10,"props":{}}},
{"id":"eudemon_talent:10103","key":10103,"value":{"level":3,"bp":6,"weight":10,"props":{}}},
{"id":"eudemon_talent:10104","key":10104,"value":{"level":4,"bp":8,"weight":10,"props":{}}},
{"id":"eudemon_talent:10105","key":10105,"value":{"level":5,"bp":10,"weight":10,"props":{}}},
{"id":"eudemon_talent:10106","key":10106,"value":{"level":6,"bp":15,"weight":10,"props":{}}},
{"id":"eudemon_talent:10201","key":10201,"value":{"level":1,"weight":10,"props":{"minPhysicalAttack":50,"maxPhysicalAttack":75}}},
{"id":"eudemon_talent:10202","key":10202,"value":{"level":2,"weight":10,"props":{"minPhysicalAttack":160,"maxPhysicalAttack":240}}},
{"id":"eudemon_talent:10203","key":10203,"value":{"level":3,"weight":10,"props":{"minPhysicalAttack":330,"maxPhysicalAttack":495}}},
{"id":"eudemon_talent:10204","key":10204,"value":{"level":4,"weight":10,"props":{"minPhysicalAttack":560,"maxPhysicalAttack":840}}},
{"id":"eudemon_talent:10205","key":10205,"value":{"level":5,"weight":10,"props":{"minPhysicalAttack":850,"maxPhysicalAttack":1275}}},
{"id":"eudemon_talent:10206","key":10206,"value":{"level":6,"weight":10,"props":{"minPhysicalAttack":1200,"maxPhysicalAttack":1800}}},
{"id":"eudemon_talent:10301","key":10301,"value":{"level":1,"weight":10,"props":{"minMagicAttack":50,"maxMagicAttack":75}}},
{"id":"eudemon_talent:10302","key":10302,"value":{"level":2,"weight":10,"props":{"minMagicAttack":160,"maxMagicAttack":240}}},
{"id":"eudemon_talent:10303","key":10303,"value":{"level":3,"weight":10,"props":{"minMagicAttack":330,"maxMagicAttack":495}}},
{"id":"eudemon_talent:10304","key":10304,"value":{"level":4,"weight":10,"props":{"minMagicAttack":560,"maxMagicAttack":840}}},
{"id":"eudemon_talent:10305","key":10305,"value":{"level":5,"weight":10,"props":{"minMagicAttack":850,"maxMagicAttack":1275}}},
{"id":"eudemon_talent:10306","key":10306,"value":{"level":6,"weight":10,"props":{"minMagicAttack":1200,"maxMagicAttack":1800}}},
{"id":"eudemon_talent:10401","key":10401,"value":{"level":1,"weight":10,"props":{"armor":30}}},
{"id":"eudemon_talent:10402","key":10402,"value":{"level":2,"weight":10,"props":{"armor":100}}},
{"id":"eudemon_talent:10403","key":10403,"value":{"level":3,"weight":10,"props":{"armor":205}}},
{"id":"eudemon_talent:10404","key":10404,"value":{"level":4,"weight":10,"props":{"armor":350}}},
{"id":"eudemon_talent:10405","key":10405,"value":{"level":5,"weight":10,"props":{"armor":530}}},
{"id":"eudemon_talent:10406","key":10406,"value":{"level":6,"weight":10,"props":{"armor":750}}},
{"id":"eudemon_talent:10501","key":10501,"value":{"level":1,"weight":10,"props":{"resistance":30}}},
{"id":"eudemon_talent:10502","key":10502,"value":{"level":2,"weight":10,"props":{"resistance":100}}},
{"id":"eudemon_talent:10503","key":10503,"value":{"level":3,"weight":10,"props":{"resistance":205}}},
{"id":"eudemon_talent:10504","key":10504,"value":{"level":4,"weight":10,"props":{"resistance":350}}},
{"id":"eudemon_talent:10505","key":10505,"value":{"level":5,"weight":10,"props":{"resistance":530}}},
{"id":"eudemon_talent:10506","key":10506,"value":{"level":6,"weight":10,"props":{"resistance":750}}},
{"id":"eudemon_talent:10601","key":10601,"value":{"level":1,"weight":10,"props":{"health":630}}},
{"id":"eudemon_talent:10602","key":10602,"value":{"level":2,"weight":10,"props":{"health":2000}}},
{"id":"eudemon_talent:10603","key":10603,"value":{"level":3,"weight":10,"props":{"health":4130}}},
{"id":"eudemon_talent:10604","key":10604,"value":{"level":4,"weight":10,"props":{"health":7000}}},
{"id":"eudemon_talent:10605","key":10605,"value":{"level":5,"weight":10,"props":{"health":10630}}},
{"id":"eudemon_talent:10606","key":10606,"value":{"level":6,"weight":10,"props":{"health":15000}}}
]}
