{"total_rows":21,"offset":0,"rows":[
{"id":"eudemon_spells:207010001","key":410111000,"value":{"type":10,"book":207010001}},
{"id":"eudemon_spells:207020001","key":410211000,"value":{"type":20,"book":207020001}},
{"id":"eudemon_spells:207020002","key":410212000,"value":{"type":20,"book":207020002}},
{"id":"eudemon_spells:207010002","key":410312000,"value":{"type":10,"book":207010002}},
{"id":"eudemon_spells:207030001","key":420101000,"value":{"type":120,"book":207030001}},
{"id":"eudemon_spells:207030002","key":420102000,"value":{"type":120,"book":207030002}},
{"id":"eudemon_spells:207030003","key":420103000,"value":{"type":120,"book":207030003}},
{"id":"eudemon_spells:207030004","key":420104000,"value":{"type":120,"book":207030004}},
{"id":"eudemon_spells:207030005","key":420105000,"value":{"type":120,"book":207030005}},
{"id":"eudemon_spells:207030006","key":420106000,"value":{"type":120,"book":207030006}},
{"id":"eudemon_spells:207030007","key":420107000,"value":{"type":120,"book":207030007}},
{"id":"eudemon_spells:207030008","key":420108000,"value":{"type":120,"book":207030008}},
{"id":"eudemon_spells:207030009","key":420109000,"value":{"type":120,"book":207030009}},
{"id":"eudemon_spells:207030010","key":420110000,"value":{"type":120,"book":207030010}},
{"id":"eudemon_spells:207030011","key":420111000,"value":{"type":120,"book":207030011}},
{"id":"eudemon_spells:207030012","key":420112000,"value":{"type":120,"book":207030012}},
{"id":"eudemon_spells:207030013","key":420113000,"value":{"type":120,"book":207030013}},
{"id":"eudemon_spells:207030014","key":420114000,"value":{"type":120,"book":207030014}},
{"id":"eudemon_spells:207030015","key":420115000,"value":{"type":120,"book":207030015}},
{"id":"eudemon_spells:207030016","key":420116000,"value":{"type":120,"book":207030016}},
{"id":"eudemon_spells:207030017","key":420117000,"value":{"type":120,"book":207030017}}
]}
