{"total_rows":300,"offset":0,"rows":[
{"id":"character_props","key":1,"value":100},
{"id":"character_props","key":2,"value":100},
{"id":"character_props","key":3,"value":200},
{"id":"character_props","key":4,"value":200},
{"id":"character_props","key":5,"value":300},
{"id":"character_props","key":6,"value":300},
{"id":"character_props","key":7,"value":400},
{"id":"character_props","key":8,"value":400},
{"id":"character_props","key":9,"value":500},
{"id":"character_props","key":10,"value":500},
{"id":"character_props","key":11,"value":500},
{"id":"character_props","key":12,"value":600},
{"id":"character_props","key":13,"value":700},
{"id":"character_props","key":14,"value":700},
{"id":"character_props","key":15,"value":800},
{"id":"character_props","key":16,"value":900},
{"id":"character_props","key":17,"value":1000},
{"id":"character_props","key":18,"value":1000},
{"id":"character_props","key":19,"value":1100},
{"id":"character_props","key":20,"value":1300},
{"id":"character_props","key":21,"value":1400},
{"id":"character_props","key":22,"value":1500},
{"id":"character_props","key":23,"value":1600},
{"id":"character_props","key":24,"value":1600},
{"id":"character_props","key":25,"value":1700},
{"id":"character_props","key":26,"value":1800},
{"id":"character_props","key":27,"value":1800},
{"id":"character_props","key":28,"value":1900},
{"id":"character_props","key":29,"value":3200},
{"id":"character_props","key":30,"value":4100},
{"id":"character_props","key":31,"value":5100},
{"id":"character_props","key":32,"value":5400},
{"id":"character_props","key":33,"value":5700},
{"id":"character_props","key":34,"value":6000},
{"id":"character_props","key":35,"value":6200},
{"id":"character_props","key":36,"value":6500},
{"id":"character_props","key":37,"value":6700},
{"id":"character_props","key":38,"value":7000},
{"id":"character_props","key":39,"value":7300},
{"id":"character_props","key":40,"value":7500},
{"id":"character_props","key":41,"value":7800},
{"id":"character_props","key":42,"value":8200},
{"id":"character_props","key":43,"value":8500},
{"id":"character_props","key":44,"value":8700},
{"id":"character_props","key":45,"value":9000},
{"id":"character_props","key":46,"value":20300},
{"id":"character_props","key":47,"value":20900},
{"id":"character_props","key":48,"value":21700},
{"id":"character_props","key":49,"value":22300},
{"id":"character_props","key":50,"value":23000},
{"id":"character_props","key":51,"value":23700},
{"id":"character_props","key":52,"value":26000},
{"id":"character_props","key":53,"value":26700},
{"id":"character_props","key":54,"value":27600},
{"id":"character_props","key":55,"value":29700},
{"id":"character_props","key":56,"value":30500},
{"id":"character_props","key":57,"value":31400},
{"id":"character_props","key":58,"value":39100},
{"id":"character_props","key":59,"value":39500},
{"id":"character_props","key":60,"value":42300},
{"id":"character_props","key":61,"value":53600},
{"id":"character_props","key":62,"value":56100},
{"id":"character_props","key":63,"value":65500},
{"id":"character_props","key":64,"value":70600},
{"id":"character_props","key":65,"value":85900},
{"id":"character_props","key":66,"value":86600},
{"id":"character_props","key":67,"value":90000},
{"id":"character_props","key":68,"value":90200},
{"id":"character_props","key":69,"value":94000},
{"id":"character_props","key":70,"value":106200},
{"id":"character_props","key":71,"value":110700},
{"id":"character_props","key":72,"value":115300},
{"id":"character_props","key":73,"value":119900},
{"id":"character_props","key":74,"value":124800},
{"id":"character_props","key":75,"value":129900},
{"id":"character_props","key":76,"value":135100},
{"id":"character_props","key":77,"value":140600},
{"id":"character_props","key":78,"value":146400},
{"id":"character_props","key":79,"value":275500},
{"id":"character_props","key":80,"value":286100},
{"id":"character_props","key":81,"value":371600},
{"id":"character_props","key":82,"value":387600},
{"id":"character_props","key":83,"value":403400},
{"id":"character_props","key":84,"value":420500},
{"id":"character_props","key":85,"value":438100},
{"id":"character_props","key":86,"value":541200},
{"id":"character_props","key":87,"value":564200},
{"id":"character_props","key":88,"value":576500},
{"id":"character_props","key":89,"value":617400},
{"id":"character_props","key":90,"value":647100},
{"id":"character_props","key":91,"value":377800},
{"id":"character_props","key":92,"value":384000},
{"id":"character_props","key":93,"value":386300},
{"id":"character_props","key":94,"value":387600},
{"id":"character_props","key":95,"value":392700},
{"id":"character_props","key":96,"value":403400},
{"id":"character_props","key":97,"value":417400},
{"id":"character_props","key":98,"value":420500},
{"id":"character_props","key":99,"value":423000},
{"id":"character_props","key":100,"value":438100},
{"id":"character_props","key":101,"value":450500},
{"id":"character_props","key":102,"value":455800},
{"id":"character_props","key":103,"value":486400},
{"id":"character_props","key":104,"value":491300},
{"id":"character_props","key":105,"value":524700},
{"id":"character_props","key":106,"value":528500},
{"id":"character_props","key":107,"value":541200},
{"id":"character_props","key":108,"value":564200},
{"id":"character_props","key":109,"value":565600},
{"id":"character_props","key":110,"value":569400},
{"id":"character_props","key":111,"value":576500},
{"id":"character_props","key":112,"value":609800},
{"id":"character_props","key":113,"value":612300},
{"id":"character_props","key":114,"value":617400},
{"id":"character_props","key":115,"value":647100},
{"id":"character_props","key":116,"value":657000},
{"id":"character_props","key":117,"value":658800},
{"id":"character_props","key":118,"value":708100},
{"id":"character_props","key":119,"value":709000},
{"id":"character_props","key":120,"value":756000},
{"id":"character_props","key":121,"value":768600},
{"id":"character_props","key":122,"value":813200},
{"id":"character_props","key":123,"value":819500},
{"id":"character_props","key":124,"value":879600},
{"id":"character_props","key":125,"value":1202600},
{"id":"character_props","key":126,"value":1284400},
{"id":"character_props","key":127,"value":1293700},
{"id":"character_props","key":128,"value":1380700},
{"id":"character_props","key":129,"value":1392000},
{"id":"character_props","key":130,"value":1482100},
{"id":"character_props","key":131,"value":1496800},
{"id":"character_props","key":132,"value":1592500},
{"id":"character_props","key":133,"value":1608500},
{"id":"character_props","key":134,"value":1708900},
{"id":"character_props","key":135,"value":1728900},
{"id":"character_props","key":136,"value":1818400},
{"id":"character_props","key":137,"value":1834200},
{"id":"character_props","key":138,"value":1839000},
{"id":"character_props","key":139,"value":1857200},
{"id":"character_props","key":140,"value":1949400},
{"id":"character_props","key":141,"value":1974500},
{"id":"character_props","key":142,"value":2091800},
{"id":"character_props","key":143,"value":2118800},
{"id":"character_props","key":144,"value":2241800},
{"id":"character_props","key":145,"value":2274100},
{"id":"character_props","key":146,"value":2403300},
{"id":"character_props","key":147,"value":2439500},
{"id":"character_props","key":148,"value":2576800},
{"id":"character_props","key":149,"value":2617300},
{"id":"character_props","key":150,"value":2733500},
{"id":"character_props","key":151,"value":3553500},
{"id":"character_props","key":152,"value":3692400},
{"id":"character_props","key":153,"value":3770000},
{"id":"character_props","key":154,"value":3912800},
{"id":"character_props","key":155,"value":3995200},
{"id":"character_props","key":156,"value":4078900},
{"id":"character_props","key":157,"value":4163900},
{"id":"character_props","key":158,"value":4252600},
{"id":"character_props","key":159,"value":4382100},
{"id":"character_props","key":160,"value":4470400},
{"id":"character_props","key":161,"value":4562600},
{"id":"character_props","key":162,"value":4588900},
{"id":"character_props","key":163,"value":4681300},
{"id":"character_props","key":164,"value":4848700},
{"id":"character_props","key":165,"value":4946500},
{"id":"character_props","key":166,"value":5045800},
{"id":"character_props","key":167,"value":5075500},
{"id":"character_props","key":168,"value":5180500},
{"id":"character_props","key":169,"value":5359200},
{"id":"character_props","key":170,"value":5464600},
{"id":"character_props","key":171,"value":5574300},
{"id":"character_props","key":172,"value":5610800},
{"id":"character_props","key":173,"value":5721000},
{"id":"character_props","key":174,"value":5835600},
{"id":"character_props","key":175,"value":5952100},
{"id":"character_props","key":176,"value":6070200},
{"id":"character_props","key":177,"value":6190100},
{"id":"character_props","key":178,"value":6314800},
{"id":"character_props","key":179,"value":6548800},
{"id":"character_props","key":180,"value":6775600},
{"id":"character_props","key":181,"value":7123700},
{"id":"character_props","key":182,"value":7260700},
{"id":"character_props","key":183,"value":7498200},
{"id":"character_props","key":184,"value":7848000},
{"id":"character_props","key":185,"value":8103900},
{"id":"character_props","key":186,"value":8367700},
{"id":"character_props","key":187,"value":8686100},
{"id":"character_props","key":188,"value":8975100},
{"id":"character_props","key":189,"value":9269200},
{"id":"character_props","key":190,"value":9572200},
{"id":"character_props","key":191,"value":9818900},
{"id":"character_props","key":192,"value":10142700},
{"id":"character_props","key":193,"value":10472100},
{"id":"character_props","key":194,"value":10815900},
{"id":"character_props","key":195,"value":11170300},
{"id":"character_props","key":196,"value":11535500},
{"id":"character_props","key":197,"value":11912000},
{"id":"character_props","key":198,"value":12304700},
{"id":"character_props","key":199,"value":12704500},
{"id":"character_props","key":200,"value":13234300},
{"id":"character_props","key":201,"value":13664000},
{"id":"character_props","key":202,"value":14226800},
{"id":"character_props","key":203,"value":14559900},
{"id":"character_props","key":204,"value":15152100},
{"id":"character_props","key":205,"value":15516600},
{"id":"character_props","key":206,"value":16140000},
{"id":"character_props","key":207,"value":16532300},
{"id":"character_props","key":208,"value":17194900},
{"id":"character_props","key":209,"value":17635100},
{"id":"character_props","key":210,"value":18027900},
{"id":"character_props","key":211,"value":18466700},
{"id":"character_props","key":212,"value":18711300},
{"id":"character_props","key":213,"value":19266100},
{"id":"character_props","key":214,"value":20152400},
{"id":"character_props","key":215,"value":20913600},
{"id":"character_props","key":216,"value":21702700},
{"id":"character_props","key":217,"value":22368600},
{"id":"character_props","key":218,"value":23224200},
{"id":"character_props","key":219,"value":24103200},
{"id":"character_props","key":220,"value":25014200},
{"id":"character_props","key":221,"value":26128100},
{"id":"character_props","key":222,"value":27115600},
{"id":"character_props","key":223,"value":28130200},
{"id":"character_props","key":224,"value":29029800},
{"id":"character_props","key":225,"value":30129200},
{"id":"character_props","key":226,"value":31436500},
{"id":"character_props","key":227,"value":32617500},
{"id":"character_props","key":228,"value":33851900},
{"id":"character_props","key":229,"value":34952700},
{"id":"character_props","key":230,"value":36440700},
{"id":"character_props","key":231,"value":37814500},
{"id":"character_props","key":232,"value":39238300},
{"id":"character_props","key":233,"value":40528600},
{"id":"character_props","key":234,"value":42057400},
{"id":"character_props","key":235,"value":43821900},
{"id":"character_props","key":236,"value":45645200},
{"id":"character_props","key":237,"value":47346500},
{"id":"character_props","key":238,"value":49127700},
{"id":"character_props","key":239,"value":50796400},
{"id":"character_props","key":240,"value":259575700},
{"id":"character_props","key":241,"value":307908300},
{"id":"character_props","key":242,"value":314398200},
{"id":"character_props","key":243,"value":318755900},
{"id":"character_props","key":244,"value":325417100},
{"id":"character_props","key":245,"value":331097600},
{"id":"character_props","key":246,"value":337935700},
{"id":"character_props","key":247,"value":342669800},
{"id":"character_props","key":248,"value":348689000},
{"id":"character_props","key":249,"value":353574300},
{"id":"character_props","key":250,"value":360779600},
{"id":"character_props","key":251,"value":365915500},
{"id":"character_props","key":252,"value":373408400},
{"id":"character_props","key":253,"value":378609300},
{"id":"character_props","key":254,"value":385132400},
{"id":"character_props","key":255,"value":390597800},
{"id":"character_props","key":256,"value":397307200},
{"id":"character_props","key":257,"value":404112000},
{"id":"character_props","key":258,"value":411115600},
{"id":"character_props","key":259,"value":418249700},
{"id":"character_props","key":260,"value":425483200},
{"id":"character_props","key":261,"value":432923800},
{"id":"character_props","key":262,"value":440334400},
{"id":"character_props","key":263,"value":447741700},
{"id":"character_props","key":264,"value":455362100},
{"id":"character_props","key":265,"value":463090100},
{"id":"character_props","key":266,"value":470927000},
{"id":"character_props","key":267,"value":478874500},
{"id":"character_props","key":268,"value":487047100},
{"id":"character_props","key":269,"value":492052900},
{"id":"character_props","key":270,"value":495220400},
{"id":"character_props","key":271,"value":496917700},
{"id":"character_props","key":272,"value":500048700},
{"id":"character_props","key":273,"value":501694200},
{"id":"character_props","key":274,"value":506608100},
{"id":"character_props","key":275,"value":511547000},
{"id":"character_props","key":276,"value":516510900},
{"id":"character_props","key":277,"value":521500000},
{"id":"character_props","key":278,"value":526629000},
{"id":"character_props","key":279,"value":531822900},
{"id":"character_props","key":280,"value":537043400},
{"id":"character_props","key":281,"value":542406100},
{"id":"character_props","key":282,"value":547642100},
{"id":"character_props","key":283,"value":552788300},
{"id":"character_props","key":284,"value":558076700},
{"id":"character_props","key":285,"value":563392100},
{"id":"character_props","key":286,"value":568734400},
{"id":"character_props","key":287,"value":574103700},
{"id":"character_props","key":288,"value":579617900},
{"id":"character_props","key":289,"value":585041400},
{"id":"character_props","key":290,"value":590492300},
{"id":"character_props","key":291,"value":596089900},
{"id":"character_props","key":292,"value":601715400},
{"id":"character_props","key":293,"value":607249500},
{"id":"character_props","key":294,"value":612931400},
{"id":"character_props","key":295,"value":618641900},
{"id":"character_props","key":296,"value":624381100},
{"id":"character_props","key":297,"value":630149400},
{"id":"character_props","key":298,"value":636068200},
{"id":"character_props","key":299,"value":641894600},
{"id":"character_props","key":300,"value":647750000}
]}
