{"total_rows":10,"offset":0,"rows":[
{"id":"friend_levels","key":1,"value":{"level":1,"exp":100,"expBonus":100,"expLimit":300,"itemLimit":100,"teamBonus":10,"holdTime":1}},
{"id":"friend_levels","key":2,"value":{"level":2,"exp":200,"expBonus":200,"expLimit":300,"itemLimit":100,"teamBonus":10,"holdTime":1}},
{"id":"friend_levels","key":3,"value":{"level":3,"exp":300,"expBonus":300,"expLimit":300,"itemLimit":100,"teamBonus":10,"holdTime":1}},
{"id":"friend_levels","key":4,"value":{"level":4,"exp":400,"expBonus":400,"expLimit":300,"itemLimit":100,"teamBonus":10,"holdTime":1}},
{"id":"friend_levels","key":5,"value":{"level":5,"exp":500,"expBonus":500,"expLimit":300,"itemLimit":100,"teamBonus":10,"holdTime":1}},
{"id":"friend_levels","key":6,"value":{"level":6,"exp":600,"expBonus":600,"expLimit":300,"itemLimit":100,"teamBonus":10,"holdTime":1}},
{"id":"friend_levels","key":7,"value":{"level":7,"exp":700,"expBonus":700,"expLimit":300,"itemLimit":100,"teamBonus":10,"holdTime":1}},
{"id":"friend_levels","key":8,"value":{"level":8,"exp":800,"expBonus":800,"expLimit":300,"itemLimit":100,"teamBonus":10,"holdTime":1}},
{"id":"friend_levels","key":9,"value":{"level":9,"exp":900,"expBonus":900,"expLimit":300,"itemLimit":100,"teamBonus":10,"holdTime":1}},
{"id":"friend_levels","key":10,"value":{"level":10,"exp":1000,"expBonus":1000,"expLimit":300,"itemLimit":100,"teamBonus":10,"holdTime":1}}
]}
