{"total_rows":27,"offset":0,"rows":[
{"id":"guild_buildings:10101","key":[1,1],"value":{"requireHallLevel":2,"upgradeCost":2000,"args":[208010101,[100,4,1800]]}},
{"id":"guild_buildings:10102","key":[1,2],"value":{"requireHallLevel":3,"upgradeCost":12500,"args":[208010101,[100,4,1800]]}},
{"id":"guild_buildings:10103","key":[1,3],"value":{"requireHallLevel":4,"upgradeCost":25000,"args":[208010101,[100,4,1800]]}},
{"id":"guild_buildings:10104","key":[1,4],"value":{"requireHallLevel":5,"upgradeCost":62500,"args":[208010101,[100,4,1800]]}},
{"id":"guild_buildings:10105","key":[1,5],"value":{"requireHallLevel":6,"upgradeCost":125000,"args":[208010101,[100,4,1800]]}},
{"id":"guild_buildings:10106","key":[1,6],"value":{"requireHallLevel":7,"upgradeCost":200000,"args":[208010101,[100,4,1800]]}},
{"id":"guild_buildings:10107","key":[1,7],"value":{"requireHallLevel":8,"upgradeCost":350000,"args":[208010101,[100,4,1800]]}},
{"id":"guild_buildings:10108","key":[1,8],"value":{"requireHallLevel":9,"upgradeCost":625000,"args":[208010101,[100,4,1800]]}},
{"id":"guild_buildings:10109","key":[1,9],"value":{"requireHallLevel":10,"upgradeCost":750000,"args":[208010101,[100,4,1800]]}},
{"id":"guild_buildings:10110","key":[1,10],"value":{"requireHallLevel":10,"upgradeCost":1000000,"args":[208010101,[100,4,1800]]}},
{"id":"guild_buildings:10201","key":[2,1],"value":{"requireHallLevel":2,"upgradeCost":7500,"args":[100]}},
{"id":"guild_buildings:10202","key":[2,2],"value":{"requireHallLevel":3,"upgradeCost":15000,"args":[97]}},
{"id":"guild_buildings:10203","key":[2,3],"value":{"requireHallLevel":4,"upgradeCost":37500,"args":[95]}},
{"id":"guild_buildings:10204","key":[2,4],"value":{"requireHallLevel":5,"upgradeCost":75000,"args":[93]}},
{"id":"guild_buildings:10205","key":[2,5],"value":{"requireHallLevel":6,"upgradeCost":120000,"args":[90]}},
{"id":"guild_buildings:10206","key":[2,6],"value":{"requireHallLevel":7,"upgradeCost":210000,"args":[87]}},
{"id":"guild_buildings:10207","key":[2,7],"value":{"requireHallLevel":8,"upgradeCost":375000,"args":[85]}},
{"id":"guild_buildings:10208","key":[2,8],"value":{"requireHallLevel":9,"upgradeCost":450000,"args":[83]}},
{"id":"guild_buildings:10209","key":[2,9],"value":{"requireHallLevel":10,"upgradeCost":600000,"args":[80]}},
{"id":"guild_buildings:10301","key":[3,1],"value":{"requireHallLevel":1,"upgradeCost":5000,"args":[10,[3,20000,5,2000]]}},
{"id":"guild_buildings:10302","key":[3,2],"value":{"requireHallLevel":2,"upgradeCost":20000,"args":[15,[4,20000,6,2000]]}},
{"id":"guild_buildings:10303","key":[3,3],"value":{"requireHallLevel":3,"upgradeCost":50000,"args":[20,[5,20000,7,2000]]}},
{"id":"guild_buildings:10304","key":[3,4],"value":{"requireHallLevel":4,"upgradeCost":100000,"args":[25,[6,20000,8,2000]]}},
{"id":"guild_buildings:10305","key":[3,5],"value":{"requireHallLevel":5,"upgradeCost":160000,"args":[30,[7,20000,9,2000]]}},
{"id":"guild_buildings:10306","key":[3,6],"value":{"requireHallLevel":6,"upgradeCost":280000,"args":[35,[8,20000,10,2000]]}},
{"id":"guild_buildings:10307","key":[3,7],"value":{"requireHallLevel":8,"upgradeCost":500000,"args":[40,[9,20000,10,2000]]}},
{"id":"guild_buildings:10308","key":[3,8],"value":{"requireHallLevel":10,"upgradeCost":600000,"args":[50,[10,20000,10,2000]]}}
]}
