{"total_rows":18,"offset":0,"rows":[
{"id":"group_totem_enhance:1","key":1,"value":{"id":10001,"requireLevel":3,"percent":20,"consume":10000}},
{"id":"group_totem_enhance:2","key":2,"value":{"id":10002,"requireLevel":3,"percent":23,"consume":33000}},
{"id":"group_totem_enhance:3","key":3,"value":{"id":10003,"requireLevel":3,"percent":26,"consume":52000}},
{"id":"group_totem_enhance:4","key":4,"value":{"id":10004,"requireLevel":4,"percent":29,"consume":77000}},
{"id":"group_totem_enhance:5","key":5,"value":{"id":10005,"requireLevel":4,"percent":32,"consume":108000}},
{"id":"group_totem_enhance:6","key":6,"value":{"id":10006,"requireLevel":4,"percent":35,"consume":145000}},
{"id":"group_totem_enhance:7","key":7,"value":{"id":10007,"requireLevel":5,"percent":38,"consume":188000}},
{"id":"group_totem_enhance:8","key":8,"value":{"id":10008,"requireLevel":5,"percent":41,"consume":237000}},
{"id":"group_totem_enhance:9","key":9,"value":{"id":10009,"requireLevel":6,"percent":44,"consume":292000}},
{"id":"group_totem_enhance:10","key":10,"value":{"id":10010,"requireLevel":6,"percent":47,"consume":353000}},
{"id":"group_totem_enhance:11","key":11,"value":{"id":10011,"requireLevel":7,"percent":50,"consume":420000}},
{"id":"group_totem_enhance:12","key":12,"value":{"id":10012,"requireLevel":7,"percent":53,"consume":493000}},
{"id":"group_totem_enhance:13","key":13,"value":{"id":10013,"requireLevel":8,"percent":56,"consume":572000}},
{"id":"group_totem_enhance:14","key":14,"value":{"id":10014,"requireLevel":8,"percent":59,"consume":657000}},
{"id":"group_totem_enhance:15","key":15,"value":{"id":10015,"requireLevel":9,"percent":62,"consume":748000}},
{"id":"group_totem_enhance:16","key":16,"value":{"id":10016,"requireLevel":9,"percent":65,"consume":845000}},
{"id":"group_totem_enhance:17","key":17,"value":{"id":10017,"requireLevel":10,"percent":70,"consume":948000}},
{"id":"group_totem_enhance:18","key":18,"value":{"id":10018,"requireLevel":10,"percent":75,"consume":1057000}}
]}
