{"total_rows":18,"offset":0,"rows":[
{"id":"red_packet:1001","key":1001,"value":{"amount":50,"defaultSegment":20,"minSegment":10,"maxSegment":50,"belong":1}},
{"id":"red_packet:1002","key":1002,"value":{"amount":400,"defaultSegment":20,"minSegment":10,"maxSegment":50,"belong":1}},
{"id":"red_packet:1003","key":1003,"value":{"amount":100,"defaultSegment":20,"minSegment":10,"maxSegment":50,"belong":0}},
{"id":"red_packet:1004","key":1004,"value":{"amount":1000,"defaultSegment":20,"minSegment":10,"maxSegment":50,"belong":0}},
{"id":"red_packet:1005","key":1005,"value":{"amount":900,"defaultSegment":20,"minSegment":10,"maxSegment":50,"belong":0}},
{"id":"red_packet:1006","key":1006,"value":{"amount":800,"defaultSegment":20,"minSegment":10,"maxSegment":50,"belong":0}},
{"id":"red_packet:1007","key":1007,"value":{"amount":600,"defaultSegment":20,"minSegment":10,"maxSegment":50,"belong":0}},
{"id":"red_packet:1008","key":1008,"value":{"amount":500,"defaultSegment":20,"minSegment":10,"maxSegment":50,"belong":0}},
{"id":"red_packet:1009","key":1009,"value":{"amount":50,"defaultSegment":20,"minSegment":10,"maxSegment":50,"belong":1}},
{"id":"red_packet:1010","key":1010,"value":{"amount":100,"defaultSegment":20,"minSegment":10,"maxSegment":50,"belong":1}},
{"id":"red_packet:1011","key":1011,"value":{"amount":150,"defaultSegment":20,"minSegment":10,"maxSegment":50,"belong":1}},
{"id":"red_packet:1012","key":1012,"value":{"amount":200,"defaultSegment":20,"minSegment":10,"maxSegment":50,"belong":1}},
{"id":"red_packet:1013","key":1013,"value":{"amount":300,"defaultSegment":20,"minSegment":10,"maxSegment":50,"belong":1}},
{"id":"red_packet:1014","key":1014,"value":{"amount":400,"defaultSegment":20,"minSegment":10,"maxSegment":50,"belong":1}},
{"id":"red_packet:1015","key":1015,"value":{"amount":500,"defaultSegment":20,"minSegment":10,"maxSegment":50,"belong":1}},
{"id":"red_packet:1016","key":1016,"value":{"amount":600,"defaultSegment":20,"minSegment":10,"maxSegment":50,"belong":1}},
{"id":"red_packet:1017","key":1017,"value":{"amount":800,"defaultSegment":20,"minSegment":10,"maxSegment":50,"belong":1}},
{"id":"red_packet:1018","key":1018,"value":{"amount":1000,"defaultSegment":20,"minSegment":10,"maxSegment":50,"belong":1}}
]}
