{"donateTypes":["ep","coin"],"donateCost1":[100,100,100,100,100,200,200,200,200,200,400,400,400,400,400,800,800,800,800,800],"donateCost2":[100,100,100,100,100,200,200,200,200,200,400,400,400,400,400,800,800,800,800,800],"donateLimit2":20,"donatePoints":[100,50],"donateGiftCost":100,"donateGiftInterval":3600,"donateGiftDailyLimit":5,"donateCurrencies":[10000,1000],"modifyNameCost":{"ep":2000},"upgradeDiscount":[100,90,70,50],"veryActive":[6000,99999],"active":[3000,5999],"notActive":[1000,2999],"veryNotActive":[0,999],"activeAdd":5,"activeTop":200,"veryActivePersonal":[100,200],"activePersonal":[70,99],"notActivePersonal":[40,69],"veryNotActivePersonal":[0,39],"veryActiveSalary":1,"activeSalary":0.9,"notActiveSalary":0.8,"veryNotActiveSalaryPersonal":0.7,"veryActiveSalaryPersonal":1,"activeSalaryPersonal":0.9,"notActiveSalaryPersonal":0.8,"friendshipConsume":0.3,"warXun":0.3,"prestige":0.2,"createCost":{"ep":300},"redPacketMaxPercent":300,"redPacketAutoSend":"22:00","redPacketExpire":86400,"redPacketDailyLimit":20,"salaryRangkings":[1,1,2,0.9,6,0.8,21,0.5],"mailLimit":4,"epDonateLimit":[50,50,50,50,50,80,80,80,80,80,100,100,150,150,200,200,250,250,250,300,300,300,300,300,300,300,300,300,300,300,300],"bindEpDonateLimit":5,"epDonateEarnings":[150,300],"initMoney":30000}
