{"total_rows":64,"offset":0,"rows":[
{"id":"group_totem_bp:1","key":1,"value":{"min":1,"max":20,"bp":1}},
{"id":"group_totem_bp:2","key":2,"value":{"min":21,"max":50,"bp":2}},
{"id":"group_totem_bp:3","key":3,"value":{"min":51,"max":100,"bp":3}},
{"id":"group_totem_bp:4","key":4,"value":{"min":101,"max":150,"bp":4}},
{"id":"group_totem_bp:5","key":5,"value":{"min":151,"max":200,"bp":5}},
{"id":"group_totem_bp:6","key":6,"value":{"min":201,"max":250,"bp":6}},
{"id":"group_totem_bp:7","key":7,"value":{"min":251,"max":300,"bp":7}},
{"id":"group_totem_bp:8","key":8,"value":{"min":301,"max":350,"bp":8}},
{"id":"group_totem_bp:9","key":9,"value":{"min":351,"max":400,"bp":9}},
{"id":"group_totem_bp:10","key":10,"value":{"min":401,"max":450,"bp":10}},
{"id":"group_totem_bp:11","key":11,"value":{"min":451,"max":500,"bp":11}},
{"id":"group_totem_bp:12","key":12,"value":{"min":501,"max":600,"bp":12}},
{"id":"group_totem_bp:13","key":13,"value":{"min":601,"max":700,"bp":13}},
{"id":"group_totem_bp:14","key":14,"value":{"min":701,"max":800,"bp":14}},
{"id":"group_totem_bp:15","key":15,"value":{"min":801,"max":900,"bp":15}},
{"id":"group_totem_bp:16","key":16,"value":{"min":901,"max":1000,"bp":16}},
{"id":"group_totem_bp:17","key":17,"value":{"min":1001,"max":1100,"bp":17}},
{"id":"group_totem_bp:18","key":18,"value":{"min":1101,"max":1200,"bp":18}},
{"id":"group_totem_bp:19","key":19,"value":{"min":1201,"max":1300,"bp":19}},
{"id":"group_totem_bp:20","key":20,"value":{"min":1301,"max":1400,"bp":20}},
{"id":"group_totem_bp:21","key":21,"value":{"min":1401,"max":1600,"bp":21}},
{"id":"group_totem_bp:22","key":22,"value":{"min":1601,"max":1800,"bp":22}},
{"id":"group_totem_bp:23","key":23,"value":{"min":1801,"max":2000,"bp":23}},
{"id":"group_totem_bp:24","key":24,"value":{"min":2001,"max":2200,"bp":24}},
{"id":"group_totem_bp:25","key":25,"value":{"min":2201,"max":2400,"bp":25}},
{"id":"group_totem_bp:26","key":26,"value":{"min":2401,"max":2600,"bp":26}},
{"id":"group_totem_bp:27","key":27,"value":{"min":2601,"max":2800,"bp":27}},
{"id":"group_totem_bp:28","key":28,"value":{"min":2801,"max":3000,"bp":28}},
{"id":"group_totem_bp:29","key":29,"value":{"min":3001,"max":3200,"bp":29}},
{"id":"group_totem_bp:30","key":30,"value":{"min":3201,"max":3400,"bp":30}},
{"id":"group_totem_bp:31","key":31,"value":{"min":3401,"max":3600,"bp":31}},
{"id":"group_totem_bp:32","key":32,"value":{"min":3601,"max":3800,"bp":32}},
{"id":"group_totem_bp:33","key":33,"value":{"min":3801,"max":4000,"bp":33}},
{"id":"group_totem_bp:34","key":34,"value":{"min":4001,"max":4200,"bp":34}},
{"id":"group_totem_bp:35","key":35,"value":{"min":4201,"max":4400,"bp":35}},
{"id":"group_totem_bp:36","key":36,"value":{"min":4401,"max":4600,"bp":36}},
{"id":"group_totem_bp:37","key":37,"value":{"min":4601,"max":4800,"bp":37}},
{"id":"group_totem_bp:38","key":38,"value":{"min":4801,"max":5000,"bp":38}},
{"id":"group_totem_bp:39","key":39,"value":{"min":5001,"max":5200,"bp":39}},
{"id":"group_totem_bp:40","key":40,"value":{"min":5201,"max":5400,"bp":40}},
{"id":"group_totem_bp:41","key":41,"value":{"min":5401,"max":5600,"bp":41}},
{"id":"group_totem_bp:42","key":42,"value":{"min":5601,"max":5800,"bp":42}},
{"id":"group_totem_bp:43","key":43,"value":{"min":5801,"max":6000,"bp":43}},
{"id":"group_totem_bp:44","key":44,"value":{"min":6001,"max":6200,"bp":44}},
{"id":"group_totem_bp:45","key":45,"value":{"min":6201,"max":6400,"bp":45}},
{"id":"group_totem_bp:46","key":46,"value":{"min":6401,"max":6600,"bp":46}},
{"id":"group_totem_bp:47","key":47,"value":{"min":6601,"max":6800,"bp":47}},
{"id":"group_totem_bp:48","key":48,"value":{"min":6801,"max":7000,"bp":48}},
{"id":"group_totem_bp:49","key":49,"value":{"min":7001,"max":7200,"bp":49}},
{"id":"group_totem_bp:50","key":50,"value":{"min":7201,"max":7400,"bp":50}},
{"id":"group_totem_bp:51","key":51,"value":{"min":7401,"max":7600,"bp":51}},
{"id":"group_totem_bp:52","key":52,"value":{"min":7601,"max":7800,"bp":52}},
{"id":"group_totem_bp:53","key":53,"value":{"min":7801,"max":8000,"bp":53}},
{"id":"group_totem_bp:54","key":54,"value":{"min":8001,"max":8200,"bp":54}},
{"id":"group_totem_bp:55","key":55,"value":{"min":8201,"max":8400,"bp":55}},
{"id":"group_totem_bp:56","key":56,"value":{"min":8401,"max":8600,"bp":56}},
{"id":"group_totem_bp:57","key":57,"value":{"min":8601,"max":8800,"bp":57}},
{"id":"group_totem_bp:58","key":58,"value":{"min":8801,"max":9000,"bp":58}},
{"id":"group_totem_bp:59","key":59,"value":{"min":9001,"max":9200,"bp":59}},
{"id":"group_totem_bp:60","key":60,"value":{"min":9201,"max":9400,"bp":60}},
{"id":"group_totem_bp:61","key":61,"value":{"min":9401,"max":9600,"bp":61}},
{"id":"group_totem_bp:62","key":62,"value":{"min":9601,"max":9800,"bp":62}},
{"id":"group_totem_bp:63","key":63,"value":{"min":9801,"max":10000,"bp":63}},
{"id":"group_totem_bp:64","key":64,"value":{"min":10001,"max":100000,"bp":64}}
]}
