{"total_rows":10,"offset":0,"rows":[
{"id":"army_right:1","key":1,"value":{"class":"领袖","uiOrder":1,"positionOrder":1,"type":2,"normalOrder":-1,"specialOrder":1,"classCoefficient":1,"title1":"领袖","title2":"社长","title3":"宗主","title4":"领袖","changeName":true,"leaderTransfer":true,"recycleArmyChief":true,"transferArmyChief":false,"changeGroup":false,"appointOthers":false,"totemOpen":false,"changeClassTitle":false,"editNotice":false,"editDeclaration":true,"sendMail":false,"levelupBuilding":false,"silent":false,"dismiss":false,"invite":false,"check":false,"changeClass":false,"joinSetting":false,"TotemEnhance":false,"collegeSpell":false}},
{"id":"army_right:2","key":2,"value":{"class":"领袖伴侣","uiOrder":2,"positionOrder":2,"type":2,"normalOrder":-1,"specialOrder":2,"classCoefficient":1,"title1":"领袖伴侣","title2":"社长伴侣","title3":"宗主伴侣","title4":"领袖伴侣","changeName":false,"leaderTransfer":false,"recycleArmyChief":false,"transferArmyChief":false,"changeGroup":false,"appointOthers":false,"totemOpen":false,"changeClassTitle":false,"editNotice":false,"editDeclaration":false,"sendMail":false,"levelupBuilding":false,"silent":false,"dismiss":false,"invite":false,"check":false,"changeClass":false,"joinSetting":false,"TotemEnhance":false,"collegeSpell":false}},
{"id":"army_right:3","key":3,"value":{"class":"军团长伴侣","uiOrder":4,"positionOrder":4,"type":2,"normalOrder":-1,"specialOrder":3,"classCoefficient":0.9,"title1":"族长伴侣","title2":"理事长伴侣","title3":"帮主伴侣","title4":"军团长伴侣","changeName":false,"leaderTransfer":false,"recycleArmyChief":false,"transferArmyChief":false,"changeGroup":false,"appointOthers":false,"totemOpen":false,"changeClassTitle":false,"editNotice":false,"editDeclaration":false,"sendMail":false,"levelupBuilding":false,"silent":false,"dismiss":false,"invite":false,"check":false,"changeClass":false,"joinSetting":false,"TotemEnhance":false,"collegeSpell":false}},
{"id":"army_right:4","key":4,"value":{"class":"副团长伴侣","uiOrder":6,"positionOrder":6,"type":2,"normalOrder":-1,"specialOrder":4,"classCoefficient":0.8,"title1":"副族长伴侣","title2":"副理事伴侣","title3":"副帮主伴侣","title4":"副团长伴侣","changeName":false,"leaderTransfer":false,"recycleArmyChief":false,"transferArmyChief":false,"changeGroup":false,"appointOthers":false,"totemOpen":false,"changeClassTitle":false,"editNotice":false,"editDeclaration":false,"sendMail":false,"levelupBuilding":false,"silent":false,"dismiss":false,"invite":false,"check":false,"changeClass":false,"joinSetting":false,"TotemEnhance":false,"collegeSpell":false}},
{"id":"army_right:5","key":5,"value":{"class":"元老伴侣","uiOrder":8,"positionOrder":8,"type":2,"normalOrder":-1,"specialOrder":5,"classCoefficient":0.7,"title1":"长老伴侣","title2":"常务理事伴侣","title3":"护法伴侣","title4":"元老伴侣","changeName":false,"leaderTransfer":false,"recycleArmyChief":false,"transferArmyChief":false,"changeGroup":false,"appointOthers":false,"totemOpen":false,"changeClassTitle":false,"editNotice":false,"editDeclaration":false,"sendMail":false,"levelupBuilding":false,"silent":false,"dismiss":false,"invite":false,"check":false,"changeClass":false,"joinSetting":false,"TotemEnhance":false,"collegeSpell":false}},
{"id":"army_right:6","key":6,"value":{"class":"军团长","uiOrder":3,"positionOrder":3,"type":1,"normalOrder":1,"specialOrder":-1,"classCoefficient":0.9,"title1":"族长","title2":"理事长","title3":"帮主","title4":"军团长","changeName":true,"leaderTransfer":false,"recycleArmyChief":false,"transferArmyChief":true,"changeGroup":false,"appointOthers":true,"totemOpen":true,"changeClassTitle":false,"editNotice":true,"editDeclaration":false,"sendMail":true,"levelupBuilding":true,"silent":false,"dismiss":true,"invite":true,"check":true,"changeClass":false,"joinSetting":true,"TotemEnhance":true,"collegeSpell":true}},
{"id":"army_right:7","key":7,"value":{"class":"副军团长","uiOrder":5,"positionOrder":5,"type":1,"normalOrder":2,"specialOrder":-1,"classCoefficient":0.8,"title1":"副族长","title2":"副理事长","title3":"副帮主","title4":"副军团长","changeName":false,"leaderTransfer":false,"recycleArmyChief":false,"transferArmyChief":false,"changeGroup":false,"appointOthers":false,"totemOpen":false,"changeClassTitle":false,"editNotice":false,"editDeclaration":false,"sendMail":false,"levelupBuilding":true,"silent":false,"dismiss":true,"invite":true,"check":true,"changeClass":false,"joinSetting":true,"TotemEnhance":false,"collegeSpell":false}},
{"id":"army_right:8","key":8,"value":{"class":"元老","uiOrder":7,"positionOrder":7,"type":1,"normalOrder":3,"specialOrder":-1,"classCoefficient":0.7,"title1":"长老","title2":"常务理事","title3":"护法","title4":"元老","changeName":false,"leaderTransfer":false,"recycleArmyChief":false,"transferArmyChief":false,"changeGroup":false,"appointOthers":false,"totemOpen":false,"changeClassTitle":false,"editNotice":false,"editDeclaration":false,"sendMail":false,"levelupBuilding":false,"silent":false,"dismiss":false,"invite":true,"check":true,"changeClass":false,"joinSetting":true,"TotemEnhance":false,"collegeSpell":false}},
{"id":"army_right:9","key":9,"value":{"class":"玫瑰女神","uiOrder":9,"positionOrder":9,"type":1,"normalOrder":4,"specialOrder":-1,"classCoefficient":0.7,"title1":"家族宝贝","title2":"秘书长","title3":"香主","title4":"玫瑰女神","changeName":false,"leaderTransfer":false,"recycleArmyChief":false,"transferArmyChief":false,"changeGroup":false,"appointOthers":false,"totemOpen":false,"changeClassTitle":false,"editNotice":false,"editDeclaration":false,"sendMail":false,"levelupBuilding":false,"silent":false,"dismiss":false,"invite":false,"check":false,"changeClass":false,"joinSetting":false,"TotemEnhance":false,"collegeSpell":false}},
{"id":"army_right:10","key":10,"value":{"class":"团员","uiOrder":10,"positionOrder":10,"type":1,"normalOrder":5,"specialOrder":-1,"classCoefficient":0.5,"title1":"成员","title2":"社员","title3":"弟子","title4":"团员","changeName":false,"leaderTransfer":false,"recycleArmyChief":false,"transferArmyChief":false,"changeGroup":false,"appointOthers":false,"totemOpen":false,"changeClassTitle":false,"editNotice":false,"editDeclaration":false,"sendMail":false,"levelupBuilding":false,"silent":false,"dismiss":false,"invite":false,"check":false,"changeClass":false,"joinSetting":false,"TotemEnhance":false,"collegeSpell":false}}
]}
