{"total_rows":6,"offset":0,"rows":[
{"id":"group_party_rewards:1","key":1,"value":{"worldLevel":60,"rewards":[["item",208010521,1,true],["item",208010512,1,true],["item",208040303,1,true]]}},
{"id":"group_party_rewards:2","key":2,"value":{"worldLevel":90,"rewards":[["item",208010521,1,true],["item",208010512,1,true],["item",208040303,1,true]]}},
{"id":"group_party_rewards:3","key":3,"value":{"worldLevel":150,"rewards":[["item",208010521,1,true],["item",208010512,1,true],["item",208040303,1,true]]}},
{"id":"group_party_rewards:4","key":4,"value":{"worldLevel":180,"rewards":[["item",208010521,1,true],["item",208010512,1,true],["item",208040303,1,true]]}},
{"id":"group_party_rewards:5","key":5,"value":{"worldLevel":210,"rewards":[["item",208010521,1,true],["item",208010512,1,true],["item",208040303,1,true]]}},
{"id":"group_party_rewards:6","key":6,"value":{"worldLevel":99999,"rewards":[["item",208010521,1,true],["item",208010512,1,true],["item",208040303,1,true]]}}
]}
