{"total_rows":53,"offset":0,"rows":[
{"id":"group_answer:1","key":1,"value":{"question":"最多可出征/合体几只幻兽","correct":"4","answer1":"5只","answer2":"4只","answer3":"2只","answer4":"3只"}},
{"id":"group_answer:2","key":2,"value":{"question":"使用什么道具可以开启第三只幻兽出征","correct":"1","answer1":"神兽合精","answer2":"圣兽魔晶","answer3":"电浆药水","answer4":"魔魂晶石"}},
{"id":"group_answer:3","key":3,"value":{"question":"神兽合精从哪里可以获得","correct":"1","answer1":"幻兽学院","answer2":"恶魔塔","answer3":"金币商店","answer4":"魔石商店"}},
{"id":"group_answer:4","key":4,"value":{"question":"电浆药水从哪里可以获得","correct":"2","answer1":"魔石商店","answer2":"拍卖行","answer3":"恶魔塔","answer4":"战勋商店"}},
{"id":"group_answer:5","key":5,"value":{"question":"幻兽身份牌怎么获得","correct":"4","answer1":"孵化几率获得","answer2":"幻化几率获得","answer3":"升级几率获得","answer4":"进化获得"}},
{"id":"group_answer:6","key":6,"value":{"question":"雷相性幻兽怎么获得","correct":"1","answer1":"所有选项都可获得","answer2":"幻化几率获得","answer3":"进化几率获得","answer4":"孵化几率获得"}},
{"id":"group_answer:7","key":7,"value":{"question":"幻兽怎么领悟天赋","correct":"1","answer1":"所有选项都可获得","answer2":"使用幻兽天赋石领悟","answer3":"幻化有几率领悟","answer4":"进化有几率领悟"}},
{"id":"group_answer:8","key":8,"value":{"question":"幻兽放生可获得什么","correct":"4","answer1":"圣兽魔晶","answer2":"0型奇异兽","answer3":"所有选项都可获得","answer4":"恶魔币"}},
{"id":"group_answer:9","key":9,"value":{"question":"幻兽封印需要消耗什么","correct":"1","answer1":"不需要消耗","answer2":"金币","answer3":"恶魔币","answer4":"魔石"}},
{"id":"group_answer:10","key":10,"value":{"question":"幻兽第一次进化需要幻兽达到多少级","correct":"4","answer1":"无等级需求","answer2":"80级","answer3":"120级","answer4":"100级"}},
{"id":"group_answer:11","key":11,"value":{"question":"幻兽在星级排行榜中排名前120时，幻兽可额外获得什么","correct":"2","answer1":"生命上限","answer2":"战斗力","answer3":"物攻魔攻","answer4":"物防魔防"}},
{"id":"group_answer:12","key":12,"value":{"question":"圣兽魔晶有什么用","correct":"4","answer1":"改变幻兽天赋","answer2":"增加幻兽评分","answer3":"改变幻兽相性","answer4":"增加幻兽经验"}},
{"id":"group_answer:13","key":13,"value":{"question":"电浆药水有什么用","correct":"3","answer1":"增加幻兽评分","answer2":"增加幻兽经验","answer3":"改变幻兽相性","answer4":"改变幻兽天赋"}},
{"id":"group_answer:14","key":14,"value":{"question":"圆桌骑士-智慧骑士可增加什么属性","correct":"3","answer1":"增加主角物防魔防","answer2":"增加主角物攻魔攻","answer3":"增加主角获取经验","answer4":"增加主角战斗力"}},
{"id":"group_answer:15","key":15,"value":{"question":"圆桌骑士-雷霆骑士可增加什么属性","correct":"3","answer1":"增加主角物攻魔攻","answer2":"增加主角物防魔防","answer3":"增加主角战斗力","answer4":"增加主角伤害"}},
{"id":"group_answer:16","key":16,"value":{"question":"圆桌骑士-守护骑士可增加什么属性","correct":"4","answer1":"增加主角伤害","answer2":"增加主角物攻魔攻","answer3":"增加主角战斗力","answer4":"增加主角物防魔防"}},
{"id":"group_answer:17","key":17,"value":{"question":"圆桌骑士-斗魂骑士可增加什么属性","correct":"3","answer1":"增加主角物防魔防","answer2":"增加主角伤害","answer3":"增加主角战斗力","answer4":"增加主角物攻魔攻"}},
{"id":"group_answer:18","key":18,"value":{"question":"圆桌骑士-裁决骑士可增加什么属性","correct":"4","answer1":"增加主角物防魔防","answer2":"增加主角伤害","answer3":"增加主角战斗力","answer4":"增加主角物攻魔攻"}},
{"id":"group_answer:19","key":19,"value":{"question":"圆桌骑士-圣光骑士可增加什么属性","correct":"1","answer1":"增加主角生命上限","answer2":"增加主角伤害","answer3":"增加主角战斗力","answer4":"增加主角物防魔防"}},
{"id":"group_answer:20","key":20,"value":{"question":"圆桌骑士-永恒骑士可增加什么属性","correct":"2","answer1":"增加主角生命上限","answer2":"增加主角战斗力","answer3":"增加主角物攻魔攻","answer4":"增加主角物防魔防"}},
{"id":"group_answer:21","key":21,"value":{"question":"圆桌骑士-光辉骑士可增加什么属性","correct":"4","answer1":"增加主角物攻魔攻","answer2":"增加主角物防魔防","answer3":"增加主角生命上限","answer4":"增加主角伤害"}},
{"id":"group_answer:22","key":22,"value":{"question":"圆桌骑士-钢铁骑士可增加什么属性","correct":"4","answer1":"增加主角物防魔防","answer2":"增加主角生命上限","answer3":"增加主角减伤","answer4":"增加主角战斗力"}},
{"id":"group_answer:23","key":23,"value":{"question":"圆桌骑士-世袭骑士可增加什么属性","correct":"1","answer1":"增加主角减伤","answer2":"增加主角生命上限","answer3":"增加主角物防魔防","answer4":"增加主角战斗力"}},
{"id":"group_answer:24","key":24,"value":{"question":"圆桌骑士-圣光骑士可任命什么幻兽","correct":"3","answer1":"赐予者艾登","answer2":"裁决骑士莎菲","answer3":"圣天使奈丽","answer4":"任意幻兽"}},
{"id":"group_answer:25","key":25,"value":{"question":"圆桌骑士-钢铁骑士可任命什么幻兽","correct":"3","answer1":"圣天使奈丽","answer2":"赐予者艾登","answer3":"任意幻兽","answer4":"裁决骑士莎菲"}},
{"id":"group_answer:26","key":26,"value":{"question":"圆桌骑士-光辉骑士可任命什么幻兽","correct":"2","answer1":"守护者奥斯汀","answer2":"双星拉尼亚","answer3":"任意幻兽","answer4":"裁决骑士凯隆"}},
{"id":"group_answer:27","key":27,"value":{"question":"圆桌骑士-守护骑士可任命什么幻兽","correct":"4","answer1":"守护者奥斯汀","answer2":"裁决骑士凯隆","answer3":"任意幻兽","answer4":"守护骑士朵朵"}},
{"id":"group_answer:28","key":28,"value":{"question":"圆桌骑士-圣光骑士需要主角达到什么爵位才能开启","correct":"2","answer1":"子爵","answer2":"男爵","answer3":"勋爵","answer4":"伯爵"}},
{"id":"group_answer:29","key":29,"value":{"question":"圆桌骑士-钢铁骑士需要主角达到什么爵位才能开启","correct":"3","answer1":"伯爵","answer2":"男爵","answer3":"子爵","answer4":"勋爵"}},
{"id":"group_answer:30","key":30,"value":{"question":"军团怎么升级","correct":"3","answer1":"增加军团人数","answer2":"升级图腾祭坛","answer3":"升级军团大厅","answer4":"提升军团战力"}},
{"id":"group_answer:31","key":31,"value":{"question":"图腾祭坛登记幻兽后可获得什么","correct":"2","answer1":"攻击","answer2":"战斗力","answer3":"生命","answer4":"防御"}},
{"id":"group_answer:32","key":32,"value":{"question":"一级祭坛最多可以开启多少根幻兽图腾","correct":"3","answer1":"5根","answer2":"3根","answer3":"8根","answer4":"10根"}},
{"id":"group_answer:33","key":33,"value":{"question":"在战勋商店购买物品需要消耗什么货币","correct":"3","answer1":"魔石","answer2":"金币","answer3":"战勋","answer4":"军团资金"}},
{"id":"group_answer:34","key":34,"value":{"question":"世界首领每日可以打几个","correct":"4","answer1":"5个","answer2":"6个","answer3":"4个","answer4":"3个"}},
{"id":"group_answer:35","key":35,"value":{"question":"参与哪个活动可以获得绑定魔石","correct":"3","answer1":"世界首领","answer2":"恶魔塔","answer3":"神之试练","answer4":"圣域战场"}},
{"id":"group_answer:36","key":36,"value":{"question":"装备追加增加的装备什么属性","correct":"2","answer1":"相性属性","answer2":"基础属性","answer3":"随机属性","answer4":"觉醒属性"}},
{"id":"group_answer:37","key":37,"value":{"question":"一个装备最多镶嵌几个宝石","correct":"3","answer1":"3个","answer2":"4个","answer3":"5个","answer4":"6个"}},
{"id":"group_answer:38","key":38,"value":{"question":"装备锻造增加的装备什么属性","correct":"2","answer1":"基础属性","answer2":"相性属性","answer3":"觉醒属性","answer4":"随机属性"}},
{"id":"group_answer:39","key":39,"value":{"question":"什么样的装备可以进行锻造","correct":"2","answer1":"5阶橙色以上属性","answer2":"5阶紫色以上装备","answer3":"6阶紫色以上装备","answer4":"6阶橙色以上属性"}},
{"id":"group_answer:40","key":40,"value":{"question":"一件装备最多可以锻造几次","correct":"1","answer1":"5次","answer2":"6次","answer3":"3次","answer4":"4次"}},
{"id":"group_answer:41","key":41,"value":{"question":"装备传承的装备之间要满足下面哪个条件","correct":"3","answer1":"无条件要求","answer2":"只需要相同部位","answer3":"相同部位和职业","answer4":"只需要相同职业"}},
{"id":"group_answer:42","key":42,"value":{"question":"什么样的装备可以进行觉醒","correct":"4","answer1":"6阶橙色以上属性","answer2":"6阶紫色以上装备","answer3":"5阶橙色以上属性","answer4":"5阶紫色以上装备"}},
{"id":"group_answer:43","key":43,"value":{"question":"每天可以完成多少轮每日任务","correct":"2","answer1":"30轮","answer2":"20轮","answer3":"10轮","answer4":"40轮"}},
{"id":"group_answer:44","key":44,"value":{"question":"矮人宝库总共有多少层","correct":"4","answer1":"11层","answer2":"12层","answer3":"10层","answer4":"9层"}},
{"id":"group_answer:45","key":45,"value":{"question":"军团争霸每次会进行几轮战斗","correct":"4","answer1":"三轮","answer2":"一轮","answer3":"四轮","answer4":"两轮"}},
{"id":"group_answer:46","key":46,"value":{"question":"装备合成最多可以合成多少星等的装备","correct":"2","answer1":"五星","answer2":"三星","answer3":"四星","answer4":"两星"}},
{"id":"group_answer:47","key":47,"value":{"question":"以下哪种方式不是提升贵族等级的方式","correct":"1","answer1":"充值魔石","answer2":"每日登陆游戏","answer3":"第一次购买贵族卡","answer4":"消耗非绑定魔石"}},
{"id":"group_answer:48","key":48,"value":{"question":"请选c（送分题）","correct":"1","answer1":"c","answer2":"B","answer3":"A","answer4":"C"}},
{"id":"group_answer:49","key":49,"value":{"question":"998X96-154的个位数是多少","correct":"1","answer1":"4","answer2":"2","answer3":"6","answer4":"8"}},
{"id":"group_answer:50","key":50,"value":{"question":"请选择你的幸运数字（运气也是实力的一部分）","correct":"1","answer1":"6","answer2":"5","answer3":"4","answer4":"3"}},
{"id":"group_answer:51","key":51,"value":{"question":"请选择你的幸运数字（运气也是实力的一部分）","correct":"2","answer1":"6","answer2":"5","answer3":"4","answer4":"3"}},
{"id":"group_answer:52","key":52,"value":{"question":"请选择你的幸运数字（运气也是实力的一部分）","correct":"4","answer1":"6","answer2":"5","answer3":"4","answer4":"3"}},
{"id":"group_answer:53","key":53,"value":{"question":"请选择你的幸运数字（运气也是实力的一部分）","correct":"3","answer1":"6","answer2":"5","answer3":"4","answer4":"3"}}
]}
