{"total_rows":100,"offset":0,"rows":[
{"id":"group_party_ground:1","key":1,"value":{"position":{"x":55.28844,"y":15.21158,"z":83.44919},"direction":{"x":0.2349897,"y":0,"z":-0.971998}}},
{"id":"group_party_ground:2","key":2,"value":{"position":{"x":48.98347,"y":15.21158,"z":81.27988},"direction":{"x":0.7441835,"y":0,"z":-0.6679752}}},
{"id":"group_party_ground:3","key":3,"value":{"position":{"x":45.11129,"y":15.21158,"z":77.14904},"direction":{"x":0.636104,"y":0,"z":-0.7716035}}},
{"id":"group_party_ground:4","key":4,"value":{"position":{"x":43.87299,"y":15.21158,"z":72.34087},"direction":{"x":0.9659993,"y":0,"z":-0.2585447}}},
{"id":"group_party_ground:5","key":5,"value":{"position":{"x":45.00564,"y":15.21158,"z":66.88276},"direction":{"x":0.9035138,"y":0,"z":0.4285589}}},
{"id":"group_party_ground:6","key":6,"value":{"position":{"x":47.72836,"y":15.21158,"z":62.7972},"direction":{"x":0.5609603,"y":0,"z":0.8278427}}},
{"id":"group_party_ground:7","key":7,"value":{"position":{"x":52.6078,"y":15.21158,"z":59.91659},"direction":{"x":0.3191938,"y":0,"z":0.9476895}}},
{"id":"group_party_ground:8","key":8,"value":{"position":{"x":59.46565,"y":15.21158,"z":60.37779},"direction":{"x":-0.3229325,"y":0,"z":0.946422}}},
{"id":"group_party_ground:9","key":9,"value":{"position":{"x":63.95514,"y":15.21158,"z":64.2887},"direction":{"x":-0.7029876,"y":0,"z":0.7112021}}},
{"id":"group_party_ground:10","key":10,"value":{"position":{"x":66.73446,"y":15.21158,"z":70.42107},"direction":{"x":-0.9083309,"y":0,"z":0.4182523}}},
{"id":"group_party_ground:11","key":11,"value":{"position":{"x":65.4642,"y":15.21158,"z":77.03233},"direction":{"x":-0.7737462,"y":0,"z":-0.6334958}}},
{"id":"group_party_ground:12","key":12,"value":{"position":{"x":61.19995,"y":15.21158,"z":81.85266},"direction":{"x":-0.6193077,"y":0,"z":-0.7851486}}},
{"id":"group_party_ground:13","key":13,"value":{"position":{"x":38.9501,"y":15.21158,"z":57.75266},"direction":{"x":0.1558955,"y":0,"z":-0.9877735}}},
{"id":"group_party_ground:14","key":14,"value":{"position":{"x":39.05498,"y":15.21158,"z":52.57244},"direction":{"x":0.2126643,"y":0,"z":-0.9771254}}},
{"id":"group_party_ground:15","key":15,"value":{"position":{"x":44.12637,"y":15.21158,"z":57.83026},"direction":{"x":-0.05539829,"y":0,"z":-0.9984643}}},
{"id":"group_party_ground:16","key":16,"value":{"position":{"x":44.23273,"y":15.21158,"z":52.30335},"direction":{"x":-0.01386359,"y":0,"z":-0.9999039}}},
{"id":"group_party_ground:17","key":17,"value":{"position":{"x":38.79209,"y":15.21158,"z":64.52589},"direction":{"x":0.01131912,"y":0,"z":-0.9999361}}},
{"id":"group_party_ground:18","key":18,"value":{"position":{"x":72.70921,"y":15.21158,"z":57.90222},"direction":{"x":-0.1360713,"y":0,"z":-0.9906992}}},
{"id":"group_party_ground:19","key":19,"value":{"position":{"x":67.41144,"y":15.21158,"z":57.90726},"direction":{"x":-0.1980668,"y":0,"z":-0.9801886}}},
{"id":"group_party_ground:20","key":20,"value":{"position":{"x":67.02223,"y":15.21158,"z":52.33615},"direction":{"x":-0.1935525,"y":0,"z":-0.9810899}}},
{"id":"group_party_ground:21","key":21,"value":{"position":{"x":72.76069,"y":15.21158,"z":52.51365},"direction":{"x":-0.4070122,"y":0,"z":-0.9134227}}},
{"id":"group_party_ground:22","key":22,"value":{"position":{"x":72.99155,"y":15.21158,"z":65.72198},"direction":{"x":-0.3397098,"y":0,"z":-0.9405304}}},
{"id":"group_party_ground:23","key":23,"value":{"position":{"x":51.98318,"y":15.21158,"z":55.51347},"direction":{"x":-0.02175057,"y":0,"z":-0.9997635}}},
{"id":"group_party_ground:24","key":24,"value":{"position":{"x":58.44449,"y":15.21158,"z":55.15607},"direction":{"x":-0.1192791,"y":0,"z":-0.9928608}}},
{"id":"group_party_ground:25","key":25,"value":{"position":{"x":52.2453,"y":15.21158,"z":50.96996},"direction":{"x":-0.2348616,"y":0,"z":-0.972029}}},
{"id":"group_party_ground:26","key":26,"value":{"position":{"x":58.27253,"y":15.21158,"z":50.97058},"direction":{"x":-0.3002265,"y":0,"z":-0.9538682}}},
{"id":"group_party_ground:27","key":27,"value":{"position":{"x":72.52812,"y":15.21158,"z":71.6256},"direction":{"x":-0.2246058,"y":0,"z":-0.9744498}}},
{"id":"group_party_ground:28","key":28,"value":{"position":{"x":37.67734,"y":15.21158,"z":71.61443},"direction":{"x":-0.1698861,"y":0,"z":-0.9854639}}},
{"id":"group_party_ground:29","key":29,"value":{"position":{"x":38.16385,"y":15.21157,"z":90.63275},"direction":{"x":0.06338929,"y":0,"z":-0.9979889}}},
{"id":"group_party_ground:30","key":30,"value":{"position":{"x":43.67233,"y":15.21158,"z":90.62897},"direction":{"x":0.10684,"y":0,"z":-0.9942763}}},
{"id":"group_party_ground:31","key":31,"value":{"position":{"x":38.3073,"y":15.21158,"z":85.52828},"direction":{"x":0.08149799,"y":0,"z":-0.9966736}}},
{"id":"group_party_ground:32","key":32,"value":{"position":{"x":44.23611,"y":15.21158,"z":85.52406},"direction":{"x":0.02014698,"y":0,"z":-0.9997971}}},
{"id":"group_party_ground:33","key":33,"value":{"position":{"x":38.52639,"y":15.21158,"z":80.21844},"direction":{"x":-0.1334994,"y":0,"z":-0.9910491}}},
{"id":"group_party_ground:34","key":34,"value":{"position":{"x":67.18304,"y":15.21158,"z":91.11993},"direction":{"x":-0.1881054,"y":0,"z":-0.9821489}}},
{"id":"group_party_ground:35","key":35,"value":{"position":{"x":72.1669,"y":15.21158,"z":91.0108},"direction":{"x":-0.2327092,"y":0,"z":-0.9725466}}},
{"id":"group_party_ground:36","key":36,"value":{"position":{"x":66.9711,"y":15.21158,"z":85.5468},"direction":{"x":-0.1196917,"y":0,"z":-0.9928112}}},
{"id":"group_party_ground:37","key":37,"value":{"position":{"x":72.00892,"y":15.21158,"z":85.4575},"direction":{"x":-0.2769786,"y":0,"z":-0.9608761}}},
{"id":"group_party_ground:38","key":38,"value":{"position":{"x":71.93583,"y":15.21158,"z":79.82964},"direction":{"x":-0.2374855,"y":0,"z":-0.9713912}}},
{"id":"group_party_ground:39","key":39,"value":{"position":{"x":41.5758,"y":13.386,"z":36.63602},"direction":{"x":0.2750815,"y":0,"z":-0.961421}}},
{"id":"group_party_ground:40","key":40,"value":{"position":{"x":46.7275,"y":13.386,"z":36.69405},"direction":{"x":0.007415125,"y":0,"z":-0.9999726}}},
{"id":"group_party_ground:41","key":41,"value":{"position":{"x":51.4138,"y":13.386,"z":36.75281},"direction":{"x":-0.1468288,"y":0,"z":-0.989162}}},
{"id":"group_party_ground:42","key":42,"value":{"position":{"x":55.82425,"y":13.386,"z":36.87448},"direction":{"x":-0.2445277,"y":0,"z":-0.9696424}}},
{"id":"group_party_ground:43","key":43,"value":{"position":{"x":60.36954,"y":13.386,"z":36.7452},"direction":{"x":-0.2826504,"y":0,"z":-0.959223}}},
{"id":"group_party_ground:44","key":44,"value":{"position":{"x":65.11893,"y":13.386,"z":36.65666},"direction":{"x":-0.3144205,"y":0,"z":-0.9492838}}},
{"id":"group_party_ground:45","key":45,"value":{"position":{"x":69.79057,"y":13.386,"z":36.78077},"direction":{"x":-0.4014024,"y":0,"z":-0.9159019}}},
{"id":"group_party_ground:46","key":46,"value":{"position":{"x":41.83874,"y":13.386,"z":32.43403},"direction":{"x":0.2262336,"y":0,"z":-0.9740731}}},
{"id":"group_party_ground:47","key":47,"value":{"position":{"x":46.47359,"y":13.386,"z":32.36516},"direction":{"x":-0.01838203,"y":0,"z":-0.9998312}}},
{"id":"group_party_ground:48","key":48,"value":{"position":{"x":51.33852,"y":13.386,"z":32.29487},"direction":{"x":-0.3311684,"y":0,"z":-0.9435717}}},
{"id":"group_party_ground:49","key":49,"value":{"position":{"x":55.70636,"y":13.386,"z":32.35609},"direction":{"x":-0.03618597,"y":0,"z":-0.9993451}}},
{"id":"group_party_ground:50","key":50,"value":{"position":{"x":60.18633,"y":13.386,"z":32.61826},"direction":{"x":-0.3331425,"y":0,"z":-0.9428765}}},
{"id":"group_party_ground:51","key":51,"value":{"position":{"x":64.71648,"y":13.386,"z":32.73969},"direction":{"x":-0.08801869,"y":0,"z":-0.9961188}}},
{"id":"group_party_ground:52","key":52,"value":{"position":{"x":69.22616,"y":13.386,"z":32.67294},"direction":{"x":-0.2863128,"y":0,"z":-0.9581362}}},
{"id":"group_party_ground:53","key":53,"value":{"position":{"x":42.60237,"y":13.386,"z":28.25206},"direction":{"x":-0.1516117,"y":0,"z":-0.9884402}}},
{"id":"group_party_ground:54","key":54,"value":{"position":{"x":46.72835,"y":13.386,"z":28.04899},"direction":{"x":0.000452371,"y":0,"z":-1}}},
{"id":"group_party_ground:55","key":55,"value":{"position":{"x":51.36811,"y":13.386,"z":27.99073},"direction":{"x":-0.1298028,"y":0,"z":-0.9915398}}},
{"id":"group_party_ground:56","key":56,"value":{"position":{"x":55.59124,"y":13.386,"z":28.22655},"direction":{"x":0.00225861,"y":0,"z":-0.9999976}}},
{"id":"group_party_ground:57","key":57,"value":{"position":{"x":59.90056,"y":13.386,"z":28.09114},"direction":{"x":-0.1473315,"y":0,"z":-0.9890872}}},
{"id":"group_party_ground:58","key":58,"value":{"position":{"x":64.51508,"y":13.386,"z":28.08667},"direction":{"x":-0.3276242,"y":0,"z":-0.9448081}}},
{"id":"group_party_ground:59","key":59,"value":{"position":{"x":68.85131,"y":13.386,"z":28.49618},"direction":{"x":-0.2879766,"y":0,"z":-0.9576375}}},
{"id":"group_party_ground:60","key":60,"value":{"position":{"x":42.6927,"y":13.386,"z":24.70782},"direction":{"x":0.1052205,"y":0,"z":-0.9944489}}},
{"id":"group_party_ground:61","key":61,"value":{"position":{"x":46.85011,"y":13.386,"z":24.45808},"direction":{"x":-0.04350615,"y":0,"z":-0.9990534}}},
{"id":"group_party_ground:62","key":62,"value":{"position":{"x":51.35798,"y":13.386,"z":24.63829},"direction":{"x":-0.1081608,"y":0,"z":-0.9941335}}},
{"id":"group_party_ground:63","key":63,"value":{"position":{"x":55.35164,"y":13.386,"z":24.57324},"direction":{"x":-0.2130134,"y":0,"z":-0.9770494}}},
{"id":"group_party_ground:64","key":64,"value":{"position":{"x":59.85858,"y":13.386,"z":24.44757},"direction":{"x":-0.3809405,"y":0,"z":-0.9245996}}},
{"id":"group_party_ground:65","key":65,"value":{"position":{"x":64.15849,"y":13.386,"z":24.32066},"direction":{"x":-0.3018097,"y":0,"z":-0.9533683}}},
{"id":"group_party_ground:66","key":66,"value":{"position":{"x":68.30565,"y":13.386,"z":24.62752},"direction":{"x":-0.4645998,"y":0,"z":-0.8855209}}},
{"id":"group_party_ground:67","key":67,"value":{"position":{"x":43.15433,"y":13.386,"z":21.10797},"direction":{"x":0.2535607,"y":0,"z":-0.9673196}}},
{"id":"group_party_ground:68","key":68,"value":{"position":{"x":47.03653,"y":13.386,"z":21.11525},"direction":{"x":-0.1682254,"y":0,"z":-0.9857485}}},
{"id":"group_party_ground:69","key":69,"value":{"position":{"x":51.20073,"y":13.386,"z":21.2366},"direction":{"x":-0.3433587,"y":0,"z":-0.9392045}}},
{"id":"group_party_ground:70","key":70,"value":{"position":{"x":55.32264,"y":13.386,"z":21.24147},"direction":{"x":-0.3494453,"y":0,"z":-0.9369569}}},
{"id":"group_party_ground:71","key":71,"value":{"position":{"x":59.7238,"y":13.386,"z":21.18679},"direction":{"x":-0.3396627,"y":0,"z":-0.9405475}}},
{"id":"group_party_ground:72","key":72,"value":{"position":{"x":63.8424,"y":13.386,"z":21.37247},"direction":{"x":-0.3759234,"y":0,"z":-0.9266509}}},
{"id":"group_party_ground:73","key":73,"value":{"position":{"x":67.55488,"y":13.386,"z":21.0668},"direction":{"x":-0.3139604,"y":0,"z":-0.9494361}}},
{"id":"group_party_ground:74","key":74,"value":{"position":{"x":43.18642,"y":13.386,"z":17.97125},"direction":{"x":-0.02721068,"y":0,"z":-0.9996297}}},
{"id":"group_party_ground:75","key":75,"value":{"position":{"x":46.91417,"y":13.386,"z":18.10342},"direction":{"x":0.09107962,"y":0,"z":-0.9958436}}},
{"id":"group_party_ground:76","key":76,"value":{"position":{"x":51.0785,"y":13.386,"z":18.23396},"direction":{"x":-0.1671654,"y":0,"z":-0.985929}}},
{"id":"group_party_ground:77","key":77,"value":{"position":{"x":55.29442,"y":13.386,"z":17.83182},"direction":{"x":-0.2843227,"y":0,"z":-0.9587287}}},
{"id":"group_party_ground:78","key":78,"value":{"position":{"x":59.47005,"y":13.386,"z":18.02361},"direction":{"x":-0.2651737,"y":0,"z":-0.9642007}}},
{"id":"group_party_ground:79","key":79,"value":{"position":{"x":63.57239,"y":13.386,"z":18.03119},"direction":{"x":-0.5164813,"y":0,"z":-0.8562984}}},
{"id":"group_party_ground:80","key":80,"value":{"position":{"x":67.39703,"y":13.386,"z":18.04799},"direction":{"x":-0.3916127,"y":0,"z":-0.9201303}}},
{"id":"group_party_ground:81","key":81,"value":{"position":{"x":43.40471,"y":13.386,"z":14.715},"direction":{"x":0.2390967,"y":0,"z":-0.9709958}}},
{"id":"group_party_ground:82","key":82,"value":{"position":{"x":47.08374,"y":13.386,"z":14.7275},"direction":{"x":-0.2531286,"y":0,"z":-0.9674326}}},
{"id":"group_party_ground:83","key":83,"value":{"position":{"x":50.94268,"y":13.386,"z":14.79999},"direction":{"x":-0.2669247,"y":0,"z":-0.9637173}}},
{"id":"group_party_ground:84","key":84,"value":{"position":{"x":43.74443,"y":13.386,"z":11.83222},"direction":{"x":-0.02721153,"y":0,"z":-0.9996297}}},
{"id":"group_party_ground:85","key":85,"value":{"position":{"x":47.31714,"y":13.386,"z":11.65294},"direction":{"x":0.09107962,"y":0,"z":-0.9958436}}},
{"id":"group_party_ground:86","key":86,"value":{"position":{"x":50.97512,"y":13.386,"z":11.72358},"direction":{"x":-0.1671654,"y":0,"z":-0.985929}}},
{"id":"group_party_ground:87","key":87,"value":{"position":{"x":55.24726,"y":13.386,"z":11.91736},"direction":{"x":-0.2843227,"y":0,"z":-0.9587287}}},
{"id":"group_party_ground:88","key":88,"value":{"position":{"x":59.61999,"y":13.386,"z":11.555},"direction":{"x":-0.2651737,"y":0,"z":-0.9642007}}},
{"id":"group_party_ground:89","key":89,"value":{"position":{"x":63.36135,"y":13.386,"z":11.65605},"direction":{"x":-0.5164813,"y":0,"z":-0.8562984}}},
{"id":"group_party_ground:90","key":90,"value":{"position":{"x":67.21858,"y":13.386,"z":11.57447},"direction":{"x":-0.3916127,"y":0,"z":-0.9201303}}},
{"id":"group_party_ground:91","key":91,"value":{"position":{"x":55.14966,"y":13.386,"z":14.8449},"direction":{"x":-0.3175445,"y":0,"z":-0.9482434}}},
{"id":"group_party_ground:92","key":92,"value":{"position":{"x":59.40459,"y":13.386,"z":14.77988},"direction":{"x":-0.008725556,"y":0,"z":-0.9999621}}},
{"id":"group_party_ground:93","key":93,"value":{"position":{"x":63.47364,"y":13.386,"z":14.78753},"direction":{"x":-0.1674497,"y":0,"z":-0.9858806}}},
{"id":"group_party_ground:94","key":94,"value":{"position":{"x":67.18061,"y":13.386,"z":14.86627},"direction":{"x":-0.06097018,"y":0,"z":-0.9981396}}},
{"id":"group_party_ground:95","key":95,"value":{"position":{"x":26.27457,"y":17.16446,"z":65.8152},"direction":{"x":-0.05945271,"y":0,"z":-0.9982313}}},
{"id":"group_party_ground:96","key":96,"value":{"position":{"x":26.30598,"y":17.16446,"z":56.27738},"direction":{"x":0.02926537,"y":0,"z":-0.9995718}}},
{"id":"group_party_ground:97","key":97,"value":{"position":{"x":26.36368,"y":17.16446,"z":46.72772},"direction":{"x":-0.04129012,"y":0,"z":-0.9991473}}},
{"id":"group_party_ground:98","key":98,"value":{"position":{"x":85.40883,"y":17.16445,"z":65.77869},"direction":{"x":-0.1623908,"y":0,"z":-0.9867266}}},
{"id":"group_party_ground:99","key":99,"value":{"position":{"x":85.309,"y":17.16446,"z":53.25167},"direction":{"x":-0.1478447,"y":0,"z":-0.9890107}}},
{"id":"group_party_ground:100","key":100,"value":{"position":{"x":85.78546,"y":17.16531,"z":43.28722},"direction":{"x":-0.1662216,"y":0,"z":-0.9860885}}}
]}
