{"total_rows":21,"offset":0,"rows":[
{"id":"group_totem:203010201","key":203010201,"value":{"id":10001,"sort":1,"eudemonBp":1,"eudemonAmount":1}},
{"id":"group_totem:203010202","key":203010202,"value":{"id":10002,"sort":2,"eudemonBp":1,"eudemonAmount":1}},
{"id":"group_totem:203010203","key":203010203,"value":{"id":10003,"sort":3,"eudemonBp":1,"eudemonAmount":1}},
{"id":"group_totem:203010301","key":203010301,"value":{"id":10004,"sort":5,"eudemonBp":1,"eudemonAmount":1}},
{"id":"group_totem:203010302","key":203010302,"value":{"id":10005,"sort":6,"eudemonBp":1,"eudemonAmount":1}},
{"id":"group_totem:203010303","key":203010303,"value":{"id":10006,"sort":7,"eudemonBp":1,"eudemonAmount":1}},
{"id":"group_totem:203010304","key":203010304,"value":{"id":10007,"sort":8,"eudemonBp":1,"eudemonAmount":1}},
{"id":"group_totem:203010306","key":203010306,"value":{"id":10008,"sort":10,"eudemonBp":1,"eudemonAmount":1}},
{"id":"group_totem:203010401","key":203010401,"value":{"id":10009,"sort":11,"eudemonBp":1,"eudemonAmount":1}},
{"id":"group_totem:203010402","key":203010402,"value":{"id":10010,"sort":12,"eudemonBp":1,"eudemonAmount":1}},
{"id":"group_totem:203010403","key":203010403,"value":{"id":10011,"sort":13,"eudemonBp":1,"eudemonAmount":1}},
{"id":"group_totem:203010404","key":203010404,"value":{"id":10012,"sort":14,"eudemonBp":1,"eudemonAmount":1}},
{"id":"group_totem:203010405","key":203010405,"value":{"id":10013,"sort":15,"eudemonBp":1,"eudemonAmount":1}},
{"id":"group_totem:203010406","key":203010406,"value":{"id":10017,"sort":20,"eudemonBp":1,"eudemonAmount":1}},
{"id":"group_totem:203010502","key":203010502,"value":{"id":10014,"sort":17,"eudemonBp":1,"eudemonAmount":1}},
{"id":"group_totem:203010503","key":203010503,"value":{"id":10015,"sort":18,"eudemonBp":1,"eudemonAmount":1}},
{"id":"group_totem:203010504","key":203010504,"value":{"id":10016,"sort":19,"eudemonBp":1,"eudemonAmount":1}},
{"id":"group_totem:203010505","key":203010505,"value":{"id":10020,"sort":23,"eudemonBp":1,"eudemonAmount":1}},
{"id":"group_totem:203010506","key":203010506,"value":{"id":10018,"sort":21,"eudemonBp":1,"eudemonAmount":1}},
{"id":"group_totem:203010507","key":203010507,"value":{"id":10019,"sort":22,"eudemonBp":1,"eudemonAmount":1}},
{"id":"group_totem:203010508","key":203010508,"value":{"id":10021,"sort":24,"eudemonBp":1,"eudemonAmount":1}}
]}
