{"total_rows":10,"offset":0,"rows":[
{"id":"army_group_level:1","key":1,"value":{"officialNum":40,"readyNum":"10","chiefNum":1,"deputyNum":2,"founding":2,"senator":0,"roseDurga":3,"groupMember":42,"readyGroupMember":20,"readyMemberConvertLevel":100,"leader":"1","leaderPartner":"1","chiefPartner":"1","deputyPartner":"2","foundingPartner":2,"levelUpFund":0,"postBaseFund":1500,"maintainFund":5000,"worldLevelLimit":80,"leaderBp":22,"leaderPartnerBp":22,"chiefBp":22,"chiefPartnerBp":22,"deputyBp":17,"deputyPartnerBp":17,"foundingBp":12,"foundingPartnerBp":12,"roseDurgaBp":7,"groupMemberBp":3}},
{"id":"army_group_level:2","key":2,"value":{"officialNum":45,"readyNum":"12","chiefNum":1,"deputyNum":2,"founding":2,"senator":0,"roseDurga":3,"groupMember":47,"readyGroupMember":22,"readyMemberConvertLevel":105,"leader":"1","leaderPartner":"1","chiefPartner":"1","deputyPartner":"2","foundingPartner":2,"levelUpFund":50000,"postBaseFund":1600,"maintainFund":9000,"worldLevelLimit":110,"leaderBp":24,"leaderPartnerBp":24,"chiefBp":24,"chiefPartnerBp":24,"deputyBp":19,"deputyPartnerBp":19,"foundingBp":14,"foundingPartnerBp":14,"roseDurgaBp":9,"groupMemberBp":5}},
{"id":"army_group_level:3","key":3,"value":{"officialNum":50,"readyNum":"14","chiefNum":1,"deputyNum":2,"founding":2,"senator":0,"roseDurga":4,"groupMember":51,"readyGroupMember":24,"readyMemberConvertLevel":110,"leader":"1","leaderPartner":"1","chiefPartner":"1","deputyPartner":"2","foundingPartner":2,"levelUpFund":100000,"postBaseFund":1700,"maintainFund":15000,"worldLevelLimit":140,"leaderBp":26,"leaderPartnerBp":26,"chiefBp":26,"chiefPartnerBp":26,"deputyBp":21,"deputyPartnerBp":21,"foundingBp":16,"foundingPartnerBp":16,"roseDurgaBp":11,"groupMemberBp":7}},
{"id":"army_group_level:4","key":4,"value":{"officialNum":55,"readyNum":"16","chiefNum":1,"deputyNum":2,"founding":3,"senator":0,"roseDurga":4,"groupMember":55,"readyGroupMember":26,"readyMemberConvertLevel":115,"leader":"1","leaderPartner":"1","chiefPartner":"1","deputyPartner":"2","foundingPartner":3,"levelUpFund":250000,"postBaseFund":1800,"maintainFund":22000,"worldLevelLimit":170,"leaderBp":28,"leaderPartnerBp":28,"chiefBp":28,"chiefPartnerBp":28,"deputyBp":23,"deputyPartnerBp":23,"foundingBp":18,"foundingPartnerBp":18,"roseDurgaBp":13,"groupMemberBp":9}},
{"id":"army_group_level:5","key":5,"value":{"officialNum":60,"readyNum":"18","chiefNum":1,"deputyNum":2,"founding":3,"senator":0,"roseDurga":5,"groupMember":59,"readyGroupMember":28,"readyMemberConvertLevel":120,"leader":"1","leaderPartner":"1","chiefPartner":"1","deputyPartner":"2","foundingPartner":3,"levelUpFund":500000,"postBaseFund":1900,"maintainFund":30000,"worldLevelLimit":200,"leaderBp":30,"leaderPartnerBp":30,"chiefBp":30,"chiefPartnerBp":30,"deputyBp":25,"deputyPartnerBp":25,"foundingBp":20,"foundingPartnerBp":20,"roseDurgaBp":15,"groupMemberBp":10}},
{"id":"army_group_level:6","key":6,"value":{"officialNum":65,"readyNum":"20","chiefNum":1,"deputyNum":2,"founding":3,"senator":0,"roseDurga":5,"groupMember":64,"readyGroupMember":30,"readyMemberConvertLevel":125,"leader":"1","leaderPartner":"1","chiefPartner":"1","deputyPartner":"2","foundingPartner":3,"levelUpFund":800000,"postBaseFund":2000,"maintainFund":32500,"worldLevelLimit":230,"leaderBp":32,"leaderPartnerBp":32,"chiefBp":32,"chiefPartnerBp":32,"deputyBp":27,"deputyPartnerBp":27,"foundingBp":22,"foundingPartnerBp":22,"roseDurgaBp":17,"groupMemberBp":11}},
{"id":"army_group_level:7","key":7,"value":{"officialNum":70,"readyNum":"22","chiefNum":1,"deputyNum":2,"founding":4,"senator":0,"roseDurga":6,"groupMember":67,"readyGroupMember":32,"readyMemberConvertLevel":130,"leader":"1","leaderPartner":"1","chiefPartner":"1","deputyPartner":"2","foundingPartner":4,"levelUpFund":1400000,"postBaseFund":2100,"maintainFund":35000,"worldLevelLimit":260,"leaderBp":34,"leaderPartnerBp":34,"chiefBp":34,"chiefPartnerBp":34,"deputyBp":29,"deputyPartnerBp":29,"foundingBp":24,"foundingPartnerBp":24,"roseDurgaBp":19,"groupMemberBp":12}},
{"id":"army_group_level:8","key":8,"value":{"officialNum":80,"readyNum":"24","chiefNum":1,"deputyNum":2,"founding":4,"senator":0,"roseDurga":6,"groupMember":72,"readyGroupMember":34,"readyMemberConvertLevel":135,"leader":"1","leaderPartner":"1","chiefPartner":"1","deputyPartner":"2","foundingPartner":4,"levelUpFund":2500000,"postBaseFund":2200,"maintainFund":40000,"worldLevelLimit":290,"leaderBp":36,"leaderPartnerBp":36,"chiefBp":36,"chiefPartnerBp":36,"deputyBp":31,"deputyPartnerBp":31,"foundingBp":26,"foundingPartnerBp":26,"roseDurgaBp":21,"groupMemberBp":13}},
{"id":"army_group_level:9","key":9,"value":{"officialNum":90,"readyNum":"26","chiefNum":1,"deputyNum":2,"founding":5,"senator":0,"roseDurga":7,"groupMember":75,"readyGroupMember":36,"readyMemberConvertLevel":140,"leader":"1","leaderPartner":"1","chiefPartner":"1","deputyPartner":"2","foundingPartner":5,"levelUpFund":3000000,"postBaseFund":2300,"maintainFund":45000,"worldLevelLimit":320,"leaderBp":38,"leaderPartnerBp":38,"chiefBp":38,"chiefPartnerBp":38,"deputyBp":33,"deputyPartnerBp":33,"foundingBp":28,"foundingPartnerBp":28,"roseDurgaBp":23,"groupMemberBp":14}},
{"id":"army_group_level:10","key":10,"value":{"officialNum":100,"readyNum":"28","chiefNum":1,"deputyNum":2,"founding":5,"senator":0,"roseDurga":7,"groupMember":85,"readyGroupMember":38,"readyMemberConvertLevel":145,"leader":"1","leaderPartner":"1","chiefPartner":"1","deputyPartner":"2","foundingPartner":5,"levelUpFund":4000000,"postBaseFund":2400,"maintainFund":50000,"leaderBp":40,"leaderPartnerBp":40,"chiefBp":40,"chiefPartnerBp":40,"deputyBp":35,"deputyPartnerBp":35,"foundingBp":30,"foundingPartnerBp":30,"roseDurgaBp":25,"groupMemberBp":15}}
]}
