{"total_rows":56,"offset":0,"rows":[
{"id":"item_compose","key":205010200,"value":{"unlockLevel":1,"cost":[["item",205010100,3],["coin",2000]],"bindRule":1,"rewards":[["item",205010200,1]]}},
{"id":"item_compose","key":205010300,"value":{"unlockLevel":1,"cost":[["item",205010200,3],["coin",2000]],"bindRule":1,"rewards":[["item",205010300,1]]}},
{"id":"item_compose","key":205010400,"value":{"unlockLevel":1,"cost":[["item",205010300,3],["coin",2000]],"bindRule":1,"rewards":[["item",205010400,1]]}},
{"id":"item_compose","key":205010500,"value":{"unlockLevel":1,"cost":[["item",205010400,3],["coin",4000]],"bindRule":1,"rewards":[["item",205010500,1]]}},
{"id":"item_compose","key":205010600,"value":{"unlockLevel":1,"cost":[["item",205010500,3],["coin",4000]],"bindRule":1,"rewards":[["item",205010600,1]]}},
{"id":"item_compose","key":205010700,"value":{"unlockLevel":1,"cost":[["item",205010600,3],["item",205990100,1],["coin",4000]],"bindRule":1,"rewards":[["item",205010700,1]]}},
{"id":"item_compose","key":205010800,"value":{"unlockLevel":1,"cost":[["item",205010700,3],["item",205990100,2],["coin",8000]],"bindRule":1,"rewards":[["item",205010800,1]]}},
{"id":"item_compose","key":205010900,"value":{"unlockLevel":1,"cost":[["item",205010800,3],["item",205990100,3],["coin",8000]],"bindRule":1,"rewards":[["item",205010900,1]]}},
{"id":"item_compose","key":205011000,"value":{"unlockLevel":1,"cost":[["item",205010900,3],["item",205990100,5],["coin",8000]],"bindRule":1,"rewards":[["item",205011000,1]]}},
{"id":"item_compose","key":205020200,"value":{"unlockLevel":1,"cost":[["item",205020100,3],["coin",2000]],"bindRule":1,"rewards":[["item",205020200,1]]}},
{"id":"item_compose","key":205020300,"value":{"unlockLevel":1,"cost":[["item",205020200,3],["coin",2000]],"bindRule":1,"rewards":[["item",205020300,1]]}},
{"id":"item_compose","key":205020400,"value":{"unlockLevel":1,"cost":[["item",205020300,3],["coin",2000]],"bindRule":1,"rewards":[["item",205020400,1]]}},
{"id":"item_compose","key":205020500,"value":{"unlockLevel":1,"cost":[["item",205020400,3],["coin",4000]],"bindRule":1,"rewards":[["item",205020500,1]]}},
{"id":"item_compose","key":205020600,"value":{"unlockLevel":1,"cost":[["item",205020500,3],["coin",4000]],"bindRule":1,"rewards":[["item",205020600,1]]}},
{"id":"item_compose","key":205020700,"value":{"unlockLevel":1,"cost":[["item",205020600,3],["item",205990100,1],["coin",4000]],"bindRule":1,"rewards":[["item",205020700,1]]}},
{"id":"item_compose","key":205020800,"value":{"unlockLevel":1,"cost":[["item",205020700,3],["item",205990100,2],["coin",8000]],"bindRule":1,"rewards":[["item",205020800,1]]}},
{"id":"item_compose","key":205020900,"value":{"unlockLevel":1,"cost":[["item",205020800,3],["item",205990100,3],["coin",8000]],"bindRule":1,"rewards":[["item",205020900,1]]}},
{"id":"item_compose","key":205021000,"value":{"unlockLevel":1,"cost":[["item",205020900,3],["item",205990100,5],["coin",8000]],"bindRule":1,"rewards":[["item",205021000,1]]}},
{"id":"item_compose","key":205030200,"value":{"unlockLevel":1,"cost":[["item",205030100,3],["coin",2000]],"bindRule":1,"rewards":[["item",205030200,1]]}},
{"id":"item_compose","key":205030300,"value":{"unlockLevel":1,"cost":[["item",205030200,3],["coin",2000]],"bindRule":1,"rewards":[["item",205030300,1]]}},
{"id":"item_compose","key":205030400,"value":{"unlockLevel":1,"cost":[["item",205030300,3],["coin",2000]],"bindRule":1,"rewards":[["item",205030400,1]]}},
{"id":"item_compose","key":205030500,"value":{"unlockLevel":1,"cost":[["item",205030400,3],["coin",4000]],"bindRule":1,"rewards":[["item",205030500,1]]}},
{"id":"item_compose","key":205030600,"value":{"unlockLevel":1,"cost":[["item",205030500,3],["coin",4000]],"bindRule":1,"rewards":[["item",205030600,1]]}},
{"id":"item_compose","key":205030700,"value":{"unlockLevel":1,"cost":[["item",205030600,3],["item",205990100,1],["coin",4000]],"bindRule":1,"rewards":[["item",205030700,1]]}},
{"id":"item_compose","key":205030800,"value":{"unlockLevel":1,"cost":[["item",205030700,3],["item",205990100,2],["coin",8000]],"bindRule":1,"rewards":[["item",205030800,1]]}},
{"id":"item_compose","key":205030900,"value":{"unlockLevel":1,"cost":[["item",205030800,3],["item",205990100,3],["coin",8000]],"bindRule":1,"rewards":[["item",205030900,1]]}},
{"id":"item_compose","key":205031000,"value":{"unlockLevel":1,"cost":[["item",205030900,3],["item",205990100,5],["coin",8000]],"bindRule":1,"rewards":[["item",205031000,1]]}},
{"id":"item_compose","key":205040200,"value":{"unlockLevel":1,"cost":[["item",205040100,3],["coin",2000]],"bindRule":1,"rewards":[["item",205040200,1]]}},
{"id":"item_compose","key":205040300,"value":{"unlockLevel":1,"cost":[["item",205040200,3],["coin",2000]],"bindRule":1,"rewards":[["item",205040300,1]]}},
{"id":"item_compose","key":205040400,"value":{"unlockLevel":1,"cost":[["item",205040300,3],["coin",2000]],"bindRule":1,"rewards":[["item",205040400,1]]}},
{"id":"item_compose","key":205040500,"value":{"unlockLevel":1,"cost":[["item",205040400,3],["coin",4000]],"bindRule":1,"rewards":[["item",205040500,1]]}},
{"id":"item_compose","key":205040600,"value":{"unlockLevel":1,"cost":[["item",205040500,3],["coin",4000]],"bindRule":1,"rewards":[["item",205040600,1]]}},
{"id":"item_compose","key":205040700,"value":{"unlockLevel":1,"cost":[["item",205040600,3],["item",205990100,1],["coin",4000]],"bindRule":1,"rewards":[["item",205040700,1]]}},
{"id":"item_compose","key":205040800,"value":{"unlockLevel":1,"cost":[["item",205040700,3],["item",205990100,2],["coin",8000]],"bindRule":1,"rewards":[["item",205040800,1]]}},
{"id":"item_compose","key":205040900,"value":{"unlockLevel":1,"cost":[["item",205040800,3],["item",205990100,3],["coin",8000]],"bindRule":1,"rewards":[["item",205040900,1]]}},
{"id":"item_compose","key":205041000,"value":{"unlockLevel":1,"cost":[["item",205040900,3],["item",205990100,5],["coin",8000]],"bindRule":1,"rewards":[["item",205041000,1]]}},
{"id":"item_compose","key":208010311,"value":{"unlockLevel":1,"cost":[["item",208010451,8],["coin",10000]],"bindRule":1,"rewards":[["item",208010311,1]]}},
{"id":"item_compose","key":208010312,"value":{"unlockLevel":1,"cost":[["item",208010451,8],["coin",10000]],"bindRule":1,"rewards":[["item",208010312,1]]}},
{"id":"item_compose","key":208010313,"value":{"unlockLevel":1,"cost":[["item",208010451,10],["coin",10000]],"bindRule":1,"rewards":[["item",208010313,1]]}},
{"id":"item_compose","key":208010314,"value":{"unlockLevel":1,"cost":[["item",208010451,8],["coin",10000]],"bindRule":1,"rewards":[["item",208010314,1]]}},
{"id":"item_compose","key":208010315,"value":{"unlockLevel":1,"cost":[["item",208010451,8],["coin",10000]],"bindRule":1,"rewards":[["item",208010315,1]]}},
{"id":"item_compose","key":208010316,"value":{"unlockLevel":1,"cost":[["item",208010451,12],["coin",10000]],"bindRule":1,"rewards":[["item",208010316,1]]}},
{"id":"item_compose","key":208010321,"value":{"unlockLevel":1,"cost":[["item",208010451,8],["coin",10000]],"bindRule":1,"rewards":[["item",208010321,1]]}},
{"id":"item_compose","key":208010322,"value":{"unlockLevel":1,"cost":[["item",208010451,8],["coin",10000]],"bindRule":1,"rewards":[["item",208010322,1]]}},
{"id":"item_compose","key":208010323,"value":{"unlockLevel":1,"cost":[["item",208010451,10],["coin",10000]],"bindRule":1,"rewards":[["item",208010323,1]]}},
{"id":"item_compose","key":208010324,"value":{"unlockLevel":1,"cost":[["item",208010451,8],["coin",10000]],"bindRule":1,"rewards":[["item",208010324,1]]}},
{"id":"item_compose","key":208010325,"value":{"unlockLevel":1,"cost":[["item",208010451,8],["coin",10000]],"bindRule":1,"rewards":[["item",208010325,1]]}},
{"id":"item_compose","key":208010326,"value":{"unlockLevel":1,"cost":[["item",208010451,12],["coin",10000]],"bindRule":1,"rewards":[["item",208010326,1]]}},
{"id":"item_compose","key":208010331,"value":{"unlockLevel":1,"cost":[["item",208010451,8],["coin",10000]],"bindRule":1,"rewards":[["item",208010331,1]]}},
{"id":"item_compose","key":208010332,"value":{"unlockLevel":1,"cost":[["item",208010451,8],["coin",10000]],"bindRule":1,"rewards":[["item",208010332,1]]}},
{"id":"item_compose","key":208010333,"value":{"unlockLevel":1,"cost":[["item",208010451,10],["coin",10000]],"bindRule":1,"rewards":[["item",208010333,1]]}},
{"id":"item_compose","key":208010334,"value":{"unlockLevel":1,"cost":[["item",208010451,8],["coin",10000]],"bindRule":1,"rewards":[["item",208010334,1]]}},
{"id":"item_compose","key":208010335,"value":{"unlockLevel":1,"cost":[["item",208010451,8],["coin",10000]],"bindRule":1,"rewards":[["item",208010335,1]]}},
{"id":"item_compose","key":208010336,"value":{"unlockLevel":1,"cost":[["item",208010451,12],["coin",10000]],"bindRule":1,"rewards":[["item",208010336,1]]}},
{"id":"item_compose","key":208021401,"value":{"unlockLevel":1,"cost":[["item",208021402,1],["item",208021403,1],["coin",8000]],"bindRule":1,"rewards":[["item",208021401,1]]}},
{"id":"item_compose","key":213010001,"value":{"unlockLevel":1,"cost":[["item",213010002,1],["item",213010003,1],["coin",8000]],"bindRule":1,"rewards":[["item",213010001,1]]}}
]}
