{"total_rows":11,"offset":0,"rows":[
{"id":"vip_config:-1","key":-1,"value":{"name":"体验贵族","exp":0,"extraGemSlot":4,"treeExp":10,"buyTimes":{"103":[5,10],"108":[0,50],"109":[0,50],"113":[0,50],"114":[0,50],"110":[0,50],"123":[0,0]},"bossHome":0,"steelWingTimes":0,"stallTaxRate":20,"stallBuy":false,"freeTransfer":1,"shops":0,"latterWelfare":0,"cloudBuyTimes":5,"iOSTradeLimit":50000,"offlineHostingExp":2000,"killMonsterExp":3000,"appellation":-1,"bp":0,"props":{},"talismanDevourExp":11500}},
{"id":"vip_config:0","key":0,"value":{"name":"贵族0","exp":0,"extraGemSlot":4,"treeExp":10,"buyTimes":{"103":[0,10],"108":[0,50],"109":[0,30],"113":[0,50],"114":[0,50],"110":[0,50],"123":[0,0]},"bossHome":0,"steelWingTimes":0,"stallTaxRate":20,"stallBuy":false,"freeTransfer":0,"shops":0,"latterWelfare":0,"cloudBuyTimes":0,"iOSTradeLimit":50000,"offlineHostingExp":0,"killMonsterExp":0,"appellation":-1,"bp":0,"props":{},"talismanDevourExp":10000}},
{"id":"vip_config:1","key":1,"value":{"name":"贵族1","exp":5,"extraGemSlot":4,"treeExp":12,"buyTimes":{"103":[5,10],"108":[1,50],"109":[1,30],"113":[1,50],"114":[1,50],"110":[1,50],"123":[1,0]},"bossHome":0,"steelWingTimes":1,"stallTaxRate":10,"stallBuy":false,"freeTransfer":1,"shops":1,"latterWelfare":1,"cloudBuyTimes":6,"iOSTradeLimit":55000,"offlineHostingExp":3000,"killMonsterExp":3000,"appellation":50001,"bp":5,"props":{"physicalAttack":100,"magicAttack":100,"armor":100,"resistance":100,"health":100},"talismanDevourExp":10500}},
{"id":"vip_config:2","key":2,"value":{"name":"贵族2","exp":30,"extraGemSlot":4,"treeExp":14,"buyTimes":{"103":[5,10],"108":[1,50],"109":[1,30],"113":[1,50],"114":[1,50],"110":[1,50],"123":[2,0]},"bossHome":0,"steelWingTimes":2,"stallTaxRate":10,"stallBuy":false,"freeTransfer":1,"shops":1,"latterWelfare":1,"cloudBuyTimes":7,"iOSTradeLimit":60000,"offlineHostingExp":3000,"killMonsterExp":3000,"appellation":50002,"bp":6,"props":{"physicalAttack":200,"magicAttack":200,"armor":200,"resistance":200,"health":200},"talismanDevourExp":10500}},
{"id":"vip_config:3","key":3,"value":{"name":"贵族3","exp":100,"extraGemSlot":4,"treeExp":14,"buyTimes":{"103":[5,10],"108":[1,50],"109":[1,30],"113":[2,50],"114":[1,50],"110":[1,50],"123":[2,0]},"bossHome":0,"steelWingTimes":2,"stallTaxRate":10,"stallBuy":false,"freeTransfer":1,"shops":1,"latterWelfare":1,"cloudBuyTimes":8,"iOSTradeLimit":65000,"offlineHostingExp":3000,"killMonsterExp":3000,"appellation":50002,"bp":8,"props":{"physicalAttack":300,"magicAttack":300,"armor":300,"resistance":300,"health":300},"talismanDevourExp":11000}},
{"id":"vip_config:4","key":4,"value":{"name":"贵族4","exp":250,"extraGemSlot":4,"treeExp":16,"buyTimes":{"103":[10,10],"108":[1,50],"109":[2,30],"113":[2,50],"114":[2,50],"110":[2,50],"123":[3,0]},"bossHome":1,"steelWingTimes":3,"stallTaxRate":10,"stallBuy":true,"freeTransfer":1,"shops":1,"latterWelfare":1,"cloudBuyTimes":10,"iOSTradeLimit":70000,"offlineHostingExp":3000,"killMonsterExp":3000,"appellation":50003,"bp":10,"props":{"physicalAttack":400,"magicAttack":400,"armor":400,"resistance":400,"health":400},"talismanDevourExp":11000}},
{"id":"vip_config:5","key":5,"value":{"name":"贵族5","exp":500,"extraGemSlot":5,"treeExp":18,"buyTimes":{"103":[10,10],"108":[2,50],"109":[2,30],"113":[2,50],"114":[2,50],"110":[2,50],"123":[3,0]},"bossHome":2,"steelWingTimes":3,"stallTaxRate":10,"stallBuy":true,"freeTransfer":1,"shops":1,"latterWelfare":1,"cloudBuyTimes":12,"iOSTradeLimit":75000,"offlineHostingExp":3000,"killMonsterExp":3000,"appellation":50003,"bp":15,"props":{"physicalAttack":500,"magicAttack":500,"armor":500,"resistance":500,"health":500},"talismanDevourExp":11500}},
{"id":"vip_config:6","key":6,"value":{"name":"贵族6","exp":1100,"extraGemSlot":5,"treeExp":20,"buyTimes":{"103":[10,10],"108":[2,50],"109":[2,30],"113":[2,50],"114":[2,50],"110":[2,50],"123":[4,0]},"bossHome":3,"steelWingTimes":4,"stallTaxRate":10,"stallBuy":true,"freeTransfer":1,"shops":1,"latterWelfare":1,"cloudBuyTimes":14,"iOSTradeLimit":80000,"offlineHostingExp":3000,"killMonsterExp":3000,"appellation":50004,"bp":20,"props":{"physicalAttack":600,"magicAttack":600,"armor":600,"resistance":600,"health":600},"talismanDevourExp":11500}},
{"id":"vip_config:7","key":7,"value":{"name":"贵族7","exp":2300,"extraGemSlot":5,"treeExp":24,"buyTimes":{"103":[15,10],"108":[2,50],"109":[3,30],"113":[3,50],"114":[3,50],"110":[3,50],"123":[4,0]},"bossHome":4,"steelWingTimes":4,"stallTaxRate":10,"stallBuy":true,"freeTransfer":1,"shops":1,"latterWelfare":1,"cloudBuyTimes":16,"iOSTradeLimit":85000,"offlineHostingExp":3000,"killMonsterExp":3000,"appellation":50004,"bp":25,"props":{"physicalAttack":700,"magicAttack":700,"armor":700,"resistance":700,"health":700},"talismanDevourExp":12000}},
{"id":"vip_config:8","key":8,"value":{"name":"贵族8","exp":4800,"extraGemSlot":5,"treeExp":28,"buyTimes":{"103":[15,10],"108":[3,50],"109":[3,30],"113":[3,50],"114":[3,50],"110":[3,50],"123":[5,0]},"bossHome":5,"steelWingTimes":5,"stallTaxRate":10,"stallBuy":true,"freeTransfer":1,"shops":1,"latterWelfare":1,"cloudBuyTimes":18,"iOSTradeLimit":90000,"offlineHostingExp":3000,"killMonsterExp":3000,"appellation":50005,"bp":30,"props":{"physicalAttack":800,"magicAttack":800,"armor":800,"resistance":800,"health":800},"talismanDevourExp":12000}},
{"id":"vip_config:9","key":9,"value":{"name":"贵族9","exp":9800,"extraGemSlot":5,"treeExp":34,"buyTimes":{"103":[15,10],"108":[3,50],"109":[3,30],"113":[3,50],"114":[3,50],"110":[3,50],"123":[5,0]},"bossHome":6,"steelWingTimes":5,"stallTaxRate":10,"stallBuy":true,"freeTransfer":1,"shops":1,"latterWelfare":1,"cloudBuyTimes":20,"iOSTradeLimit":100000,"offlineHostingExp":3000,"killMonsterExp":3000,"appellation":50006,"bp":40,"props":{"physicalAttack":900,"magicAttack":900,"armor":900,"resistance":900,"health":900},"talismanDevourExp":12500}}
]}
