{"total_rows":300,"offset":0,"rows":[
{"id":"character_props","key":1,"value":1600},
{"id":"character_props","key":2,"value":3700},
{"id":"character_props","key":3,"value":6300},
{"id":"character_props","key":4,"value":9100},
{"id":"character_props","key":5,"value":12300},
{"id":"character_props","key":6,"value":15700},
{"id":"character_props","key":7,"value":19400},
{"id":"character_props","key":8,"value":23400},
{"id":"character_props","key":9,"value":27500},
{"id":"character_props","key":10,"value":31900},
{"id":"character_props","key":11,"value":36500},
{"id":"character_props","key":12,"value":41300},
{"id":"character_props","key":13,"value":46300},
{"id":"character_props","key":14,"value":51400},
{"id":"character_props","key":15,"value":56800},
{"id":"character_props","key":16,"value":62300},
{"id":"character_props","key":17,"value":68000},
{"id":"character_props","key":18,"value":73800},
{"id":"character_props","key":19,"value":79800},
{"id":"character_props","key":20,"value":86000},
{"id":"character_props","key":21,"value":92300},
{"id":"character_props","key":22,"value":98800},
{"id":"character_props","key":23,"value":105400},
{"id":"character_props","key":24,"value":112100},
{"id":"character_props","key":25,"value":119000},
{"id":"character_props","key":26,"value":126100},
{"id":"character_props","key":27,"value":133200},
{"id":"character_props","key":28,"value":140500},
{"id":"character_props","key":29,"value":148000},
{"id":"character_props","key":30,"value":155600},
{"id":"character_props","key":31,"value":163200},
{"id":"character_props","key":32,"value":171100},
{"id":"character_props","key":33,"value":179000},
{"id":"character_props","key":34,"value":187100},
{"id":"character_props","key":35,"value":195300},
{"id":"character_props","key":36,"value":203600},
{"id":"character_props","key":37,"value":212000},
{"id":"character_props","key":38,"value":220600},
{"id":"character_props","key":39,"value":229200},
{"id":"character_props","key":40,"value":238000},
{"id":"character_props","key":41,"value":246900},
{"id":"character_props","key":42,"value":255900},
{"id":"character_props","key":43,"value":265000},
{"id":"character_props","key":44,"value":274200},
{"id":"character_props","key":45,"value":283500},
{"id":"character_props","key":46,"value":293000},
{"id":"character_props","key":47,"value":302500},
{"id":"character_props","key":48,"value":312100},
{"id":"character_props","key":49,"value":321900},
{"id":"character_props","key":50,"value":459831},
{"id":"character_props","key":51,"value":474282},
{"id":"character_props","key":52,"value":520503},
{"id":"character_props","key":53,"value":534823},
{"id":"character_props","key":54,"value":552639},
{"id":"character_props","key":55,"value":593716},
{"id":"character_props","key":56,"value":610004},
{"id":"character_props","key":57,"value":627311},
{"id":"character_props","key":58,"value":782678},
{"id":"character_props","key":59,"value":789423},
{"id":"character_props","key":60,"value":846631},
{"id":"character_props","key":61,"value":1082909},
{"id":"character_props","key":62,"value":1134236},
{"id":"character_props","key":63,"value":1271549},
{"id":"character_props","key":64,"value":1371831},
{"id":"character_props","key":65,"value":1673323},
{"id":"character_props","key":66,"value":1689948},
{"id":"character_props","key":67,"value":1752373},
{"id":"character_props","key":68,"value":1761051},
{"id":"character_props","key":69,"value":1830288},
{"id":"character_props","key":70,"value":2072587},
{"id":"character_props","key":71,"value":2159150},
{"id":"character_props","key":72,"value":2249439},
{"id":"character_props","key":73,"value":2338557},
{"id":"character_props","key":74,"value":2433467},
{"id":"character_props","key":75,"value":2532368},
{"id":"character_props","key":76,"value":2634358},
{"id":"character_props","key":77,"value":2740532},
{"id":"character_props","key":78,"value":2853480},
{"id":"character_props","key":79,"value":4936758},
{"id":"character_props","key":80,"value":5124065},
{"id":"character_props","key":81,"value":6130399},
{"id":"character_props","key":82,"value":6390200},
{"id":"character_props","key":83,"value":6648929},
{"id":"character_props","key":84,"value":6927210},
{"id":"character_props","key":85,"value":7214777},
{"id":"character_props","key":86,"value":9208468},
{"id":"character_props","key":87,"value":9600093},
{"id":"character_props","key":88,"value":9771423},
{"id":"character_props","key":89,"value":10513011},
{"id":"character_props","key":90,"value":11031531},
{"id":"character_props","key":91,"value":6611028},
{"id":"character_props","key":92,"value":6648929},
{"id":"character_props","key":93,"value":6691904},
{"id":"character_props","key":94,"value":6791264},
{"id":"character_props","key":95,"value":6851398},
{"id":"character_props","key":96,"value":6927210},
{"id":"character_props","key":97,"value":6955465},
{"id":"character_props","key":98,"value":7214777},
{"id":"character_props","key":99,"value":7334546},
{"id":"character_props","key":100,"value":7487492},
{"id":"character_props","key":101,"value":7914214},
{"id":"character_props","key":102,"value":8061691},
{"id":"character_props","key":103,"value":8541854},
{"id":"character_props","key":104,"value":8684483},
{"id":"character_props","key":105,"value":9208468},
{"id":"character_props","key":106,"value":9212498},
{"id":"character_props","key":107,"value":9337505},
{"id":"character_props","key":108,"value":9600093},
{"id":"character_props","key":109,"value":9771423},
{"id":"character_props","key":110,"value":9926775},
{"id":"character_props","key":111,"value":10053878},
{"id":"character_props","key":112,"value":10513011},
{"id":"character_props","key":113,"value":10700193},
{"id":"character_props","key":114,"value":10806751},
{"id":"character_props","key":115,"value":11031531},
{"id":"character_props","key":116,"value":11525032},
{"id":"character_props","key":117,"value":11620489},
{"id":"character_props","key":118,"value":12417282},
{"id":"character_props","key":119,"value":12499738},
{"id":"character_props","key":120,"value":13272706},
{"id":"character_props","key":121,"value":13562332},
{"id":"character_props","key":122,"value":14272819},
{"id":"character_props","key":123,"value":14472028},
{"id":"character_props","key":124,"value":15523714},
{"id":"character_props","key":125,"value":20220465},
{"id":"character_props","key":126,"value":21711350},
{"id":"character_props","key":127,"value":21746571},
{"id":"character_props","key":128,"value":23326963},
{"id":"character_props","key":129,"value":23392562},
{"id":"character_props","key":130,"value":25027796},
{"id":"character_props","key":131,"value":25147978},
{"id":"character_props","key":132,"value":26881421},
{"id":"character_props","key":133,"value":27018518},
{"id":"character_props","key":134,"value":28833665},
{"id":"character_props","key":135,"value":29033813},
{"id":"character_props","key":136,"value":30934934},
{"id":"character_props","key":137,"value":30957170},
{"id":"character_props","key":138,"value":31170867},
{"id":"character_props","key":139,"value":31181025},
{"id":"character_props","key":140,"value":33175074},
{"id":"character_props","key":141,"value":33460971},
{"id":"character_props","key":142,"value":35584648},
{"id":"character_props","key":143,"value":35899942},
{"id":"character_props","key":144,"value":38124039},
{"id":"character_props","key":145,"value":38524433},
{"id":"character_props","key":146,"value":40855369},
{"id":"character_props","key":147,"value":41319132},
{"id":"character_props","key":148,"value":43790527},
{"id":"character_props","key":149,"value":44323604},
{"id":"character_props","key":150,"value":46473979},
{"id":"character_props","key":151,"value":60568494},
{"id":"character_props","key":152,"value":63115905},
{"id":"character_props","key":153,"value":64441617},
{"id":"character_props","key":154,"value":67058171},
{"id":"character_props","key":155,"value":68465399},
{"id":"character_props","key":156,"value":69894584},
{"id":"character_props","key":157,"value":71345009},
{"id":"character_props","key":158,"value":72858823},
{"id":"character_props","key":159,"value":75192548},
{"id":"character_props","key":160,"value":76698269},
{"id":"character_props","key":161,"value":78270060},
{"id":"character_props","key":162,"value":78519255},
{"id":"character_props","key":163,"value":80094484},
{"id":"character_props","key":164,"value":83158001},
{"id":"character_props","key":165,"value":84824879},
{"id":"character_props","key":166,"value":86517441},
{"id":"character_props","key":167,"value":86814016},
{"id":"character_props","key":168,"value":88603861},
{"id":"character_props","key":169,"value":91870943},
{"id":"character_props","key":170,"value":93666068},
{"id":"character_props","key":171,"value":95535883},
{"id":"character_props","key":172,"value":95936390},
{"id":"character_props","key":173,"value":97813706},
{"id":"character_props","key":174,"value":99767222},
{"id":"character_props","key":175,"value":101750554},
{"id":"character_props","key":176,"value":103763086},
{"id":"character_props","key":177,"value":105806204},
{"id":"character_props","key":178,"value":107930029},
{"id":"character_props","key":179,"value":112244018},
{"id":"character_props","key":180,"value":116143677},
{"id":"character_props","key":181,"value":122102757},
{"id":"character_props","key":182,"value":124144606},
{"id":"character_props","key":183,"value":128185401},
{"id":"character_props","key":184,"value":134438912},
{"id":"character_props","key":185,"value":138791928},
{"id":"character_props","key":186,"value":143278264},
{"id":"character_props","key":187,"value":148831642},
{"id":"character_props","key":188,"value":153763120},
{"id":"character_props","key":189,"value":158778856},
{"id":"character_props","key":190,"value":163947511},
{"id":"character_props","key":191,"value":167949844},
{"id":"character_props","key":192,"value":173465917},
{"id":"character_props","key":193,"value":179077307},
{"id":"character_props","key":194,"value":184933217},
{"id":"character_props","key":195,"value":190969967},
{"id":"character_props","key":196,"value":197189805},
{"id":"character_props","key":197,"value":203601124},
{"id":"character_props","key":198,"value":210289227},
{"id":"character_props","key":199,"value":217098296},
{"id":"character_props","key":200,"value":226470015},
{"id":"character_props","key":201,"value":233788270},
{"id":"character_props","key":202,"value":243727675},
{"id":"character_props","key":203,"value":249048593},
{"id":"character_props","key":204,"value":259494847},
{"id":"character_props","key":205,"value":265344357},
{"id":"character_props","key":206,"value":276328224},
{"id":"character_props","key":207,"value":282644751},
{"id":"character_props","key":208,"value":294301351},
{"id":"character_props","key":209,"value":301479460},
{"id":"character_props","key":210,"value":308351249},
{"id":"character_props","key":211,"value":316126288},
{"id":"character_props","key":212,"value":319985306},
{"id":"character_props","key":213,"value":328991744},
{"id":"character_props","key":214,"value":344530670},
{"id":"character_props","key":215,"value":357487951},
{"id":"character_props","key":216,"value":370918849},
{"id":"character_props","key":217,"value":381800192},
{"id":"character_props","key":218,"value":396362734},
{"id":"character_props","key":219,"value":411322759},
{"id":"character_props","key":220,"value":426826395},
{"id":"character_props","key":221,"value":446264563},
{"id":"character_props","key":222,"value":463071257},
{"id":"character_props","key":223,"value":480338068},
{"id":"character_props","key":224,"value":495165029},
{"id":"character_props","key":225,"value":513874674},
{"id":"character_props","key":226,"value":536621295},
{"id":"character_props","key":227,"value":556717985},
{"id":"character_props","key":228,"value":577722539},
{"id":"character_props","key":229,"value":595954327},
{"id":"character_props","key":230,"value":621789733},
{"id":"character_props","key":231,"value":645165716},
{"id":"character_props","key":232,"value":669392128},
{"id":"character_props","key":233,"value":690828819},
{"id":"character_props","key":234,"value":716841118},
{"id":"character_props","key":235,"value":747399993},
{"id":"character_props","key":236,"value":778963716},
{"id":"character_props","key":237,"value":807910716},
{"id":"character_props","key":238,"value":838226651},
{"id":"character_props","key":239,"value":866145435},
{"id":"character_props","key":240,"value":885883518},
{"id":"character_props","key":241,"value":1049808664},
{"id":"character_props","key":242,"value":1072536955},
{"id":"character_props","key":243,"value":1086742802},
{"id":"character_props","key":244,"value":1110063234},
{"id":"character_props","key":245,"value":1129413406},
{"id":"character_props","key":246,"value":1153345850},
{"id":"character_props","key":247,"value":1168813134},
{"id":"character_props","key":248,"value":1189315484},
{"id":"character_props","key":249,"value":1205287492},
{"id":"character_props","key":250,"value":1230488347},
{"id":"character_props","key":251,"value":1247302970},
{"id":"character_props","key":252,"value":1273492490},
{"id":"character_props","key":253,"value":1290518135},
{"id":"character_props","key":254,"value":1312719992},
{"id":"character_props","key":255,"value":1330635680},
{"id":"character_props","key":256,"value":1353471278},
{"id":"character_props","key":257,"value":1376631926},
{"id":"character_props","key":258,"value":1400468443},
{"id":"character_props","key":259,"value":1424829288},
{"id":"character_props","key":260,"value":1449528935},
{"id":"character_props","key":261,"value":1480386923},
{"id":"character_props","key":262,"value":1511100634},
{"id":"character_props","key":263,"value":1536312219},
{"id":"character_props","key":264,"value":1562363454},
{"id":"character_props","key":265,"value":1588782226},
{"id":"character_props","key":266,"value":1621100261},
{"id":"character_props","key":267,"value":1642581343},
{"id":"character_props","key":268,"value":1670513428},
{"id":"character_props","key":269,"value":1693631559},
{"id":"character_props","key":270,"value":1698449061},
{"id":"character_props","key":271,"value":1704433157},
{"id":"character_props","key":272,"value":1720692009},
{"id":"character_props","key":273,"value":1720816050},
{"id":"character_props","key":274,"value":1737666344},
{"id":"character_props","key":275,"value":1754483088},
{"id":"character_props","key":276,"value":1771504643},
{"id":"character_props","key":277,"value":1788613363},
{"id":"character_props","key":278,"value":1812198850},
{"id":"character_props","key":279,"value":1830714153},
{"id":"character_props","key":280,"value":1842498710},
{"id":"character_props","key":281,"value":1861597637},
{"id":"character_props","key":282,"value":1879561907},
{"id":"character_props","key":283,"value":1904044783},
{"id":"character_props","key":284,"value":1915182681},
{"id":"character_props","key":285,"value":1940469054},
{"id":"character_props","key":286,"value":1965892282},
{"id":"character_props","key":287,"value":1998460753},
{"id":"character_props","key":288,"value":2017512923},
{"id":"character_props","key":289,"value":2036256233},
{"id":"character_props","key":290,"value":2055092941},
{"id":"character_props","key":291,"value":2074431143},
{"id":"character_props","key":292,"value":2101237952},
{"id":"character_props","key":293,"value":2120360650},
{"id":"character_props","key":294,"value":2139985675},
{"id":"character_props","key":295,"value":2152338519},
{"id":"character_props","key":296,"value":2172162595},
{"id":"character_props","key":297,"value":2192087310},
{"id":"character_props","key":298,"value":2212524350},
{"id":"character_props","key":299,"value":2217241824},
{"id":"character_props","key":300,"value":2221961177}
]}
