{"total_rows":53,"offset":0,"rows":[
{"id":"treasure_hunt_pool:1","key":1,"value":{"pool":101,"item":["item",201110504,1,false],"hint":0,"weight":500}},
{"id":"treasure_hunt_pool:2","key":2,"value":{"pool":101,"item":["item",201120504,1,false],"hint":0,"weight":500}},
{"id":"treasure_hunt_pool:3","key":3,"value":{"pool":101,"item":["item",201130504,1,false],"hint":0,"weight":500}},
{"id":"treasure_hunt_pool:4","key":4,"value":{"pool":101,"item":["item",201140504,1,false],"hint":0,"weight":500}},
{"id":"treasure_hunt_pool:5","key":5,"value":{"pool":101,"item":["item",201150504,1,false],"hint":0,"weight":500}},
{"id":"treasure_hunt_pool:6","key":6,"value":{"pool":101,"item":["item",201160504,1,false],"hint":0,"weight":500}},
{"id":"treasure_hunt_pool:7","key":7,"value":{"pool":101,"item":["item",201210504,1,false],"hint":0,"weight":500}},
{"id":"treasure_hunt_pool:8","key":8,"value":{"pool":101,"item":["item",201220504,1,false],"hint":0,"weight":500}},
{"id":"treasure_hunt_pool:9","key":9,"value":{"pool":101,"item":["item",201230504,1,false],"hint":0,"weight":500}},
{"id":"treasure_hunt_pool:10","key":10,"value":{"pool":101,"item":["item",201240504,1,false],"hint":0,"weight":500}},
{"id":"treasure_hunt_pool:11","key":11,"value":{"pool":101,"item":["item",201250504,1,false],"hint":0,"weight":500}},
{"id":"treasure_hunt_pool:12","key":12,"value":{"pool":101,"item":["item",201260504,1,false],"hint":0,"weight":500}},
{"id":"treasure_hunt_pool:13","key":13,"value":{"pool":101,"item":["item",201310504,1,false],"hint":0,"weight":500}},
{"id":"treasure_hunt_pool:14","key":14,"value":{"pool":101,"item":["item",201320504,1,false],"hint":0,"weight":500}},
{"id":"treasure_hunt_pool:15","key":15,"value":{"pool":101,"item":["item",201330504,1,false],"hint":0,"weight":500}},
{"id":"treasure_hunt_pool:16","key":16,"value":{"pool":101,"item":["item",201340504,1,false],"hint":0,"weight":500}},
{"id":"treasure_hunt_pool:17","key":17,"value":{"pool":101,"item":["item",201350504,1,false],"hint":0,"weight":500}},
{"id":"treasure_hunt_pool:18","key":18,"value":{"pool":101,"item":["item",201360504,1,false],"hint":0,"weight":500}},
{"id":"treasure_hunt_pool:19","key":19,"value":{"pool":101,"item":["item",201010504,1,false],"hint":2,"weight":700}},
{"id":"treasure_hunt_pool:20","key":20,"value":{"pool":101,"item":["item",201020504,1,false],"hint":2,"weight":700}},
{"id":"treasure_hunt_pool:21","key":21,"value":{"pool":101,"item":["item",208021608,1,false],"hint":0,"weight":3500}},
{"id":"treasure_hunt_pool:22","key":22,"value":{"pool":101,"item":["item",208021101,1,false],"hint":0,"weight":700}},
{"id":"treasure_hunt_pool:23","key":23,"value":{"pool":101,"item":["item",208021102,1,false],"hint":2,"weight":500}},
{"id":"treasure_hunt_pool:24","key":24,"value":{"pool":101,"item":["item",208010101,1,false],"hint":0,"weight":8000}},
{"id":"treasure_hunt_pool:25","key":25,"value":{"pool":101,"item":["item",208020421,1,false],"hint":0,"weight":3060}},
{"id":"treasure_hunt_pool:26","key":26,"value":{"pool":101,"item":["item",208010521,1,false],"hint":0,"weight":3060}},
{"id":"treasure_hunt_pool:27","key":27,"value":{"pool":101,"item":["item",208010511,1,false],"hint":0,"weight":12000}},
{"id":"treasure_hunt_pool:28","key":28,"value":{"pool":101,"item":["item",208010513,1,false],"hint":2,"weight":3000}},
{"id":"treasure_hunt_pool:29","key":29,"value":{"pool":101,"item":["item",208020601,1,false],"hint":0,"weight":5000}},
{"id":"treasure_hunt_pool:30","key":30,"value":{"pool":101,"item":["item",208010201,1,false],"hint":0,"weight":5000}},
{"id":"treasure_hunt_pool:31","key":31,"value":{"pool":102,"item":["item",201030504,1,false],"hint":3,"weight":500}},
{"id":"treasure_hunt_pool:32","key":32,"value":{"pool":102,"item":["item",201040504,1,false],"hint":3,"weight":500}},
{"id":"treasure_hunt_pool:33","key":33,"value":{"pool":102,"item":["item",208010531,1,false],"hint":3,"weight":400}},
{"id":"treasure_hunt_pool:34","key":34,"value":{"pool":201,"item":["item",208030104,1,false],"hint":2,"weight":300}},
{"id":"treasure_hunt_pool:35","key":35,"value":{"pool":201,"item":["item",208030103,1,false],"hint":2,"weight":800}},
{"id":"treasure_hunt_pool:36","key":36,"value":{"pool":201,"item":["item",208030102,1,false],"hint":0,"weight":1200}},
{"id":"treasure_hunt_pool:37","key":37,"value":{"pool":201,"item":["item",208030101,1,false],"hint":0,"weight":1500}},
{"id":"treasure_hunt_pool:38","key":38,"value":{"pool":201,"item":["item",206020108,1,false],"hint":2,"weight":300}},
{"id":"treasure_hunt_pool:39","key":39,"value":{"pool":201,"item":["item",208030304,1,false],"hint":0,"weight":3000}},
{"id":"treasure_hunt_pool:40","key":40,"value":{"pool":201,"item":["item",206020107,1,false],"hint":2,"weight":700}},
{"id":"treasure_hunt_pool:41","key":41,"value":{"pool":201,"item":["item",206020106,1,false],"hint":2,"weight":1500}},
{"id":"treasure_hunt_pool:42","key":42,"value":{"pool":201,"item":["item",206020105,1,false],"hint":0,"weight":3500}},
{"id":"treasure_hunt_pool:43","key":43,"value":{"pool":201,"item":["item",206020104,1,false],"hint":0,"weight":9000}},
{"id":"treasure_hunt_pool:44","key":44,"value":{"pool":201,"item":["item",206020103,1,false],"hint":0,"weight":12000}},
{"id":"treasure_hunt_pool:45","key":45,"value":{"pool":201,"item":["item",206020102,1,false],"hint":0,"weight":14000}},
{"id":"treasure_hunt_pool:46","key":46,"value":{"pool":201,"item":["item",208030201,1,false],"hint":0,"weight":4000}},
{"id":"treasure_hunt_pool:47","key":47,"value":{"pool":201,"item":["item",206010301,1,true],"hint":0,"weight":3000}},
{"id":"treasure_hunt_pool:48","key":48,"value":{"pool":201,"item":["item",206010302,1,true],"hint":0,"weight":3000}},
{"id":"treasure_hunt_pool:49","key":49,"value":{"pool":201,"item":["item",206010303,1,true],"hint":0,"weight":3000}},
{"id":"treasure_hunt_pool:50","key":50,"value":{"pool":201,"item":["item",206010304,1,true],"hint":0,"weight":3000}},
{"id":"treasure_hunt_pool:51","key":51,"value":{"pool":201,"item":["item",206010306,1,true],"hint":2,"weight":300}},
{"id":"treasure_hunt_pool:52","key":52,"value":{"pool":201,"item":["item",208030601,1,false],"hint":0,"weight":1000}},
{"id":"treasure_hunt_pool:53","key":53,"value":{"pool":202,"item":["item",206010507,1,false],"hint":3,"weight":130}}
]}
