{"total_rows":32,"offset":0,"rows":[
{"id":"login_fund:-1","key":-1,"value":{"durationDays":-1,"currency":3,"bep":300}},
{"id":"login_fund:0","key":0,"value":{"durationDays":0,"currency":2,"bep":300}},
{"id":"login_fund:1","key":1,"value":{"durationDays":1,"currency":2,"bep":70}},
{"id":"login_fund:2","key":2,"value":{"durationDays":2,"currency":2,"bep":70}},
{"id":"login_fund:3","key":3,"value":{"durationDays":3,"currency":2,"bep":70}},
{"id":"login_fund:4","key":4,"value":{"durationDays":4,"currency":2,"bep":70}},
{"id":"login_fund:5","key":5,"value":{"durationDays":5,"currency":2,"bep":70}},
{"id":"login_fund:6","key":6,"value":{"durationDays":6,"currency":2,"bep":70}},
{"id":"login_fund:7","key":7,"value":{"durationDays":7,"currency":2,"bep":70}},
{"id":"login_fund:8","key":8,"value":{"durationDays":8,"currency":2,"bep":70}},
{"id":"login_fund:9","key":9,"value":{"durationDays":9,"currency":2,"bep":70}},
{"id":"login_fund:10","key":10,"value":{"durationDays":10,"currency":2,"bep":70}},
{"id":"login_fund:11","key":11,"value":{"durationDays":11,"currency":2,"bep":70}},
{"id":"login_fund:12","key":12,"value":{"durationDays":12,"currency":2,"bep":70}},
{"id":"login_fund:13","key":13,"value":{"durationDays":13,"currency":2,"bep":70}},
{"id":"login_fund:14","key":14,"value":{"durationDays":14,"currency":2,"bep":70}},
{"id":"login_fund:15","key":15,"value":{"durationDays":15,"currency":2,"bep":70}},
{"id":"login_fund:16","key":16,"value":{"durationDays":16,"currency":2,"bep":70}},
{"id":"login_fund:17","key":17,"value":{"durationDays":17,"currency":2,"bep":70}},
{"id":"login_fund:18","key":18,"value":{"durationDays":18,"currency":2,"bep":70}},
{"id":"login_fund:19","key":19,"value":{"durationDays":19,"currency":2,"bep":70}},
{"id":"login_fund:20","key":20,"value":{"durationDays":20,"currency":2,"bep":70}},
{"id":"login_fund:21","key":21,"value":{"durationDays":21,"currency":2,"bep":70}},
{"id":"login_fund:22","key":22,"value":{"durationDays":22,"currency":2,"bep":70}},
{"id":"login_fund:23","key":23,"value":{"durationDays":23,"currency":2,"bep":70}},
{"id":"login_fund:24","key":24,"value":{"durationDays":24,"currency":2,"bep":70}},
{"id":"login_fund:25","key":25,"value":{"durationDays":25,"currency":2,"bep":70}},
{"id":"login_fund:26","key":26,"value":{"durationDays":26,"currency":2,"bep":70}},
{"id":"login_fund:27","key":27,"value":{"durationDays":27,"currency":2,"bep":70}},
{"id":"login_fund:28","key":28,"value":{"durationDays":28,"currency":2,"bep":70}},
{"id":"login_fund:29","key":29,"value":{"durationDays":29,"currency":2,"bep":70}},
{"id":"login_fund:30","key":30,"value":{"durationDays":30,"currency":2,"bep":70}}
]}
