{"total_rows":10,"offset":0,"rows":[
{"id":"daily_gift:8010701","key":8010701,"value":{"id":8010701,"ratio":1979.805979,"items":["item","208010201","1",true],"show":false}},
{"id":"daily_gift:8010702","key":8010702,"value":{"id":8010702,"ratio":1979.805979,"items":["item","208010521","1",true],"show":false}},
{"id":"daily_gift:8010703","key":8010703,"value":{"id":8010703,"ratio":1979.805979,"items":["item","208030201","1",true],"show":false}},
{"id":"daily_gift:8010704","key":8010704,"value":{"id":8010704,"ratio":989.9029895,"items":["item","208021606","1",true],"show":false}},
{"id":"daily_gift:8010705","key":8010705,"value":{"id":8010705,"ratio":98.99029895,"items":["item","208021608","1",true],"show":false}},
{"id":"daily_gift:8010706","key":8010706,"value":{"id":8010706,"ratio":593.9417937,"items":["item","208030304","1",true],"show":false}},
{"id":"daily_gift:8010707","key":8010707,"value":{"id":8010707,"ratio":989.9029895,"items":["item","206020104","1",true],"show":false}},
{"id":"daily_gift:8010708","key":8010708,"value":{"id":8010708,"ratio":989.9029895,"items":["item","206020105","1",true],"show":false}},
{"id":"daily_gift:8010709","key":8010709,"value":{"id":8010709,"ratio":395.9611958,"items":["item","208010522","1",true],"show":false}},
{"id":"daily_gift:8010710","key":8010710,"value":{"id":8010710,"ratio":1.979805979,"items":["item","208030602","1",true],"show":true}}
]}
