{"total_rows":31,"offset":0,"rows":[
{"id":"open_ladder_target:8011201","key":8011201,"value":{"label":"冲级之王","targetType":1,"targetValue":100,"rank":[1,1],"rewards":[["item",208010511,50,true],["item",208010521,50,true],["appellation",20041]],"equips":[[[201140605,201240605,201340605],[[5223,100],[5223,100],[5223,100]],1,false]]}},
{"id":"open_ladder_target:8011202","key":8011202,"value":{"label":"冲级之王","targetType":1,"targetValue":100,"rank":[2,5],"rewards":[["item",208010511,40,true],["item",208010521,40,true]],"equips":[[[201140605,201240605,201340605],[[9011,100],[9011,100],[9011,100]],1,false]]}},
{"id":"open_ladder_target:8011203","key":8011203,"value":{"label":"冲级之王","targetType":1,"targetValue":100,"rank":[6,20],"rewards":[["item",208010511,30,true],["item",208010521,30,true]],"equips":[[[201140605,201240605,201340605],[[9011,100],[9011,100],[9011,100]],1,false]]}},
{"id":"open_ladder_target:8011204","key":8011204,"value":{"label":"冲级之王","targetType":1,"targetValue":100,"rank":[],"rewards":[["item",208010511,20,true],["item",208010521,20,true]],"equips":[]}},
{"id":"open_ladder_target:8011205","key":8011205,"value":{"label":"冲级之王","targetType":1,"targetValue":80,"rank":[],"rewards":[["item",208010511,10,true],["item",208010521,10,true]],"equips":[]}},
{"id":"open_ladder_target:8011211","key":8011211,"value":{"label":"圣徽进阶","targetType":2,"targetValue":1031,"rank":[1,1],"rewards":[["item",208040505,5,true],["item",205010400,1,true],["item",205020400,1,true],["appellation",20042]],"equips":[[[201150605,201250605,201350605],[[5223,100],[5223,100],[5223,100]],1,false]]}},
{"id":"open_ladder_target:8011212","key":8011212,"value":{"label":"圣徽进阶","targetType":2,"targetValue":1031,"rank":[2,5],"rewards":[["item",208040505,3,true],["item",205010300,2,true],["item",205020300,2,true]],"equips":[[[201150605,201250605,201350605],[[9011,100],[9011,100],[9011,100]],1,false]]}},
{"id":"open_ladder_target:8011213","key":8011213,"value":{"label":"圣徽进阶","targetType":2,"targetValue":1031,"rank":[6,20],"rewards":[["item",208040505,2,true],["item",205010300,1,true],["item",205020300,1,true]],"equips":[[[201150605,201250605,201350605],[[9011,100],[9011,100],[9011,100]],1,false]]}},
{"id":"open_ladder_target:8011214","key":8011214,"value":{"label":"圣徽进阶","targetType":2,"targetValue":1031,"rank":[],"rewards":[["item",205010200,2,true],["item",205020200,2,true]],"equips":[]}},
{"id":"open_ladder_target:8011215","key":8011215,"value":{"label":"圣徽进阶","targetType":2,"targetValue":1021,"rank":[],"rewards":[["item",205010200,1,true],["item",205020200,1,true]],"equips":[]}},
{"id":"open_ladder_target:8011221","key":8011221,"value":{"label":"驭兽大师","targetType":3,"targetValue":80,"rank":[1,1],"rewards":[["item",208030401,1,true],["item",208030102,15,true],["item",208030101,30,true],["appellation",20043]],"equips":[[[201120605,201220605,201320605],[[5223,100],[5223,100],[5223,100]],1,false]]}},
{"id":"open_ladder_target:8011222","key":8011222,"value":{"label":"驭兽大师","targetType":3,"targetValue":80,"rank":[2,5],"rewards":[["item",208040505,3,true],["item",208030102,10,true],["item",208030101,20,true]],"equips":[[[201120605,201220605,201320605],[[9011,100],[9011,100],[9011,100]],1,false]]}},
{"id":"open_ladder_target:8011223","key":8011223,"value":{"label":"驭兽大师","targetType":3,"targetValue":80,"rank":[6,20],"rewards":[["item",208040505,2,true],["item",208030102,5,true],["item",208030101,10,true]],"equips":[[[201120605,201220605,201320605],[[9011,100],[9011,100],[9011,100]],1,false]]}},
{"id":"open_ladder_target:8011224","key":8011224,"value":{"label":"驭兽大师","targetType":3,"targetValue":80,"rank":[],"rewards":[["item",208040505,1,true],["item",208030101,10,true]],"equips":[]}},
{"id":"open_ladder_target:8011225","key":8011225,"value":{"label":"驭兽大师","targetType":3,"targetValue":60,"rank":[],"rewards":[["item",208030101,10,true]],"equips":[]}},
{"id":"open_ladder_target:8011231","key":8011231,"value":{"label":"今日充值","targetType":4,"targetValue":1000,"rank":[1,1],"rewards":[["item",208040505,5,true],["item",208090103,10,true],["appellation",20044]],"equips":[[[201130605,201230605,201330605],[[5213,100],[5213,100],[5213,100]],1,false]]}},
{"id":"open_ladder_target:8011232","key":8011232,"value":{"label":"今日充值","targetType":4,"targetValue":1000,"rank":[2,5],"rewards":[["item",208040505,3,true],["item",208090103,8,true]],"equips":[[[201130605,201230605,201330605],[[9011,100],[9011,100],[9011,100]],1,false]]}},
{"id":"open_ladder_target:8011233","key":8011233,"value":{"label":"今日充值","targetType":4,"targetValue":1000,"rank":[6,20],"rewards":[["item",208040505,2,true],["item",208090103,5,true]],"equips":[[[201130605,201230605,201330605],[[9011,100],[9011,100],[9011,100]],1,false]]}},
{"id":"open_ladder_target:8011234","key":8011234,"value":{"label":"今日充值","targetType":4,"targetValue":500,"rank":[],"rewards":[["item",208040505,1,true],["item",208090103,3,true]],"equips":[]}},
{"id":"open_ladder_target:8011235","key":8011235,"value":{"label":"今日充值","targetType":4,"targetValue":300,"rank":[],"rewards":[["item",208090103,3,true]],"equips":[]}},
{"id":"open_ladder_target:8011241","key":8011241,"value":{"label":"宝石镶嵌","targetType":5,"targetValue":50,"rank":[1,1],"rewards":[["item",208040505,5,true],["item",208030304,5,true],["appellation",20045]],"equips":[[[201110605,201210605,201310605],[[5213,100],[5213,100],[5213,100]],1,false]]}},
{"id":"open_ladder_target:8011242","key":8011242,"value":{"label":"宝石镶嵌","targetType":5,"targetValue":50,"rank":[2,5],"rewards":[["item",208040505,3,true],["item",208030304,3,true]],"equips":[[[201110605,201210605,201310605],[[9011,100],[9011,100],[9011,100]],1,false]]}},
{"id":"open_ladder_target:8011243","key":8011243,"value":{"label":"宝石镶嵌","targetType":5,"targetValue":50,"rank":[6,20],"rewards":[["item",208040505,2,true],["item",208030304,2,true]],"equips":[[[201110605,201210605,201310605],[[9011,100],[9011,100],[9011,100]],1,false]]}},
{"id":"open_ladder_target:8011244","key":8011244,"value":{"label":"宝石镶嵌","targetType":5,"targetValue":50,"rank":[],"rewards":[["item",208030304,1,true],["item",208030303,10,true]],"equips":[]}},
{"id":"open_ladder_target:8011245","key":8011245,"value":{"label":"宝石镶嵌","targetType":5,"targetValue":30,"rank":[],"rewards":[["item",208030303,10,true]],"equips":[]}},
{"id":"open_ladder_target:8011251","key":8011251,"value":{"label":"战力排行","targetType":6,"targetValue":400,"rank":[1,1],"rewards":[["item",205010400,1,true],["item",205020400,1,true],["appellation",20046]],"equips":[[[201160605,201260605,201360605],[[5123,100],[5123,100],[5123,100]],1,false]]}},
{"id":"open_ladder_target:8011252","key":8011252,"value":{"label":"战力排行","targetType":6,"targetValue":400,"rank":[2,5],"rewards":[["item",208040505,3,true],["item",208010541,3,true],["item",208010542,3,true]],"equips":[[[201160605,201260605,201360605],[[9010,100],[9010,100],[9010,100]],1,false]]}},
{"id":"open_ladder_target:8011253","key":8011253,"value":{"label":"战力排行","targetType":6,"targetValue":400,"rank":[6,20],"rewards":[["item",208040505,2,true],["item",208010541,2,true],["item",208010542,2,true]],"equips":[[[201160605,201260605,201360605],[[9010,100],[9010,100],[9010,100]],1,false]]}},
{"id":"open_ladder_target:8011254","key":8011254,"value":{"label":"战力排行","targetType":6,"targetValue":400,"rank":[],"rewards":[["item",208010541,1,true],["item",208010542,1,true]],"equips":[]}},
{"id":"open_ladder_target:8011255","key":8011255,"value":{"label":"战力排行","targetType":6,"targetValue":300,"rank":[],"rewards":[["item",208010541,1,true]],"equips":[]}},
{"id":"open_ladder_target:8011261","key":8011261,"value":{"label":"榜中之王","targetType":7,"targetValue":1,"rank":[],"rewards":[["appellation",20047]],"equips":[]}}
]}
