{"total_rows":2,"offset":0,"rows":[
{"id":"treasure_hunt:1","key":1,"value":{"consumes":{"1":[["item",208100102,1,false],["ep",60]],"10":[["item",208100104,1,false],["ep",588]],"50":[["item",208100106,1,false],["ep",2888]]},"singleCurrency":"10000","singlePoints":1,"showJackpot":true,"levelUpTimes":51,"normalJackpot":[[101]],"rareJackpot":[[102]]}},
{"id":"treasure_hunt:2","key":2,"value":{"consumes":{"1":[["item",208100103,1,false],["ep",60]],"10":[["item",208100105,1,false],["ep",588]],"50":[["item",208100107,1,false],["ep",2888]]},"singleItems":"208030303;1","singlePoints":1,"showJackpot":true,"levelUpTimes":100,"normalJackpot":[[201]],"rareJackpot":[[202]]}}
]}
