{"total_rows":29,"offset":0,"rows":[
{"id":"fate_contract_targets:8011101","key":8011101,"value":{"order":1,"type":1,"targetCond":1,"targetAmount":[[100]],"currency":"coin","amount":1000000,"text":"推荐装备","args":"201110202;201120202;201130202;201140202;201150202;201160202#201210202;201220202;201230202;201240202;201250202;201260202#201310202;201320202;201330202;201340202;201350202;201360202"}},
{"id":"fate_contract_targets:8011102","key":8011102,"value":{"order":2,"type":1,"targetCond":1,"targetAmount":[[150]],"currency":"coin","amount":1000000,"text":"推荐装备","args":"201110203;201120203;201130203;201140203;201150203;201160203#201210203;201220203;201230203;201240203;201250203;201260203#201310203;201320203;201330203;201340203;201350203;201360203"}},
{"id":"fate_contract_targets:8011103","key":8011103,"value":{"order":3,"type":1,"targetCond":1,"targetAmount":[[200]],"currency":"coin","amount":1000000,"text":"推荐装备","args":"201110302;201120302;201130302;201140302;201150302;201160302#201210302;201220302;201230302;201240302;201250302;201260302#201310302;201320302;201330302;201340302;201350302;201360302"}},
{"id":"fate_contract_targets:8011104","key":8011104,"value":{"order":4,"type":1,"targetCond":1,"targetAmount":[[250]],"currency":"coin","amount":1000000,"text":"推荐装备","args":"201110303;201120303;201130303;201140303;201150303;201160303#201210303;201220303;201230303;201240303;201250303;201260303#201310303;201320303;201330303;201340303;201350303;201360303"}},
{"id":"fate_contract_targets:8011105","key":8011105,"value":{"order":5,"type":1,"targetCond":1,"targetAmount":[[300]],"currency":"coin","amount":1000000,"text":"推荐装备","args":"201110304;201120304;201130304;201140304;201150304;201160304#201210304;201220304;201230304;201240304;201250304;201260304#201310304;201320304;201330304;201340304;201350304;201360304"}},
{"id":"fate_contract_targets:8011106","key":8011106,"value":{"order":6,"type":1,"targetCond":1,"targetAmount":[[350]],"currency":"coin","amount":1000000,"text":"推荐装备","args":"201110404;201120404;201130404;201140404;201150404;201160404#201210404;201220404;201230404;201240404;201250404;201260404#201310404;201320404;201330404;201340404;201350404;201360404"}},
{"id":"fate_contract_targets:8011121","key":8011121,"value":{"order":1,"type":2,"targetCond":2,"targetAmount":[[4,4,1]],"currency":"et","amount":300,"text":"推荐装备","args":"201110404#201210404#201310404"}},
{"id":"fate_contract_targets:8011122","key":8011122,"value":{"order":2,"type":2,"targetCond":2,"targetAmount":[[4,4,2]],"currency":"et","amount":300,"text":"推荐装备","args":"201120404#201220404#201320404"}},
{"id":"fate_contract_targets:8011123","key":8011123,"value":{"order":3,"type":2,"targetCond":2,"targetAmount":[[4,4,4]],"currency":"et","amount":300,"text":"推荐装备","args":"201140404#201240404#201340404"}},
{"id":"fate_contract_targets:8011124","key":8011124,"value":{"order":4,"type":2,"targetCond":2,"targetAmount":[[4,4,5]],"currency":"et","amount":300,"text":"推荐装备","args":"201150404#201250404#201350404"}},
{"id":"fate_contract_targets:8011125","key":8011125,"value":{"order":5,"type":2,"targetCond":2,"targetAmount":[[4,4,3]],"currency":"et","amount":300,"text":"推荐装备","args":"201130404#201230404#201330404"}},
{"id":"fate_contract_targets:8011126","key":8011126,"value":{"order":6,"type":2,"targetCond":2,"targetAmount":[[4,4,6]],"currency":"et","amount":300,"text":"推荐装备","args":"201160404#201260404#201360404"}},
{"id":"fate_contract_targets:8011127","key":8011127,"value":{"order":7,"type":2,"targetCond":2,"targetAmount":[[4,5,3]],"currency":"et","amount":300,"text":"推荐装备","args":"201130405#201230405#201330405"}},
{"id":"fate_contract_targets:8011128","key":8011128,"value":{"order":8,"type":2,"targetCond":2,"targetAmount":[[4,5,6]],"currency":"et","amount":300,"text":"推荐装备","args":"201160405#201260405#201360405"}},
{"id":"fate_contract_targets:8011141","key":8011141,"value":{"order":1,"type":3,"targetCond":3,"targetAmount":[[405001,605302],[405001,605303],[405001,605312]],"currency":"bep","amount":200,"text":"前往挑战","args":"CFieldLeaderUI"}},
{"id":"fate_contract_targets:8011142","key":8011142,"value":{"order":2,"type":3,"targetCond":3,"targetAmount":[[405001,605313],[405001,605321],[405001,605322]],"currency":"bep","amount":200,"text":"前往挑战","args":"CFieldLeaderUI"}},
{"id":"fate_contract_targets:8011143","key":8011143,"value":{"order":3,"type":3,"targetCond":3,"targetAmount":[[405002,605331],[405002,605332],[405002,605333]],"currency":"bep","amount":200,"text":"前往挑战","args":"CFieldLeaderUI"}},
{"id":"fate_contract_targets:8011144","key":8011144,"value":{"order":4,"type":3,"targetCond":3,"targetAmount":[[405002,605343],[405002,605351],[405003,605361]],"currency":"bep","amount":200,"text":"前往挑战","args":"CFieldLeaderUI"}},
{"id":"fate_contract_targets:8011145","key":8011145,"value":{"order":5,"type":3,"targetCond":3,"targetAmount":[[405003,605362],[405003,605363],[405003,605372]],"currency":"bep","amount":200,"text":"前往挑战","args":"CFieldLeaderUI"}},
{"id":"fate_contract_targets:8011161","key":8011161,"value":{"order":1,"type":4,"targetCond":4,"targetAmount":[[1]],"currency":"bep","amount":200,"text":"推荐装备","args":"201110505;1201#201210505;1201#201310505;1201"}},
{"id":"fate_contract_targets:8011162","key":8011162,"value":{"order":2,"type":4,"targetCond":4,"targetAmount":[[2]],"currency":"bep","amount":200,"text":"推荐装备","args":"201120505;1201#201220505;1201#201320505;1201"}},
{"id":"fate_contract_targets:8011163","key":8011163,"value":{"order":3,"type":4,"targetCond":4,"targetAmount":[[4]],"currency":"bep","amount":200,"text":"推荐装备","args":"201140505;1201#201240505;1201#201340505;1201"}},
{"id":"fate_contract_targets:8011164","key":8011164,"value":{"order":4,"type":4,"targetCond":4,"targetAmount":[[5]],"currency":"bep","amount":200,"text":"推荐装备","args":"201150505;1201#201250505;1201#201350505;1201"}},
{"id":"fate_contract_targets:8011165","key":8011165,"value":{"order":5,"type":4,"targetCond":4,"targetAmount":[[3]],"currency":"bep","amount":200,"text":"推荐装备","args":"201130505;1201#201230505;1201#201330505;1201"}},
{"id":"fate_contract_targets:8011166","key":8011166,"value":{"order":6,"type":4,"targetCond":4,"targetAmount":[[6]],"currency":"bep","amount":200,"text":"推荐装备","args":"201160505;1201#201260505;1201#201360505;1201"}},
{"id":"fate_contract_targets:8011181","key":8011181,"value":{"order":1,"type":5,"targetCond":5,"targetAmount":[[1]],"currency":"bep","amount":200}},
{"id":"fate_contract_targets:8011183","key":8011183,"value":{"order":2,"type":5,"targetCond":5,"targetAmount":[[2]],"currency":"bep","amount":200}},
{"id":"fate_contract_targets:8011184","key":8011184,"value":{"order":3,"type":5,"targetCond":5,"targetAmount":[[3]],"currency":"bep","amount":200}},
{"id":"fate_contract_targets:8011185","key":8011185,"value":{"order":4,"type":5,"targetCond":5,"targetAmount":[[4]],"currency":"bep","amount":200}}
]}
