{"total_rows":16,"offset":0,"rows":[
{"id":"treasure_hunt_shop:101","key":101,"value":{"type":1,"goods":101,"item":208010531,"bind":1,"exchange":1,"exchangePoints":3000}},
{"id":"treasure_hunt_shop:102","key":102,"value":{"type":1,"goods":102,"item":201030504,"bind":1,"exchange":1,"exchangePoints":1500}},
{"id":"treasure_hunt_shop:103","key":103,"value":{"type":1,"goods":103,"item":201040504,"bind":1,"exchange":1,"exchangePoints":1500}},
{"id":"treasure_hunt_shop:104","key":104,"value":{"type":1,"goods":104,"item":205010100,"bind":1,"exchange":1,"exchangePoints":10}},
{"id":"treasure_hunt_shop:105","key":105,"value":{"type":1,"goods":105,"item":205020100,"bind":1,"exchange":1,"exchangePoints":10}},
{"id":"treasure_hunt_shop:106","key":106,"value":{"type":1,"goods":106,"item":205030100,"bind":1,"exchange":1,"exchangePoints":10}},
{"id":"treasure_hunt_shop:107","key":107,"value":{"type":1,"goods":107,"item":205040100,"bind":1,"exchange":1,"exchangePoints":10}},
{"id":"treasure_hunt_shop:108","key":108,"value":{"type":1,"goods":108,"item":208010521,"bind":1,"exchange":1,"exchangePoints":5}},
{"id":"treasure_hunt_shop:201","key":201,"value":{"type":2,"goods":201,"item":206010507,"bind":1,"exchange":1,"exchangePoints":3000}},
{"id":"treasure_hunt_shop:202","key":202,"value":{"type":2,"goods":202,"item":208030602,"bind":1,"exchange":1,"exchangePoints":2000}},
{"id":"treasure_hunt_shop:203","key":203,"value":{"type":2,"goods":203,"item":207010001,"bind":1,"exchange":1,"exchangePoints":1000}},
{"id":"treasure_hunt_shop:204","key":204,"value":{"type":2,"goods":204,"item":207010002,"bind":1,"exchange":1,"exchangePoints":1000}},
{"id":"treasure_hunt_shop:205","key":205,"value":{"type":2,"goods":205,"item":207020001,"bind":1,"exchange":1,"exchangePoints":1000}},
{"id":"treasure_hunt_shop:206","key":206,"value":{"type":2,"goods":206,"item":207020002,"bind":1,"exchange":1,"exchangePoints":1000}},
{"id":"treasure_hunt_shop:207","key":207,"value":{"type":2,"goods":207,"item":208030303,"bind":1,"exchange":1,"exchangePoints":5}},
{"id":"treasure_hunt_shop:208","key":208,"value":{"type":2,"goods":208,"item":208030304,"bind":1,"exchange":1,"exchangePoints":20}}
]}
