{"total_rows":22,"offset":0,"rows":[
{"id":"growth_fund:-1","key":-1,"value":{"battlePower":-1,"currency":"ep","currencyAmount":[680,1280,1880]}},
{"id":"growth_fund:0","key":0,"value":{"battlePower":0,"currency":"bep","currencyAmount":[680,1280,1880]}},
{"id":"growth_fund:1","key":1,"value":{"battlePower":100,"currency":"bep","currencyAmount":[177,333,489]}},
{"id":"growth_fund:2","key":2,"value":{"battlePower":200,"currency":"bep","currencyAmount":[190,358,526]}},
{"id":"growth_fund:3","key":3,"value":{"battlePower":300,"currency":"bep","currencyAmount":[204,384,564]}},
{"id":"growth_fund:4","key":4,"value":{"battlePower":400,"currency":"bep","currencyAmount":[218,410,602]}},
{"id":"growth_fund:5","key":5,"value":{"battlePower":500,"currency":"bep","currencyAmount":[231,435,639]}},
{"id":"growth_fund:6","key":6,"value":{"battlePower":600,"currency":"bep","currencyAmount":[245,461,677]}},
{"id":"growth_fund:7","key":7,"value":{"battlePower":700,"currency":"bep","currencyAmount":[258,486,714]}},
{"id":"growth_fund:8","key":8,"value":{"battlePower":800,"currency":"bep","currencyAmount":[272,512,752]}},
{"id":"growth_fund:9","key":9,"value":{"battlePower":900,"currency":"bep","currencyAmount":[286,538,790]}},
{"id":"growth_fund:10","key":10,"value":{"battlePower":1000,"currency":"bep","currencyAmount":[299,563,827]}},
{"id":"growth_fund:11","key":11,"value":{"battlePower":1100,"currency":"bep","currencyAmount":[313,589,865]}},
{"id":"growth_fund:12","key":12,"value":{"battlePower":1200,"currency":"bep","currencyAmount":[326,614,902]}},
{"id":"growth_fund:13","key":13,"value":{"battlePower":1300,"currency":"bep","currencyAmount":[340,640,940]}},
{"id":"growth_fund:14","key":14,"value":{"battlePower":1400,"currency":"bep","currencyAmount":[354,666,978]}},
{"id":"growth_fund:15","key":15,"value":{"battlePower":1500,"currency":"bep","currencyAmount":[367,691,1015]}},
{"id":"growth_fund:16","key":16,"value":{"battlePower":1600,"currency":"bep","currencyAmount":[381,717,1053]}},
{"id":"growth_fund:17","key":17,"value":{"battlePower":1700,"currency":"bep","currencyAmount":[394,742,1090]}},
{"id":"growth_fund:18","key":18,"value":{"battlePower":1800,"currency":"bep","currencyAmount":[408,768,1128]}},
{"id":"growth_fund:19","key":19,"value":{"battlePower":1900,"currency":"bep","currencyAmount":[422,794,1166]}},
{"id":"growth_fund:20","key":20,"value":{"battlePower":2000,"currency":"bep","currencyAmount":[435,819,1203]}}
]}
