{"total_rows":14,"offset":0,"rows":[
{"id":"growth_gift:8010501","key":8010501,"value":{"id":8010501,"condType":1,"condValue":100,"items":[["item",206020101,10,true],["item",208021605,5,true]],"equips":[]}},
{"id":"growth_gift:8010502","key":8010502,"value":{"id":8010502,"condType":1,"condValue":200,"items":[["item",205010200,2,true],["item",205040200,2,true]],"equips":[]}},
{"id":"growth_gift:8010503","key":8010503,"value":{"id":8010503,"condType":1,"condValue":300,"items":[["item",208010521,30,true],["item",208020901,2,true],["item",208021608,1,true]],"equips":[]}},
{"id":"growth_gift:8010504","key":8010504,"value":{"id":8010504,"condType":1,"condValue":400,"items":[["item",208021712,1,true],["item",208020601,20,true],["item",208021102,2,true]],"equips":[]}},
{"id":"growth_gift:8010505","key":8010505,"value":{"id":8010505,"condType":1,"condValue":600,"items":[["item",208010451,88,true],["item",208020902,2,true],["item",205020300,1,true],["item",205030300,1,true]],"equips":[]}},
{"id":"growth_gift:8010506","key":8010506,"value":{"id":8010506,"condType":1,"condValue":800,"limit":100,"items":[["item",208010101,30,true],["item",208010541,2,true],["item",208010542,2,true],["item",208090103,15,true]],"equips":[]}},
{"id":"growth_gift:8010507","key":8010507,"value":{"id":8010507,"condType":1,"condValue":1000,"limit":10,"items":[["item",208010101,50,true],["item",208010541,3,true],["item",208010542,3,true],["item",208090103,30,true]],"equips":[]}},
{"id":"growth_gift:8010508","key":8010508,"value":{"id":8010508,"condType":1,"condValue":1200,"limit":3,"items":[["item",208010101,80,true],["item",208010541,5,true],["item",208010542,5,true],["item",208010543,1,true]],"equips":[]}},
{"id":"growth_gift:8010509","key":8010509,"value":{"id":8010509,"condType":2,"condValue":50,"items":[["item",208010101,10,true],["item",208021607,1,true]],"equips":[]}},
{"id":"growth_gift:8010510","key":8010510,"value":{"id":8010510,"condType":2,"condValue":80,"items":[["item",208010512,5,true],["item",208010511,10,true]],"equips":[]}},
{"id":"growth_gift:8010511","key":8010511,"value":{"id":8010511,"condType":2,"condValue":120,"items":[["item",208021101,2,true],["item",208020421,18,true],["item",208021608,1,true]],"equips":[]}},
{"id":"growth_gift:8010512","key":8010512,"value":{"id":8010512,"condType":2,"condValue":150,"limit":100,"items":[["item",208010451,150,true],["item",208010521,50,true],["item",208021608,1,true]],"equips":[]}},
{"id":"growth_gift:8010513","key":8010513,"value":{"id":8010513,"condType":2,"condValue":180,"limit":10,"items":[["item",208030401,1,true],["item",208030102,10,true],["item",208030103,10,true],["item",208030104,1,true]],"equips":[]}},
{"id":"growth_gift:8010514","key":8010514,"value":{"id":8010514,"condType":2,"condValue":200,"limit":3,"items":[["item",206020104,10,true],["item",206020103,10,true],["item",208030303,20,true]],"equips":[["201130705;201230705;201330705",[9001,100,100,100],1,false]]}}
]}
