{"total_rows":10,"offset":0,"rows":[
{"id":"open_acc_pay:8011001","key":8011001,"value":{"id":8011001,"amount":100,"currencyType":"bep","currencyAmount":10,"items":[[[208010521],1,true]]}},
{"id":"open_acc_pay:8011002","key":8011002,"value":{"id":8011002,"amount":300,"currencyType":"bep","currencyAmount":30,"items":[[[205040200],1,true]]}},
{"id":"open_acc_pay:8011003","key":8011003,"value":{"id":8011003,"amount":800,"currencyType":"bep","currencyAmount":80,"items":[[[206020201],10,true],[[206020202],10,true]]}},
{"id":"open_acc_pay:8011004","key":8011004,"value":{"id":8011004,"amount":1500,"currencyType":"bep","currencyAmount":150,"items":[[[205010200],1,true],[[208010101],30,true]]}},
{"id":"open_acc_pay:8011005","key":8011005,"value":{"id":8011005,"amount":3000,"currencyType":"bep","currencyAmount":300,"items":[[[208010521],20,true],[[208010521],20,true]]}},
{"id":"open_acc_pay:8011006","key":8011006,"value":{"id":8011006,"amount":6000,"currencyType":"bep","currencyAmount":600,"items":[[[205010300],1,true],[[205040300],1,true],[[208010451],88,true]]}},
{"id":"open_acc_pay:8011007","key":8011007,"value":{"id":8011007,"amount":10000,"currencyType":"bep","currencyAmount":1000,"items":[[[208010531],1,true],[[208010512],10,true],[[208010513],10,true]]}},
{"id":"open_acc_pay:8011008","key":8011008,"value":{"id":8011008,"amount":20000,"currencyType":"bep","currencyAmount":2000,"items":[[[208030401],1,true],[[208030102],50,true],[[208030103],50,true]]}},
{"id":"open_acc_pay:8011009","key":8011009,"value":{"id":8011009,"amount":50000,"currencyType":"bep","currencyAmount":6000,"items":[[[206010505],1,true],[[208090103],50,true],[[208030201],100,true]]}},
{"id":"open_acc_pay:8011010","key":8011010,"value":{"id":8011010,"amount":100000,"currencyType":"bep","currencyAmount":20000,"items":[[[209060061],1,true],[[206020107],15,true],[[206020108],15,true]]}}
]}
