{"total_rows":3,"offset":0,"rows":[
{"id":"first_pay_rewards:8010801","key":8010801,"value":{"id":8010801,"cond":6,"equips":[[[201169905,201269905,201369905],[[5123,100],[5123,100],[5123,100]],1,true]],"items":[["item",[208010101],30,true],["item",[205010300],2,true],["item",[205020300],2,true]]}},
{"id":"first_pay_rewards:8010802","key":8010802,"value":{"id":8010802,"cond":68,"equips":[],"items":[["item",[209041131,209041231,209041331],1,true],["item",[208021102],2,true],["item",[208010522],5,true],["item",[208010512],20,true]]}},
{"id":"first_pay_rewards:8010803","key":8010803,"value":{"id":8010803,"cond":128,"equips":[],"items":[["item",[206010502],1,true],["item",[206020101],20,true],["item",[206020102],10,true],["item",[208030303],30,true]]}}
]}
