{"total_rows":7,"offset":0,"rows":[
{"id":"login_gift:8010901","key":8010901,"value":{"id":8010901,"rewards":"res/effect/ui/go_ui_7day_9day_eff01.go","items":[["item",[208030201],20,true],["item",[208030201],20,true],["item",[208021101],1,true],["item",[208021101],1,true]],"equips":[]}},
{"id":"login_gift:8010902","key":8010902,"value":{"id":8010902,"rewards":"res/effect/ui/go_ui_7day_2day_zs_eff01.go;res/effect/ui/go_ui_7day_2day_fs_eff01.go;res/effect/ui/go_ui_7day_2day_xz_eff01.go","items":[["item",[208010101],10,true],["item",[208010101],10,true],["item",[208010101],10,true]],"equips":[[[201130504,201230504,201330504],[[9000,100],[9000,100],[9000,100]],1,true]]}},
{"id":"login_gift:8010903","key":8010903,"value":{"id":8010903,"rewards":"res/effect/ui/go_ui_7day_3day_eff01.go","items":[["item",[206010306],1,true],["item",[206020101],5,true],["item",[206020101],5,true],["item",[206020102],5,true]],"equips":[]}},
{"id":"login_gift:8010904","key":8010904,"value":{"id":8010904,"rewards":"res/effect/ui/go_ui_7day_10day_eff01.go","items":[["item",[208010522],1,true],["item",[208010522],1,true],["item",[208010521],5,true],["item",[208010521],5,true]],"equips":[]}},
{"id":"login_gift:8010905","key":8010905,"value":{"id":8010905,"rewards":"res/effect/ui/go_ui_7day_5day_eff01.go","items":[["item",[208030401],1,true],["item",[208030101],5,true],["item",[208030101],5,true],["item",[208030102],5,true]],"equips":[]}},
{"id":"login_gift:8010906","key":8010906,"value":{"id":8010906,"rewards":"res/effect/ui/go_ui_7day_6day_eff01.go","items":[["item",[208090103],5,true],["item",[208090103],5,true],["item",[208030201],5,true],["item",[208030201],5,true]],"equips":[]}},
{"id":"login_gift:8010907","key":8010907,"value":{"id":8010907,"rewards":"res/effect/ui/go_ui_7day_8day_eff01.go","items":[["item",[205010300],1,true],["item",[205010300],1,true],["item",[205020300],1,true],["item",[205020300],1,true]],"equips":[]}}
]}
