{"total_rows":8,"offset":0,"rows":[
{"id":"idip_functions:1","key":3001,"value":{"status":1}},
{"id":"idip_functions:2","key":3002,"value":{"status":1}},
{"id":"idip_functions:3","key":3003,"value":{"status":1}},
{"id":"idip_functions:4","key":3004,"value":{"status":1}},
{"id":"idip_functions:6","key":3005,"value":{"status":1}},
{"id":"idip_functions:7","key":3006,"value":{"status":1}},
{"id":"idip_functions:8","key":3007,"value":{"status":1}},
{"id":"idip_functions:9","key":3008,"value":{"status":1}}
]}
