{"total_rows":5,"offset":0,"rows":[
{"id":"fate_contract:8011201","key":1,"value":{"order":1,"type":1,"open":true,"passivityRewards":450100400,"passivityDesc":"杀怪经验+30%"}},
{"id":"fate_contract:8011202","key":2,"value":{"order":2,"type":2,"open":true,"prevCond":1,"passivityRewards":450100500,"passivityDesc":"角色伤害+10%"}},
{"id":"fate_contract:8011203","key":3,"value":{"order":3,"type":3,"open":true,"prevCond":2,"passivityRewards":450100600,"passivityDesc":"首领伤害+10%"}},
{"id":"fate_contract:8011204","key":4,"value":{"order":4,"type":4,"open":true,"prevCond":3,"passivityRewards":450100700,"passivityDesc":"受到玩家伤害减免10%"}},
{"id":"fate_contract:8011205","key":5,"value":{"order":5,"type":5,"open":false,"prevCond":4,"passivityRewards":450100800,"passivityDesc":"升级加攻击"}}
]}
