{"total_rows":7,"offset":0,"rows":[
{"id":"open_ladders:8011201","key":8011201,"value":{"label":"冲级之王","unlockTime":1,"lockTime":2,"targetType":1,"appellationIcon":"xf_chongjizhiwang","hint":22101001,"equips":[],"guaranteeRewardsArgs":80}},
{"id":"open_ladders:8011202","key":8011202,"value":{"label":"圣徽进阶","unlockTime":3,"lockTime":3,"targetType":2,"appellationIcon":"xf_fabaodaren","hint":22101001,"equips":[],"guaranteeRewardsArgs":1021}},
{"id":"open_ladders:8011203","key":8011203,"value":{"label":"驭兽大师","unlockTime":4,"lockTime":4,"targetType":3,"appellationIcon":"xf_yushoudashi","hint":22101001,"equips":[],"guaranteeRewardsArgs":60}},
{"id":"open_ladders:8011204","key":8011204,"value":{"label":"累计充值","unlockTime":5,"lockTime":5,"targetType":4,"appellationIcon":"xf_renxingzhiren","hint":22101001,"equips":[],"guaranteeRewardsArgs":300}},
{"id":"open_ladders:8011205","key":8011205,"value":{"label":"宝石镶嵌","unlockTime":6,"lockTime":6,"targetType":5,"appellationIcon":"xf_baoshidashi","hint":22101001,"equips":[],"guaranteeRewardsArgs":30}},
{"id":"open_ladders:8011206","key":8011206,"value":{"label":"战力排行","unlockTime":7,"lockTime":7,"targetType":6,"appellationIcon":"xf_zhanlizhiwang","hint":22101001,"equips":[],"guaranteeRewardsArgs":300}},
{"id":"open_ladders:8011207","key":8011207,"value":{"label":"榜中之王","unlockTime":1,"lockTime":7,"targetType":7,"appellationIcon":"xf_daitoudage","hint":22101002,"equips":[]}}
]}
