{"total_rows":286,"offset":0,"rows":[
{"id":"instance_target:1","key":1,"value":{"id":1,"instance":201020,"type":1,"args":[401101],"total":8}},
{"id":"instance_target:2","key":2,"value":{"id":2,"instance":201020,"type":1,"args":[401101],"total":8}},
{"id":"instance_target:3","key":3,"value":{"id":3,"instance":201020,"type":1,"args":[401302],"total":1}},
{"id":"instance_target:4","key":4,"value":{"id":4,"instance":201020,"type":3,"args":[12],"total":1}},
{"id":"instance_target:5","key":5,"value":{"id":5,"instance":202011,"type":3,"args":[19],"total":1}},
{"id":"instance_target:6","key":6,"value":{"id":6,"instance":202011,"type":1,"args":[701101],"total":30}},
{"id":"instance_target:7","key":7,"value":{"id":7,"instance":202011,"type":1,"args":[701301],"total":1}},
{"id":"instance_target:8","key":8,"value":{"id":8,"instance":202012,"type":1,"args":[702101,702102,702103],"total":35}},
{"id":"instance_target:9","key":9,"value":{"id":9,"instance":202012,"type":1,"args":[702301],"total":1}},
{"id":"instance_target:10","key":10,"value":{"id":10,"instance":202013,"type":9,"args":[10038],"total":1}},
{"id":"instance_target:11","key":11,"value":{"id":11,"instance":202013,"type":1,"args":[703301],"total":1}},
{"id":"instance_target:12","key":12,"value":{"id":12,"instance":201030,"type":1,"args":[402101],"total":8}},
{"id":"instance_target:13","key":13,"value":{"id":13,"instance":201030,"type":1,"args":[402102],"total":9}},
{"id":"instance_target:14","key":14,"value":{"id":14,"instance":201030,"type":3,"args":[5],"total":1}},
{"id":"instance_target:15","key":15,"value":{"id":15,"instance":201030,"type":1,"args":[402301],"total":1}},
{"id":"instance_target:16","key":16,"value":{"id":16,"instance":201040,"type":3,"args":[17],"total":1}},
{"id":"instance_target:17","key":17,"value":{"id":17,"instance":201040,"type":1,"args":[403302],"total":1}},
{"id":"instance_target:18","key":18,"value":{"id":18,"instance":201050,"type":1,"args":[404301],"total":1}},
{"id":"instance_target:19","key":19,"value":{"id":19,"instance":201060,"type":1,"args":[405301],"total":1}},
{"id":"instance_target:20","key":20,"value":{"id":20,"instance":201070,"type":1,"args":[406301],"total":1}},
{"id":"instance_target:21","key":21,"value":{"id":21,"instance":203011,"type":1,"args":[801301],"total":1}},
{"id":"instance_target:22","key":22,"value":{"id":22,"instance":203012,"type":1,"args":[802301],"total":1}},
{"id":"instance_target:23","key":23,"value":{"id":23,"instance":203013,"type":1,"args":[803101,803201,803301],"total":44}},
{"id":"instance_target:24","key":24,"value":{"id":24,"instance":203015,"type":1,"args":[805101],"total":48}},
{"id":"instance_target:25","key":25,"value":{"id":25,"instance":203014,"type":1,"args":[804301],"total":1}},
{"id":"instance_target:26","key":26,"value":{"id":26,"instance":302001,"type":1,"args":[511101,511102],"total":11}},
{"id":"instance_target:27","key":27,"value":{"id":27,"instance":302001,"type":1,"args":[511103,511104],"total":11}},
{"id":"instance_target:28","key":28,"value":{"id":28,"instance":302001,"type":1,"args":[511301],"total":1}},
{"id":"instance_target:29","key":29,"value":{"id":29,"instance":302001,"type":1,"args":[511103,511104],"total":11}},
{"id":"instance_target:30","key":30,"value":{"id":30,"instance":302001,"type":1,"args":[511105,511106],"total":11}},
{"id":"instance_target:31","key":31,"value":{"id":31,"instance":302001,"type":1,"args":[511302],"total":1}},
{"id":"instance_target:32","key":32,"value":{"id":32,"instance":302001,"type":1,"args":[511105,511106],"total":11}},
{"id":"instance_target:33","key":33,"value":{"id":33,"instance":302001,"type":1,"args":[511103,511104],"total":11}},
{"id":"instance_target:34","key":34,"value":{"id":34,"instance":302001,"type":1,"args":[511101,511102],"total":11}},
{"id":"instance_target:35","key":35,"value":{"id":35,"instance":302001,"type":1,"args":[511303],"total":1}},
{"id":"instance_target:36","key":36,"value":{"id":36,"instance":302011,"type":1,"args":[511111,511112],"total":11}},
{"id":"instance_target:37","key":37,"value":{"id":37,"instance":302011,"type":1,"args":[511113,511114],"total":11}},
{"id":"instance_target:38","key":38,"value":{"id":38,"instance":302011,"type":1,"args":[511311],"total":1}},
{"id":"instance_target:39","key":39,"value":{"id":39,"instance":302011,"type":1,"args":[511113,511114],"total":11}},
{"id":"instance_target:40","key":40,"value":{"id":40,"instance":302011,"type":1,"args":[511115,511116],"total":11}},
{"id":"instance_target:41","key":41,"value":{"id":41,"instance":302011,"type":1,"args":[511312],"total":1}},
{"id":"instance_target:42","key":42,"value":{"id":42,"instance":302011,"type":1,"args":[511115,511116],"total":11}},
{"id":"instance_target:43","key":43,"value":{"id":43,"instance":302011,"type":1,"args":[511113,511114],"total":11}},
{"id":"instance_target:44","key":44,"value":{"id":44,"instance":302011,"type":1,"args":[511111,511112],"total":11}},
{"id":"instance_target:45","key":45,"value":{"id":45,"instance":302011,"type":1,"args":[511313],"total":1}},
{"id":"instance_target:46","key":46,"value":{"id":46,"instance":302021,"type":1,"args":[511121,511122],"total":11}},
{"id":"instance_target:47","key":47,"value":{"id":47,"instance":302021,"type":1,"args":[511123,511124],"total":11}},
{"id":"instance_target:48","key":48,"value":{"id":48,"instance":302021,"type":1,"args":[511321],"total":1}},
{"id":"instance_target:49","key":49,"value":{"id":49,"instance":302021,"type":1,"args":[511123,511124],"total":11}},
{"id":"instance_target:50","key":50,"value":{"id":50,"instance":302021,"type":1,"args":[511125,511126],"total":11}},
{"id":"instance_target:51","key":51,"value":{"id":51,"instance":302021,"type":1,"args":[511322],"total":1}},
{"id":"instance_target:52","key":52,"value":{"id":52,"instance":302021,"type":1,"args":[511125,511126],"total":11}},
{"id":"instance_target:53","key":53,"value":{"id":53,"instance":302021,"type":1,"args":[511123,511124],"total":11}},
{"id":"instance_target:54","key":54,"value":{"id":54,"instance":302021,"type":1,"args":[511121,511122],"total":11}},
{"id":"instance_target:55","key":55,"value":{"id":55,"instance":302021,"type":1,"args":[511323],"total":1}},
{"id":"instance_target:56","key":56,"value":{"id":56,"instance":312001,"type":1,"args":[521101,521102],"total":11}},
{"id":"instance_target:57","key":57,"value":{"id":57,"instance":312001,"type":1,"args":[521103,521104],"total":11}},
{"id":"instance_target:58","key":58,"value":{"id":58,"instance":312001,"type":1,"args":[521301],"total":1}},
{"id":"instance_target:59","key":59,"value":{"id":59,"instance":312001,"type":1,"args":[521103,521104],"total":11}},
{"id":"instance_target:60","key":60,"value":{"id":60,"instance":312001,"type":1,"args":[521105,521106],"total":11}},
{"id":"instance_target:61","key":61,"value":{"id":61,"instance":312001,"type":1,"args":[521302],"total":1}},
{"id":"instance_target:62","key":62,"value":{"id":62,"instance":312001,"type":1,"args":[521105,521106],"total":11}},
{"id":"instance_target:63","key":63,"value":{"id":63,"instance":312001,"type":1,"args":[521103,521104],"total":11}},
{"id":"instance_target:64","key":64,"value":{"id":64,"instance":312001,"type":1,"args":[521101,521102],"total":11}},
{"id":"instance_target:65","key":65,"value":{"id":65,"instance":312001,"type":1,"args":[521303],"total":1}},
{"id":"instance_target:66","key":66,"value":{"id":66,"instance":312011,"type":1,"args":[521111,521112],"total":11}},
{"id":"instance_target:67","key":67,"value":{"id":67,"instance":312011,"type":1,"args":[521113,521114],"total":11}},
{"id":"instance_target:68","key":68,"value":{"id":68,"instance":312011,"type":1,"args":[521311],"total":1}},
{"id":"instance_target:69","key":69,"value":{"id":69,"instance":312011,"type":1,"args":[521113,521114],"total":11}},
{"id":"instance_target:70","key":70,"value":{"id":70,"instance":312011,"type":1,"args":[521115,521116],"total":11}},
{"id":"instance_target:71","key":71,"value":{"id":71,"instance":312011,"type":1,"args":[521312],"total":1}},
{"id":"instance_target:72","key":72,"value":{"id":72,"instance":312011,"type":1,"args":[521115,521116],"total":11}},
{"id":"instance_target:73","key":73,"value":{"id":73,"instance":312011,"type":1,"args":[521113,521114],"total":11}},
{"id":"instance_target:74","key":74,"value":{"id":74,"instance":312011,"type":1,"args":[521111,521112],"total":11}},
{"id":"instance_target:75","key":75,"value":{"id":75,"instance":312011,"type":1,"args":[521313],"total":1}},
{"id":"instance_target:76","key":76,"value":{"id":76,"instance":312021,"type":1,"args":[521121,521122],"total":11}},
{"id":"instance_target:77","key":77,"value":{"id":77,"instance":312021,"type":1,"args":[521123,521124],"total":11}},
{"id":"instance_target:78","key":78,"value":{"id":78,"instance":312021,"type":1,"args":[521321],"total":1}},
{"id":"instance_target:79","key":79,"value":{"id":79,"instance":312021,"type":1,"args":[521123,521124],"total":11}},
{"id":"instance_target:80","key":80,"value":{"id":80,"instance":312021,"type":1,"args":[521125,521126],"total":11}},
{"id":"instance_target:81","key":81,"value":{"id":81,"instance":312021,"type":1,"args":[521322],"total":1}},
{"id":"instance_target:82","key":82,"value":{"id":82,"instance":312021,"type":1,"args":[521125,521126],"total":11}},
{"id":"instance_target:83","key":83,"value":{"id":83,"instance":312021,"type":1,"args":[521123,521124],"total":11}},
{"id":"instance_target:84","key":84,"value":{"id":84,"instance":312021,"type":1,"args":[521121,521122],"total":11}},
{"id":"instance_target:85","key":85,"value":{"id":85,"instance":312021,"type":1,"args":[521323],"total":1}},
{"id":"instance_target:86","key":86,"value":{"id":86,"instance":322001,"type":1,"args":[531101,531102],"total":11}},
{"id":"instance_target:87","key":87,"value":{"id":87,"instance":322001,"type":1,"args":[531103,531104],"total":11}},
{"id":"instance_target:88","key":88,"value":{"id":88,"instance":322001,"type":1,"args":[531301],"total":1}},
{"id":"instance_target:89","key":89,"value":{"id":89,"instance":322001,"type":1,"args":[531103,531104],"total":11}},
{"id":"instance_target:90","key":90,"value":{"id":90,"instance":322001,"type":1,"args":[531105,531106],"total":11}},
{"id":"instance_target:91","key":91,"value":{"id":91,"instance":322001,"type":1,"args":[531302],"total":1}},
{"id":"instance_target:92","key":92,"value":{"id":92,"instance":322001,"type":1,"args":[531105,531106],"total":11}},
{"id":"instance_target:93","key":93,"value":{"id":93,"instance":322001,"type":1,"args":[531103,531104],"total":11}},
{"id":"instance_target:94","key":94,"value":{"id":94,"instance":322001,"type":1,"args":[531101,531102],"total":11}},
{"id":"instance_target:95","key":95,"value":{"id":95,"instance":322001,"type":1,"args":[531303],"total":1}},
{"id":"instance_target:96","key":96,"value":{"id":96,"instance":322011,"type":1,"args":[531111,531112],"total":11}},
{"id":"instance_target:97","key":97,"value":{"id":97,"instance":322011,"type":1,"args":[531113,531114],"total":11}},
{"id":"instance_target:98","key":98,"value":{"id":98,"instance":322011,"type":1,"args":[531311],"total":1}},
{"id":"instance_target:99","key":99,"value":{"id":99,"instance":322011,"type":1,"args":[531113,531114],"total":11}},
{"id":"instance_target:100","key":100,"value":{"id":100,"instance":322011,"type":1,"args":[531115,531116],"total":11}},
{"id":"instance_target:101","key":101,"value":{"id":101,"instance":322011,"type":1,"args":[531312],"total":1}},
{"id":"instance_target:102","key":102,"value":{"id":102,"instance":322011,"type":1,"args":[531115,531116],"total":11}},
{"id":"instance_target:103","key":103,"value":{"id":103,"instance":322011,"type":1,"args":[531113,531114],"total":11}},
{"id":"instance_target:104","key":104,"value":{"id":104,"instance":322011,"type":1,"args":[531111,531112],"total":11}},
{"id":"instance_target:105","key":105,"value":{"id":105,"instance":322011,"type":1,"args":[531313],"total":1}},
{"id":"instance_target:106","key":106,"value":{"id":106,"instance":322021,"type":1,"args":[531121,531122],"total":11}},
{"id":"instance_target:107","key":107,"value":{"id":107,"instance":322021,"type":1,"args":[531123,531124],"total":11}},
{"id":"instance_target:108","key":108,"value":{"id":108,"instance":322021,"type":1,"args":[531321],"total":1}},
{"id":"instance_target:109","key":109,"value":{"id":109,"instance":322021,"type":1,"args":[531123,531124],"total":11}},
{"id":"instance_target:110","key":110,"value":{"id":110,"instance":322021,"type":1,"args":[531125,531126],"total":11}},
{"id":"instance_target:111","key":111,"value":{"id":111,"instance":322021,"type":1,"args":[531322],"total":1}},
{"id":"instance_target:112","key":112,"value":{"id":112,"instance":322021,"type":1,"args":[531125,531126],"total":11}},
{"id":"instance_target:113","key":113,"value":{"id":113,"instance":322021,"type":1,"args":[531123,531124],"total":11}},
{"id":"instance_target:114","key":114,"value":{"id":114,"instance":322021,"type":1,"args":[531121,531122],"total":11}},
{"id":"instance_target:115","key":115,"value":{"id":115,"instance":322021,"type":1,"args":[531323],"total":1}},
{"id":"instance_target:116","key":116,"value":{"id":116,"instance":332001,"type":1,"args":[541101,541102],"total":11}},
{"id":"instance_target:117","key":117,"value":{"id":117,"instance":332001,"type":1,"args":[541103,541104],"total":11}},
{"id":"instance_target:118","key":118,"value":{"id":118,"instance":332001,"type":1,"args":[541301],"total":1}},
{"id":"instance_target:119","key":119,"value":{"id":119,"instance":332001,"type":1,"args":[541103,541104],"total":11}},
{"id":"instance_target:120","key":120,"value":{"id":120,"instance":332001,"type":1,"args":[541105,541106],"total":11}},
{"id":"instance_target:121","key":121,"value":{"id":121,"instance":332001,"type":1,"args":[541302],"total":1}},
{"id":"instance_target:122","key":122,"value":{"id":122,"instance":332001,"type":1,"args":[541105,541106],"total":11}},
{"id":"instance_target:123","key":123,"value":{"id":123,"instance":332001,"type":1,"args":[541103,541104],"total":11}},
{"id":"instance_target:124","key":124,"value":{"id":124,"instance":332001,"type":1,"args":[541101,541102],"total":11}},
{"id":"instance_target:125","key":125,"value":{"id":125,"instance":332001,"type":1,"args":[541303],"total":1}},
{"id":"instance_target:126","key":126,"value":{"id":126,"instance":332011,"type":1,"args":[541111,541112],"total":11}},
{"id":"instance_target:127","key":127,"value":{"id":127,"instance":332011,"type":1,"args":[541113,541114],"total":11}},
{"id":"instance_target:128","key":128,"value":{"id":128,"instance":332011,"type":1,"args":[541311],"total":1}},
{"id":"instance_target:129","key":129,"value":{"id":129,"instance":332011,"type":1,"args":[541113,541114],"total":11}},
{"id":"instance_target:130","key":130,"value":{"id":130,"instance":332011,"type":1,"args":[541115,541116],"total":11}},
{"id":"instance_target:131","key":131,"value":{"id":131,"instance":332011,"type":1,"args":[541312],"total":1}},
{"id":"instance_target:132","key":132,"value":{"id":132,"instance":332011,"type":1,"args":[541115,541116],"total":11}},
{"id":"instance_target:133","key":133,"value":{"id":133,"instance":332011,"type":1,"args":[541113,541114],"total":11}},
{"id":"instance_target:134","key":134,"value":{"id":134,"instance":332011,"type":1,"args":[541111,541112],"total":11}},
{"id":"instance_target:135","key":135,"value":{"id":135,"instance":332011,"type":1,"args":[541313],"total":1}},
{"id":"instance_target:136","key":136,"value":{"id":136,"instance":332021,"type":1,"args":[541121,541122],"total":11}},
{"id":"instance_target:137","key":137,"value":{"id":137,"instance":332021,"type":1,"args":[541123,541124],"total":11}},
{"id":"instance_target:138","key":138,"value":{"id":138,"instance":332021,"type":1,"args":[541321],"total":1}},
{"id":"instance_target:139","key":139,"value":{"id":139,"instance":332021,"type":1,"args":[541123,541124],"total":11}},
{"id":"instance_target:140","key":140,"value":{"id":140,"instance":332021,"type":1,"args":[541125,541126],"total":11}},
{"id":"instance_target:141","key":141,"value":{"id":141,"instance":332021,"type":1,"args":[541322],"total":1}},
{"id":"instance_target:142","key":142,"value":{"id":142,"instance":332021,"type":1,"args":[541125,541126],"total":11}},
{"id":"instance_target:143","key":143,"value":{"id":143,"instance":332021,"type":1,"args":[541123,541124],"total":11}},
{"id":"instance_target:144","key":144,"value":{"id":144,"instance":332021,"type":1,"args":[541121,541122],"total":11}},
{"id":"instance_target:145","key":145,"value":{"id":145,"instance":332021,"type":1,"args":[541323],"total":1}},
{"id":"instance_target:146","key":146,"value":{"id":146,"instance":342001,"type":1,"args":[551101,551102],"total":11}},
{"id":"instance_target:147","key":147,"value":{"id":147,"instance":342001,"type":1,"args":[551103,551104],"total":11}},
{"id":"instance_target:148","key":148,"value":{"id":148,"instance":342001,"type":1,"args":[551301],"total":1}},
{"id":"instance_target:149","key":149,"value":{"id":149,"instance":342001,"type":1,"args":[551103,551104],"total":11}},
{"id":"instance_target:150","key":150,"value":{"id":150,"instance":342001,"type":1,"args":[551105,551106],"total":11}},
{"id":"instance_target:151","key":151,"value":{"id":151,"instance":342001,"type":1,"args":[551302],"total":1}},
{"id":"instance_target:152","key":152,"value":{"id":152,"instance":342001,"type":1,"args":[551105,551106],"total":11}},
{"id":"instance_target:153","key":153,"value":{"id":153,"instance":342001,"type":1,"args":[551103,551104],"total":11}},
{"id":"instance_target:154","key":154,"value":{"id":154,"instance":342001,"type":1,"args":[551101,551102],"total":11}},
{"id":"instance_target:155","key":155,"value":{"id":155,"instance":342001,"type":1,"args":[551303],"total":1}},
{"id":"instance_target:156","key":156,"value":{"id":156,"instance":342011,"type":1,"args":[551111,551112],"total":11}},
{"id":"instance_target:157","key":157,"value":{"id":157,"instance":342011,"type":1,"args":[551113,551114],"total":11}},
{"id":"instance_target:158","key":158,"value":{"id":158,"instance":342011,"type":1,"args":[551311],"total":1}},
{"id":"instance_target:159","key":159,"value":{"id":159,"instance":342011,"type":1,"args":[551113,551114],"total":11}},
{"id":"instance_target:160","key":160,"value":{"id":160,"instance":342011,"type":1,"args":[551115,551116],"total":11}},
{"id":"instance_target:161","key":161,"value":{"id":161,"instance":342011,"type":1,"args":[551312],"total":1}},
{"id":"instance_target:162","key":162,"value":{"id":162,"instance":342011,"type":1,"args":[551115,551116],"total":11}},
{"id":"instance_target:163","key":163,"value":{"id":163,"instance":342011,"type":1,"args":[551113,551114],"total":11}},
{"id":"instance_target:164","key":164,"value":{"id":164,"instance":342011,"type":1,"args":[551111,551112],"total":11}},
{"id":"instance_target:165","key":165,"value":{"id":165,"instance":342011,"type":1,"args":[551313],"total":1}},
{"id":"instance_target:166","key":166,"value":{"id":166,"instance":342021,"type":1,"args":[551121,551122],"total":11}},
{"id":"instance_target:167","key":167,"value":{"id":167,"instance":342021,"type":1,"args":[551123,551124],"total":11}},
{"id":"instance_target:168","key":168,"value":{"id":168,"instance":342021,"type":1,"args":[551321],"total":1}},
{"id":"instance_target:169","key":169,"value":{"id":169,"instance":342021,"type":1,"args":[551123,551124],"total":11}},
{"id":"instance_target:170","key":170,"value":{"id":170,"instance":342021,"type":1,"args":[551125,551126],"total":11}},
{"id":"instance_target:171","key":171,"value":{"id":171,"instance":342021,"type":1,"args":[551322],"total":1}},
{"id":"instance_target:172","key":172,"value":{"id":172,"instance":342021,"type":1,"args":[551125,551126],"total":11}},
{"id":"instance_target:173","key":173,"value":{"id":173,"instance":342021,"type":1,"args":[551123,551124],"total":11}},
{"id":"instance_target:174","key":174,"value":{"id":174,"instance":342021,"type":1,"args":[551121,551122],"total":11}},
{"id":"instance_target:175","key":175,"value":{"id":175,"instance":342021,"type":1,"args":[551323],"total":1}},
{"id":"instance_target:176","key":176,"value":{"id":176,"instance":302002,"type":1,"args":[512101,512102],"total":11}},
{"id":"instance_target:177","key":177,"value":{"id":177,"instance":302002,"type":1,"args":[512103,512104],"total":11}},
{"id":"instance_target:178","key":178,"value":{"id":178,"instance":302002,"type":1,"args":[512302],"total":1}},
{"id":"instance_target:179","key":179,"value":{"id":179,"instance":302002,"type":1,"args":[512105,512106],"total":11}},
{"id":"instance_target:180","key":180,"value":{"id":180,"instance":302002,"type":1,"args":[512301],"total":1}},
{"id":"instance_target:181","key":181,"value":{"id":181,"instance":302002,"type":1,"args":[512103,512104],"total":11}},
{"id":"instance_target:182","key":182,"value":{"id":182,"instance":302002,"type":1,"args":[512101,512102],"total":11}},
{"id":"instance_target:183","key":183,"value":{"id":183,"instance":302002,"type":1,"args":[512105,512106],"total":11}},
{"id":"instance_target:184","key":184,"value":{"id":184,"instance":302002,"type":1,"args":[512303],"total":1}},
{"id":"instance_target:185","key":185,"value":{"id":185,"instance":312002,"type":1,"args":[522101,522102],"total":11}},
{"id":"instance_target:186","key":186,"value":{"id":186,"instance":312002,"type":1,"args":[522103,522104],"total":11}},
{"id":"instance_target:187","key":187,"value":{"id":187,"instance":312002,"type":1,"args":[522302],"total":1}},
{"id":"instance_target:188","key":188,"value":{"id":188,"instance":312002,"type":1,"args":[522105,522106],"total":11}},
{"id":"instance_target:189","key":189,"value":{"id":189,"instance":312002,"type":1,"args":[522301],"total":1}},
{"id":"instance_target:190","key":190,"value":{"id":190,"instance":312002,"type":1,"args":[522103,522104],"total":11}},
{"id":"instance_target:191","key":191,"value":{"id":191,"instance":312002,"type":1,"args":[522101,522102],"total":11}},
{"id":"instance_target:192","key":192,"value":{"id":192,"instance":312002,"type":1,"args":[522105,522106],"total":11}},
{"id":"instance_target:193","key":193,"value":{"id":193,"instance":312002,"type":1,"args":[522303],"total":1}},
{"id":"instance_target:194","key":194,"value":{"id":194,"instance":312012,"type":1,"args":[522111,522112],"total":11}},
{"id":"instance_target:195","key":195,"value":{"id":195,"instance":312012,"type":1,"args":[522113,522114],"total":11}},
{"id":"instance_target:196","key":196,"value":{"id":196,"instance":312012,"type":1,"args":[522312],"total":1}},
{"id":"instance_target:197","key":197,"value":{"id":197,"instance":312012,"type":1,"args":[522115,522116],"total":11}},
{"id":"instance_target:198","key":198,"value":{"id":198,"instance":312012,"type":1,"args":[522311],"total":1}},
{"id":"instance_target:199","key":199,"value":{"id":199,"instance":312012,"type":1,"args":[522113,522114],"total":11}},
{"id":"instance_target:200","key":200,"value":{"id":200,"instance":312012,"type":1,"args":[522111,522112],"total":11}},
{"id":"instance_target:201","key":201,"value":{"id":201,"instance":312012,"type":1,"args":[522115,522116],"total":11}},
{"id":"instance_target:202","key":202,"value":{"id":202,"instance":312012,"type":1,"args":[522313],"total":1}},
{"id":"instance_target:203","key":203,"value":{"id":203,"instance":312022,"type":1,"args":[522121,522122],"total":11}},
{"id":"instance_target:204","key":204,"value":{"id":204,"instance":312022,"type":1,"args":[522123,522124],"total":11}},
{"id":"instance_target:205","key":205,"value":{"id":205,"instance":312022,"type":1,"args":[522322],"total":1}},
{"id":"instance_target:206","key":206,"value":{"id":206,"instance":312022,"type":1,"args":[522125,522126],"total":11}},
{"id":"instance_target:207","key":207,"value":{"id":207,"instance":312022,"type":1,"args":[522321],"total":1}},
{"id":"instance_target:208","key":208,"value":{"id":208,"instance":312022,"type":1,"args":[522123,522124],"total":11}},
{"id":"instance_target:209","key":209,"value":{"id":209,"instance":312022,"type":1,"args":[522121,522122],"total":11}},
{"id":"instance_target:210","key":210,"value":{"id":210,"instance":312022,"type":1,"args":[522125,522126],"total":11}},
{"id":"instance_target:211","key":211,"value":{"id":211,"instance":312022,"type":1,"args":[522323],"total":1}},
{"id":"instance_target:212","key":212,"value":{"id":212,"instance":302003,"type":1,"args":[513103,513104],"total":11}},
{"id":"instance_target:213","key":213,"value":{"id":213,"instance":302003,"type":1,"args":[513103,513104],"total":11}},
{"id":"instance_target:214","key":214,"value":{"id":214,"instance":302003,"type":1,"args":[513301],"total":1}},
{"id":"instance_target:215","key":215,"value":{"id":215,"instance":302003,"type":1,"args":[513101,513102],"total":11}},
{"id":"instance_target:216","key":216,"value":{"id":216,"instance":302003,"type":1,"args":[513101,513102],"total":11}},
{"id":"instance_target:217","key":217,"value":{"id":217,"instance":302003,"type":1,"args":[513105,513106],"total":11}},
{"id":"instance_target:218","key":218,"value":{"id":218,"instance":302003,"type":1,"args":[513107,513108],"total":11}},
{"id":"instance_target:219","key":219,"value":{"id":219,"instance":302003,"type":1,"args":[513109,513110],"total":11}},
{"id":"instance_target:220","key":220,"value":{"id":220,"instance":302003,"type":1,"args":[513111,513112],"total":11}},
{"id":"instance_target:221","key":221,"value":{"id":221,"instance":302003,"type":1,"args":[513302],"total":1}},
{"id":"instance_target:222","key":222,"value":{"id":222,"instance":322003,"type":1,"args":[533103,533104],"total":11}},
{"id":"instance_target:223","key":223,"value":{"id":223,"instance":322003,"type":1,"args":[533103,533104],"total":11}},
{"id":"instance_target:224","key":224,"value":{"id":224,"instance":322003,"type":1,"args":[533301],"total":1}},
{"id":"instance_target:225","key":225,"value":{"id":225,"instance":322003,"type":1,"args":[533101,533102],"total":11}},
{"id":"instance_target:226","key":226,"value":{"id":226,"instance":322003,"type":1,"args":[533101,533102],"total":11}},
{"id":"instance_target:227","key":227,"value":{"id":227,"instance":322003,"type":1,"args":[533105,533106],"total":11}},
{"id":"instance_target:228","key":228,"value":{"id":228,"instance":322003,"type":1,"args":[533107,533108],"total":11}},
{"id":"instance_target:229","key":229,"value":{"id":229,"instance":322003,"type":1,"args":[533109,533110],"total":11}},
{"id":"instance_target:230","key":230,"value":{"id":230,"instance":322003,"type":1,"args":[533111,533112],"total":11}},
{"id":"instance_target:231","key":231,"value":{"id":231,"instance":322003,"type":1,"args":[533302],"total":1}},
{"id":"instance_target:232","key":232,"value":{"id":232,"instance":322013,"type":1,"args":[533123,533124],"total":11}},
{"id":"instance_target:233","key":233,"value":{"id":233,"instance":322013,"type":1,"args":[533123,533124],"total":11}},
{"id":"instance_target:234","key":234,"value":{"id":234,"instance":322013,"type":1,"args":[533321],"total":1}},
{"id":"instance_target:235","key":235,"value":{"id":235,"instance":322013,"type":1,"args":[533121,533122],"total":11}},
{"id":"instance_target:236","key":236,"value":{"id":236,"instance":322013,"type":1,"args":[533121,533122],"total":11}},
{"id":"instance_target:237","key":237,"value":{"id":237,"instance":322013,"type":1,"args":[533125,533126],"total":11}},
{"id":"instance_target:238","key":238,"value":{"id":238,"instance":322013,"type":1,"args":[533127,533128],"total":11}},
{"id":"instance_target:239","key":239,"value":{"id":239,"instance":322013,"type":1,"args":[533129,533130],"total":11}},
{"id":"instance_target:240","key":240,"value":{"id":240,"instance":322013,"type":1,"args":[533131,533132],"total":11}},
{"id":"instance_target:241","key":241,"value":{"id":241,"instance":322013,"type":1,"args":[533322],"total":1}},
{"id":"instance_target:242","key":242,"value":{"id":242,"instance":322023,"type":1,"args":[533143,533144],"total":11}},
{"id":"instance_target:243","key":243,"value":{"id":243,"instance":322023,"type":1,"args":[533143,533144],"total":11}},
{"id":"instance_target:244","key":244,"value":{"id":244,"instance":322023,"type":1,"args":[533341],"total":1}},
{"id":"instance_target:245","key":245,"value":{"id":245,"instance":322023,"type":1,"args":[533141,533142],"total":11}},
{"id":"instance_target:246","key":246,"value":{"id":246,"instance":322023,"type":1,"args":[533141,533142],"total":11}},
{"id":"instance_target:247","key":247,"value":{"id":247,"instance":322023,"type":1,"args":[533145,533146],"total":11}},
{"id":"instance_target:248","key":248,"value":{"id":248,"instance":322023,"type":1,"args":[533147,533148],"total":11}},
{"id":"instance_target:249","key":249,"value":{"id":249,"instance":322023,"type":1,"args":[533149,533150],"total":11}},
{"id":"instance_target:250","key":250,"value":{"id":250,"instance":322023,"type":1,"args":[533151,533152],"total":11}},
{"id":"instance_target:251","key":251,"value":{"id":251,"instance":322023,"type":1,"args":[533342],"total":1}},
{"id":"instance_target:252","key":252,"value":{"id":252,"instance":302005,"type":1,"args":[514101,514102],"total":11}},
{"id":"instance_target:253","key":253,"value":{"id":253,"instance":302005,"type":1,"args":[514103,514104],"total":20}},
{"id":"instance_target:254","key":254,"value":{"id":254,"instance":302005,"type":1,"args":[514105,514106],"total":11}},
{"id":"instance_target:255","key":255,"value":{"id":255,"instance":302005,"type":1,"args":[514302],"total":1}},
{"id":"instance_target:256","key":256,"value":{"id":256,"instance":302005,"type":1,"args":[514107,514108],"total":11}},
{"id":"instance_target:257","key":257,"value":{"id":257,"instance":302005,"type":1,"args":[514303],"total":1}},
{"id":"instance_target:258","key":258,"value":{"id":258,"instance":302005,"type":1,"args":[514304],"total":1}},
{"id":"instance_target:259","key":259,"value":{"id":259,"instance":302009,"type":1,"args":[515101],"total":5}},
{"id":"instance_target:260","key":260,"value":{"id":260,"instance":302009,"type":1,"args":[515102,515103],"total":11}},
{"id":"instance_target:261","key":261,"value":{"id":261,"instance":302009,"type":1,"args":[515104,515105],"total":11}},
{"id":"instance_target:262","key":262,"value":{"id":262,"instance":302009,"type":1,"args":[515104,515105],"total":11}},
{"id":"instance_target:263","key":263,"value":{"id":263,"instance":302009,"type":1,"args":[515104,515105],"total":11}},
{"id":"instance_target:264","key":264,"value":{"id":264,"instance":302009,"type":1,"args":[515301],"total":1}},
{"id":"instance_target:265","key":265,"value":{"id":265,"instance":302009,"type":1,"args":[515101],"total":5}},
{"id":"instance_target:266","key":266,"value":{"id":266,"instance":302009,"type":1,"args":[515106,515107],"total":11}},
{"id":"instance_target:267","key":267,"value":{"id":267,"instance":302009,"type":1,"args":[515101],"total":5}},
{"id":"instance_target:268","key":268,"value":{"id":268,"instance":302009,"type":1,"args":[515101],"total":5}},
{"id":"instance_target:269","key":269,"value":{"id":269,"instance":302009,"type":1,"args":[515302],"total":1}},
{"id":"instance_target:270","key":270,"value":{"id":270,"instance":302009,"type":1,"args":[515104,515105],"total":11}},
{"id":"instance_target:271","key":271,"value":{"id":271,"instance":302009,"type":1,"args":[515102,515103],"total":11}},
{"id":"instance_target:272","key":272,"value":{"id":272,"instance":302009,"type":1,"args":[515106,515107],"total":11}},
{"id":"instance_target:273","key":273,"value":{"id":273,"instance":302009,"type":1,"args":[515104,515105],"total":11}},
{"id":"instance_target:274","key":274,"value":{"id":274,"instance":302009,"type":1,"args":[515102,515103],"total":11}},
{"id":"instance_target:275","key":275,"value":{"id":275,"instance":302009,"type":1,"args":[515101],"total":5}},
{"id":"instance_target:276","key":276,"value":{"id":276,"instance":302009,"type":1,"args":[515303],"total":1}},
{"id":"instance_target:277","key":277,"value":{"id":277,"instance":202021,"type":1,"args":[704101,704201],"total":16}},
{"id":"instance_target:278","key":278,"value":{"id":278,"instance":202021,"type":1,"args":[704301],"total":1}},
{"id":"instance_target:279","key":279,"value":{"id":279,"instance":202021,"type":4,"args":[1],"total":1}},
{"id":"instance_target:280","key":280,"value":{"id":280,"instance":202021,"type":1,"args":[704102,704202],"total":23}},
{"id":"instance_target:281","key":281,"value":{"id":281,"instance":202021,"type":1,"args":[704302],"total":1}},
{"id":"instance_target:282","key":282,"value":{"id":282,"instance":202031,"type":1,"args":[705101],"total":4}},
{"id":"instance_target:283","key":283,"value":{"id":283,"instance":202031,"type":1,"args":[705301],"total":1}},
{"id":"instance_target:284","key":284,"value":{"id":284,"instance":202031,"type":1,"args":[705103],"total":11}},
{"id":"instance_target:285","key":285,"value":{"id":285,"instance":202031,"type":1,"args":[705901],"total":1}},
{"id":"instance_target:286","key":286,"value":{"id":286,"instance":202031,"type":1,"args":[705302],"total":1}}
]}
