{"total_rows":108,"offset":0,"rows":[
{"id":"artifact:10001","key":10001,"value":{"name":"封印石","appearance":35001,"triggerCondition":0,"triggerTargetType":1,"canChoose":true,"showName":true,"clickEffect":0,"des":"兽潮阴影封印石（未使用）","canBreak":false}},
{"id":"artifact:10002","key":10002,"value":{"name":"封印阵·火","appearance":35006,"triggerCondition":1,"guardRadius":3,"triggerTargetType":1,"canChoose":false,"showName":false,"clickEffect":5,"des":"兽潮阴影封印石（未使用）","canBreak":false}},
{"id":"artifact:10003","key":10003,"value":{"name":"封印阵·冰","appearance":35007,"triggerCondition":1,"guardRadius":3,"triggerTargetType":1,"canChoose":false,"showName":false,"clickEffect":5,"des":"兽潮阴影封印石（未使用）","canBreak":false}},
{"id":"artifact:10004","key":10004,"value":{"name":"封印阵·雷","appearance":35008,"triggerCondition":1,"guardRadius":3,"triggerTargetType":1,"canChoose":false,"showName":false,"clickEffect":5,"des":"兽潮阴影封印石（未使用）","canBreak":false}},
{"id":"artifact:10005","key":10005,"value":{"name":"封印阵·地","appearance":35009,"triggerCondition":1,"guardRadius":3,"triggerTargetType":1,"canChoose":false,"showName":false,"clickEffect":5,"des":"兽潮阴影封印石（未使用）","canBreak":false}},
{"id":"artifact:10006","key":10006,"value":{"name":"火BUFF","appearance":35010,"triggerCondition":1,"guardRadius":1,"triggerTargetType":1,"openTimes":1,"canChoose":false,"clickEffect":4,"paras":[400038000],"des":"兽潮阴影掉落BUFF（未使用）","canBreak":false,"showName":false}},
{"id":"artifact:10007","key":10007,"value":{"name":"冰BUFF","appearance":35011,"triggerCondition":1,"guardRadius":1,"triggerTargetType":1,"openTimes":1,"canChoose":false,"clickEffect":4,"paras":[400039000],"des":"兽潮阴影掉落BUFF（未使用）","canBreak":false,"showName":false}},
{"id":"artifact:10008","key":10008,"value":{"name":"雷BUFF","appearance":35012,"triggerCondition":1,"guardRadius":1,"triggerTargetType":1,"openTimes":1,"canChoose":false,"clickEffect":4,"paras":[400040000],"des":"兽潮阴影掉落BUFF（未使用）","canBreak":false,"showName":false}},
{"id":"artifact:10009","key":10009,"value":{"name":"地BUFF","appearance":35013,"triggerCondition":1,"guardRadius":1,"triggerTargetType":1,"openTimes":1,"canChoose":false,"clickEffect":4,"paras":[400041000],"des":"兽潮阴影掉落BUFF（未使用）","canBreak":false,"showName":false}},
{"id":"artifact:10010","key":10010,"value":{"name":"采集物测试","appearance":35023,"triggerCondition":2,"guardRadius":1,"triggerTargetType":1,"openTime":5,"openTimes":1,"canBreak":true,"canChoose":true,"refreshTime":2,"showName":true,"clickEffect":1,"paras":[212020001,1],"map":"2010;61;103","des":"（未使用）"}},
{"id":"artifact:10020","key":10020,"value":{"name":"四海圣剑","appearance":35001,"triggerCondition":2,"guardRadius":1,"triggerTargetType":1,"openTime":5,"openTimes":1,"canBreak":true,"canChoose":true,"refreshTime":2,"showName":true,"clickEffect":0,"map":"1010","des":"任务目标测试（未使用）"}},
{"id":"artifact:10021","key":10021,"value":{"name":"钢铁矮人•艾伦塔尔","appearance":31099,"triggerCondition":0,"triggerTargetType":1,"canChoose":true,"showName":true,"clickEffect":0,"des":"灼魂铁炉假BOSS","canBreak":false}},
{"id":"artifact:10022","key":10022,"value":{"name":"爆浆碎岩","appearance":35023,"scale":200,"triggerCondition":2,"guardRadius":3,"triggerTargetType":1,"openTime":5,"openTimes":1,"canBreak":true,"canChoose":true,"refreshTime":-1,"showName":true,"clickEffect":9,"bornMotion":"res/effect/go_scene_huoyu_02.go","des":"灼魂铁炉采集物"}},
{"id":"artifact:10023","key":10023,"value":{"name":"钢之光盾","appearance":35022,"triggerCondition":1,"guardRadius":3,"triggerTargetType":1,"canChoose":false,"showName":false,"clickEffect":5,"des":"灼魂铁炉盾","canBreak":false}},
{"id":"artifact:10025","key":10025,"value":{"name":"炼金桌","appearance":35015,"triggerCondition":1,"guardRadius":3,"triggerTargetType":1,"canChoose":false,"showName":false,"clickEffect":5,"des":"章节副本-魔女之惑","canBreak":false}},
{"id":"artifact:10026","key":10026,"value":{"name":"炼金池特效红","appearance":35010,"triggerCondition":0,"triggerTargetType":1,"canChoose":false,"showName":false,"clickEffect":0,"des":"章节副本-魔女之惑","canBreak":false}},
{"id":"artifact:10027","key":10027,"value":{"name":"炼金池特效绿","appearance":35011,"triggerCondition":0,"triggerTargetType":1,"canChoose":false,"showName":false,"clickEffect":0,"des":"章节副本-魔女之惑","canBreak":false}},
{"id":"artifact:10028","key":10028,"value":{"name":"炼金池特效蓝","appearance":35012,"triggerCondition":0,"triggerTargetType":1,"canChoose":false,"showName":false,"clickEffect":0,"des":"章节副本-魔女之惑","canBreak":false}},
{"id":"artifact:10029","key":10029,"value":{"name":"炼金池特效黄","appearance":35013,"triggerCondition":0,"triggerTargetType":1,"canChoose":false,"showName":false,"clickEffect":0,"des":"章节副本-魔女之惑","canBreak":false}},
{"id":"artifact:10030","key":10030,"value":{"name":"炼金池","appearance":35017,"scale":280,"triggerCondition":1,"guardRadius":3,"triggerTargetType":1,"canChoose":false,"showName":false,"clickEffect":5,"des":"章节副本-魔女之惑","canBreak":false}},
{"id":"artifact:10031","key":10031,"value":{"name":"兽潮阴影阵法","appearance":35006,"triggerCondition":0,"triggerTargetType":1,"canChoose":false,"showName":false,"clickEffect":0,"des":"章节副本-兽潮阴影","canBreak":false}},
{"id":"artifact:10032","key":10032,"value":{"name":"兽潮阴影阵法","appearance":35007,"triggerCondition":0,"triggerTargetType":1,"canChoose":false,"showName":false,"clickEffect":0,"des":"章节副本-兽潮阴影","canBreak":false}},
{"id":"artifact:10033","key":10033,"value":{"name":"兽潮阴影阵法","appearance":35008,"triggerCondition":0,"triggerTargetType":1,"canChoose":false,"showName":false,"clickEffect":0,"des":"章节副本-兽潮阴影","canBreak":false}},
{"id":"artifact:10034","key":10034,"value":{"name":"兽潮阴影阵法","appearance":35009,"triggerCondition":0,"triggerTargetType":1,"canChoose":false,"showName":false,"clickEffect":0,"des":"章节副本-兽潮阴影","canBreak":false}},
{"id":"artifact:10035","key":10035,"value":{"name":"炼金架","appearance":35016,"triggerCondition":1,"guardRadius":3,"triggerTargetType":1,"canChoose":false,"showName":false,"clickEffect":5,"des":"章节副本-魔女之惑","canBreak":false}},
{"id":"artifact:10036","key":10036,"value":{"name":"路径点","appearance":41002,"triggerCondition":1,"guardRadius":1,"triggerTargetType":1,"canChoose":false,"showName":false,"clickEffect":8,"des":"副本路径点","canBreak":false}},
{"id":"artifact:10037","key":10037,"value":{"name":"篝火","appearance":35038,"triggerCondition":0,"triggerTargetType":1,"canChoose":false,"showName":false,"clickEffect":0,"des":"风车镇特效物件","canBreak":false}},
{"id":"artifact:10038","key":10038,"value":{"name":"火堆","appearance":41003,"triggerCondition":2,"guardRadius":3,"triggerTargetType":1,"openTime":3,"openTimes":1,"canBreak":true,"canChoose":true,"refreshTime":-1,"showName":true,"clickEffect":9,"des":"风车镇物件"}},
{"id":"artifact:10039","key":10039,"value":{"name":"采集点","appearance":41003,"triggerCondition":2,"guardRadius":3,"triggerTargetType":1,"openTime":3,"openTimes":1,"canBreak":true,"canChoose":true,"refreshTime":-1,"showName":false,"clickEffect":1}},
{"id":"artifact:101801","key":101801,"value":{"name":"王宫","appearance":41001,"triggerCondition":1,"guardRadius":3,"triggerTargetType":1,"canBreak":false,"canChoose":true,"showName":true,"clickEffect":2,"paras":[1011],"map":"1010;161;65","des":"卡诺萨城传王宫"}},
{"id":"artifact:101802","key":101802,"value":{"name":"雷鸣大陆","appearance":41001,"triggerCondition":1,"guardRadius":3,"triggerTargetType":1,"canBreak":false,"canChoose":true,"showName":true,"clickEffect":2,"paras":[2010,130,276],"map":"1010;110;42","des":"卡诺萨城传雷鸣大陆"}},
{"id":"artifact:101901","key":101901,"value":{"name":"魔魂水晶","appearance":35003,"triggerCondition":2,"guardRadius":1,"triggerTargetType":1,"openTime":3,"openTimes":1,"canBreak":true,"canChoose":true,"refreshTime":1,"showName":false,"clickEffect":13,"map":"1010;141;165","des":"主线调查物"}},
{"id":"artifact:101902","key":101902,"value":{"name":"圣剑剑灵","appearance":35023,"triggerCondition":2,"guardRadius":1,"triggerTargetType":1,"openTime":3,"openTimes":1,"canBreak":true,"canChoose":true,"refreshTime":1,"showName":false,"clickEffect":13,"map":"1010;111;148;1;1","des":"主线调查物","dynamic":1}},
{"id":"artifact:104801","key":104801,"value":{"name":"卡诺萨城","appearance":41001,"triggerCondition":1,"guardRadius":3,"triggerTargetType":1,"canBreak":false,"canChoose":true,"showName":true,"clickEffect":2,"paras":[1010,155,65],"des":"王宫传卡诺萨城"}},
{"id":"artifact:201801","key":201801,"value":{"name":"卡诺萨城","appearance":41001,"triggerCondition":1,"guardRadius":3,"triggerTargetType":1,"canBreak":false,"canChoose":true,"showName":true,"clickEffect":2,"paras":[1010,110,50],"map":"2010;129;284","des":"雷鸣大陆传卡诺萨城"}},
{"id":"artifact:201802","key":201802,"value":{"name":"隐雾沼泽","appearance":41005,"triggerCondition":1,"guardRadius":3,"triggerTargetType":1,"canBreak":false,"canChoose":true,"showName":false,"clickEffect":2,"paras":[2020,319,158],"map":"2010;144;17","des":"雷鸣大陆传隐雾沼泽"}},
{"id":"artifact:201901","key":201901,"value":{"name":"法力晶石","appearance":35028,"scale":60,"triggerCondition":2,"guardRadius":1,"triggerTargetType":1,"openTime":2,"openTimes":1,"canBreak":true,"canChoose":true,"refreshTime":1,"showName":true,"clickEffect":7,"paras":[212020101,1],"map":"2010;207;220","des":"主线采集物"}},
{"id":"artifact:201902","key":201902,"value":{"name":"奥法魔石","appearance":35004,"triggerCondition":2,"guardRadius":1,"triggerTargetType":1,"openTime":3,"openTimes":1,"canBreak":true,"canChoose":true,"refreshTime":1,"showName":false,"clickEffect":13,"map":"2010;180;142","des":"主线调查物"}},
{"id":"artifact:201903","key":201903,"value":{"name":"仓储食物","appearance":35030,"scale":50,"triggerCondition":2,"guardRadius":1,"triggerTargetType":1,"openTime":2,"openTimes":1,"canBreak":true,"canChoose":true,"refreshTime":1,"showName":true,"clickEffect":7,"paras":[212020103,1],"map":"2010;123;206","des":"主线采集物"}},
{"id":"artifact:201904","key":201904,"value":{"name":"止血草","appearance":35027,"triggerCondition":2,"guardRadius":1,"triggerTargetType":1,"openTime":1,"openTimes":1,"canBreak":true,"canChoose":true,"refreshTime":1,"showName":true,"clickEffect":7,"paras":[212020104,1],"map":"2010;76;212","des":"主线采集物"}},
{"id":"artifact:201905","key":201905,"value":{"name":"约翰的花田","appearance":35061,"triggerCondition":2,"guardRadius":1,"triggerTargetType":1,"openTime":1,"openTimes":1,"canBreak":true,"canChoose":true,"refreshTime":1,"showName":true,"clickEffect":7,"paras":[212020105,1],"map":"2010;139;139","des":"主线采集物"}},
{"id":"artifact:202801","key":202801,"value":{"name":"雷鸣大陆","appearance":41005,"triggerCondition":1,"guardRadius":3,"triggerTargetType":1,"canBreak":false,"canChoose":true,"showName":true,"clickEffect":2,"paras":[2010,144,24],"map":"2020;334;178","des":"隐雾沼泽传雷鸣大陆"}},
{"id":"artifact:202802","key":202802,"value":{"name":"砺风戈壁","appearance":41005,"triggerCondition":1,"guardRadius":3,"triggerTargetType":1,"canBreak":false,"canChoose":true,"showName":true,"clickEffect":2,"paras":[2030,268,193],"map":"2020;43;173","des":"隐雾沼泽传砺风戈壁"}},
{"id":"artifact:202901","key":202901,"value":{"name":"紫香花","appearance":35064,"triggerCondition":2,"guardRadius":1,"triggerTargetType":1,"openTime":2,"openTimes":1,"canBreak":true,"canChoose":true,"refreshTime":2,"showName":true,"clickEffect":7,"paras":[212020201,1],"map":"2020;284;106","des":"主线采集物,临时模型"}},
{"id":"artifact:202902","key":202902,"value":{"name":"装箱的武器","appearance":35063,"triggerCondition":2,"guardRadius":1,"triggerTargetType":1,"openTime":2,"openTimes":1,"canBreak":true,"canChoose":true,"refreshTime":2,"showName":true,"clickEffect":7,"paras":[212020202,1],"map":"2020;243;84","des":"主线采集物,临时模型"}},
{"id":"artifact:202903","key":202903,"value":{"name":"魔化的武器","appearance":35065,"triggerCondition":2,"guardRadius":1,"triggerTargetType":1,"openTime":2,"openTimes":1,"canBreak":true,"canChoose":true,"refreshTime":2,"showName":true,"clickEffect":7,"paras":[212020203,1],"map":"2020;143;64","des":"主线采集物,临时模型"}},
{"id":"artifact:202904","key":202904,"value":{"name":"摩塞亚的记号","appearance":35011,"triggerCondition":2,"guardRadius":1,"triggerTargetType":1,"openTime":3,"openTimes":1,"canBreak":true,"canChoose":true,"refreshTime":1,"showName":false,"clickEffect":13,"map":"2020;190;140;0;1","des":"主线调查物","dynamic":1}},
{"id":"artifact:202905","key":202905,"value":{"name":"军需物资","appearance":35030,"scale":50,"triggerCondition":2,"guardRadius":1,"triggerTargetType":1,"openTime":2,"openTimes":1,"canBreak":true,"canChoose":true,"refreshTime":2,"showName":true,"clickEffect":7,"paras":[212020205,1],"map":"2020;214;318","des":"主线采集物,临时模型"}},
{"id":"artifact:203801","key":203801,"value":{"name":"隐雾沼泽","appearance":41005,"triggerCondition":1,"guardRadius":3,"triggerTargetType":1,"canBreak":false,"canChoose":true,"showName":true,"clickEffect":2,"paras":[2020,64,176],"map":"2030;272;205","des":"砺风戈壁传隐雾沼泽"}},
{"id":"artifact:203802","key":203802,"value":{"name":"迷梦沼泽","appearance":41005,"triggerCondition":1,"guardRadius":3,"triggerTargetType":1,"canBreak":false,"canChoose":true,"showName":true,"clickEffect":2,"paras":[2040,325,335],"map":"2030;20;116","des":"砺风戈壁传迷梦沼泽"}},
{"id":"artifact:203901","key":203901,"value":{"name":"盛满的水桶","appearance":35030,"scale":40,"triggerCondition":2,"guardRadius":1,"triggerTargetType":1,"openTime":2,"openTimes":1,"canBreak":true,"canChoose":true,"refreshTime":2,"showName":true,"clickEffect":7,"paras":[212020301,1],"map":"2030;106;178","des":"主线采集物"}},
{"id":"artifact:203902","key":203902,"value":{"name":"沙海盐晶","appearance":35028,"triggerCondition":2,"guardRadius":1,"triggerTargetType":1,"openTime":2,"openTimes":1,"canBreak":true,"canChoose":true,"refreshTime":2,"showName":true,"clickEffect":7,"paras":[212020302,1],"map":"2030;114;89","des":"主线采集物"}},
{"id":"artifact:203903","key":203903,"value":{"name":"光之矿石","appearance":35023,"triggerCondition":2,"guardRadius":1,"triggerTargetType":1,"openTime":2,"openTimes":1,"canBreak":true,"canChoose":true,"refreshTime":2,"showName":true,"clickEffect":7,"paras":[212020303,1],"map":"2030;88;122","des":"主线采集物"}},
{"id":"artifact:204801","key":204801,"value":{"name":"砺风戈壁","appearance":41001,"triggerCondition":1,"guardRadius":3,"triggerTargetType":1,"canBreak":false,"canChoose":true,"showName":true,"clickEffect":2,"paras":[2030,20,113],"map":"2040;335;341","des":"迷梦沼泽传砺风戈壁"}},
{"id":"artifact:204802","key":204802,"value":{"name":"卡诺萨城","appearance":41001,"triggerCondition":1,"guardRadius":3,"triggerTargetType":1,"canBreak":false,"canChoose":true,"showName":true,"clickEffect":2,"paras":[2050,95,85],"map":"2040;373;29","des":"迷梦沼泽传亚维特岛"}},
{"id":"artifact:204901","key":204901,"value":{"name":"醒梦花","appearance":35064,"triggerCondition":2,"guardRadius":2,"triggerTargetType":1,"openTime":2,"openTimes":1,"canBreak":true,"canChoose":true,"refreshTime":2,"showName":true,"clickEffect":7,"paras":[212020401,1],"map":"2040;127;355","des":"主线采集物"}},
{"id":"artifact:204902","key":204902,"value":{"name":"迷梦昙花","appearance":35061,"triggerCondition":2,"guardRadius":2,"triggerTargetType":1,"openTime":2,"openTimes":1,"canBreak":true,"canChoose":true,"refreshTime":2,"showName":true,"clickEffect":7,"paras":[212020402,1],"map":"2040;275;96","des":"主线采集物"}},
{"id":"artifact:204903","key":204903,"value":{"name":"解毒草","appearance":35027,"scale":40,"triggerCondition":2,"guardRadius":2,"triggerTargetType":1,"openTime":2,"openTimes":1,"canBreak":true,"canChoose":true,"refreshTime":2,"showName":true,"clickEffect":7,"paras":[212020403,1],"map":"2040;142;108","des":"主线采集物"}},
{"id":"artifact:205801","key":205801,"value":{"name":"迷梦沼泽","appearance":41001,"triggerCondition":1,"guardRadius":3,"triggerTargetType":1,"canBreak":false,"canChoose":true,"showName":true,"clickEffect":2,"paras":[2040,273,42],"map":"2050;85;95","des":"亚维特岛传迷梦沼泽"}},
{"id":"artifact:205802","key":205802,"value":{"name":"雪狼冰原","appearance":41001,"triggerCondition":1,"guardRadius":3,"triggerTargetType":1,"canBreak":false,"canChoose":true,"showName":true,"clickEffect":2,"paras":[2060,140,175],"map":"2050;94;64","des":"亚维特岛传雪狼冰原"}},
{"id":"artifact:205901","key":205901,"value":{"name":"蛇胆花","appearance":35026,"triggerCondition":2,"guardRadius":1,"triggerTargetType":1,"openTime":2,"openTimes":1,"canBreak":true,"canChoose":true,"refreshTime":2,"showName":true,"clickEffect":7,"paras":[212020501,1],"map":"2050;38;157","des":"主线采集物"}},
{"id":"artifact:205902","key":205902,"value":{"name":"防御陷阱","appearance":35024,"scale":120,"triggerCondition":2,"guardRadius":1,"triggerTargetType":1,"openTime":2,"openTimes":1,"canBreak":true,"canChoose":true,"refreshTime":2,"showName":true,"clickEffect":13,"map":"2050;165;121","des":"主线调查物"}},
{"id":"artifact:205903","key":205903,"value":{"name":"野山兰","appearance":35064,"triggerCondition":2,"guardRadius":1,"triggerTargetType":1,"openTime":2,"openTimes":1,"canBreak":true,"canChoose":true,"refreshTime":2,"showName":true,"clickEffect":7,"paras":[212020503,1],"map":"2050;222;263","des":"主线采集物"}},
{"id":"artifact:205904","key":205904,"value":{"name":"朗姆酒","appearance":35030,"scale":50,"triggerCondition":2,"guardRadius":1,"triggerTargetType":1,"openTime":2,"openTimes":1,"canBreak":true,"canChoose":true,"refreshTime":2,"showName":true,"clickEffect":7,"paras":[212020504,1],"map":"2050;287;156","des":"主线采集物"}},
{"id":"artifact:206801","key":206801,"value":{"name":"亚维特岛","appearance":41001,"triggerCondition":1,"guardRadius":3,"triggerTargetType":1,"canBreak":false,"canChoose":true,"showName":true,"clickEffect":2,"paras":[2050,95,75],"map":"2060;148;173","des":"雪狼冰原传亚维特岛"}},
{"id":"artifact:206802","key":206802,"value":{"name":"自然女神","appearance":41001,"triggerCondition":1,"guardRadius":3,"triggerTargetType":1,"canBreak":false,"canChoose":true,"showName":true,"clickEffect":2,"paras":[2070,310,130],"map":"2060;209;150","des":"雪狼冰原传自然女神"}},
{"id":"artifact:206901","key":206901,"value":{"name":"军事补给","appearance":35063,"triggerCondition":2,"guardRadius":1,"triggerTargetType":1,"openTime":2,"openTimes":1,"canBreak":true,"canChoose":true,"refreshTime":2,"showName":true,"clickEffect":7,"paras":[212020601,1],"map":"2060;94;158","des":"主线采集物"}},
{"id":"artifact:206902","key":206902,"value":{"name":"冰原结晶","appearance":35062,"triggerCondition":2,"guardRadius":1,"triggerTargetType":1,"openTime":2,"openTimes":1,"canBreak":true,"canChoose":true,"refreshTime":2,"showName":true,"clickEffect":7,"paras":[212020602,1],"map":"2060;109;134","des":"主线采集物"}},
{"id":"artifact:206903","key":206903,"value":{"name":"龙火酒","appearance":35030,"scale":50,"triggerCondition":2,"guardRadius":1,"triggerTargetType":1,"openTime":2,"openTimes":1,"canBreak":true,"canChoose":true,"refreshTime":2,"showName":true,"clickEffect":7,"paras":[212020603,1],"map":"2060;63;79","des":"主线采集物"}},
{"id":"artifact:207801","key":207801,"value":{"name":"冰狼雪原","appearance":41001,"triggerCondition":1,"guardRadius":3,"triggerTargetType":1,"canBreak":false,"canChoose":true,"showName":true,"clickEffect":2,"paras":[2060,211,134],"map":"2070;322;131","des":"自然女神传雪狼冰原"}},
{"id":"artifact:207802","key":207802,"value":{"name":"失落高地","appearance":41001,"triggerCondition":1,"guardRadius":3,"triggerTargetType":1,"canBreak":false,"canChoose":true,"showName":true,"clickEffect":2,"map":"2070;22;243","des":"自然女神传失落高地"}},
{"id":"artifact:207901","key":207901,"value":{"name":"清凉花","appearance":35026,"triggerCondition":2,"guardRadius":1,"triggerTargetType":1,"openTime":2,"openTimes":1,"canBreak":true,"canChoose":true,"refreshTime":2,"showName":true,"clickEffect":7,"paras":[212020701,1],"map":"2070;221;215","des":"主线采集物"}},
{"id":"artifact:207902","key":207902,"value":{"name":"水壶草","appearance":35027,"triggerCondition":2,"guardRadius":1,"triggerTargetType":1,"openTime":2,"openTimes":1,"canBreak":true,"canChoose":true,"refreshTime":2,"showName":true,"clickEffect":7,"paras":[212020702,1],"map":"2070;220;213","des":"主线采集物"}},
{"id":"artifact:207903","key":207903,"value":{"name":"饮用淡水","appearance":35025,"scale":50,"triggerCondition":2,"guardRadius":1,"triggerTargetType":1,"openTime":2,"openTimes":1,"canBreak":true,"canChoose":true,"refreshTime":2,"showName":true,"clickEffect":7,"paras":[212020703,1],"map":"2070;200;104","des":"主线采集物"}},
{"id":"artifact:311001","key":311001,"value":{"name":"宴会酒桌","appearance":35045,"triggerCondition":2,"guardRadius":1,"triggerTargetType":1,"openTime":10,"openTimes":10,"canBreak":false,"canChoose":true,"showName":true,"clickEffect":10,"des":"军团宴会宴请宾客酒桌"}},
{"id":"artifact:405001","key":405001,"value":{"name":"萨尔瓦保护阵法","appearance":35009,"scale":150,"triggerCondition":1,"guardRadius":5,"triggerTargetType":1,"canChoose":false,"showName":false,"clickEffect":5,"des":"兽潮阴影阻挡","canBreak":false}},
{"id":"artifact:405002","key":405002,"value":{"name":"阵法阵眼","appearance":35013,"triggerCondition":0,"triggerTargetType":1,"canChoose":false,"showName":false,"clickEffect":0,"des":"兽潮阴影场景特效","canBreak":false}},
{"id":"artifact:408001","key":408001,"value":{"name":"战神宝箱","appearance":35037,"scale":100,"triggerCondition":0,"triggerTargetType":1,"canChoose":false,"showName":true,"clickEffect":0,"des":"战神藏宝室物件","canBreak":false}},
{"id":"artifact:511801","key":511801,"value":{"name":"冰封虫穴虫洞","appearance":35052,"triggerCondition":0,"canChoose":false,"showName":false,"clickEffect":0,"dieMotion":"res/effect/go_chongdong_eff01.go","paras":[0],"des":"星级副本怪物物件","canBreak":false}},
{"id":"artifact:511802","key":511802,"value":{"name":"不朽之墓墓碑","appearance":35035,"scale":60,"triggerCondition":0,"canChoose":false,"showName":false,"clickEffect":0,"paras":[0],"des":"星级副本怪物物件","canBreak":false}},
{"id":"artifact:511803","key":511803,"value":{"name":"黑化剑士黑洞","appearance":35024,"triggerCondition":0,"canChoose":false,"showName":false,"clickEffect":0,"dieMotion":"res/effect/go_m_b_gangjiamogen_eff01.go","paras":[0],"des":"星级副本怪物物件","canBreak":false}},
{"id":"artifact:511804","key":511804,"value":{"name":"夜狼星崖裂缝","appearance":35024,"triggerCondition":0,"canChoose":false,"showName":false,"clickEffect":0,"dieMotion":"res/effect/go_m_b_gangjiamogen_eff01.go","paras":[0],"des":"星级副本怪物物件","canBreak":false}},
{"id":"artifact:605801","key":605801,"value":{"name":"墓碑","appearance":35035,"triggerCondition":0,"triggerTargetType":1,"canChoose":false,"showName":true,"clickEffect":6,"des":"世界BOSS死亡墓碑","canBreak":false}},
{"id":"artifact:609801","key":609801,"value":{"name":"星级宝箱","appearance":35037,"scale":300,"triggerCondition":0,"triggerTargetType":1,"canChoose":false,"showName":false,"clickEffect":0,"des":"金币本星级宝箱","canBreak":false}},
{"id":"artifact:610001","key":610001,"value":{"name":"白色旗帜","appearance":35051,"triggerCondition":0,"clickEffect":12,"des":"军团争霸旗帜","canBreak":false,"showName":false,"canChoose":false}},
{"id":"artifact:610002","key":610002,"value":{"name":"蓝色旗帜","appearance":35052,"triggerCondition":0,"clickEffect":12,"des":"军团争霸旗帜","canBreak":false,"showName":false,"canChoose":false}},
{"id":"artifact:610003","key":610003,"value":{"name":"红色旗帜","appearance":35053,"triggerCondition":0,"canChoose":false,"showName":false,"clickEffect":12,"des":"军团争霸旗帜","canBreak":false}},
{"id":"artifact:610801","key":610801,"value":{"name":"战场废墟","appearance":30076,"triggerCondition":0,"triggerTargetType":1,"canChoose":false,"showName":true,"clickEffect":6,"des":"圣域战场废墟","canBreak":false}},
{"id":"artifact:610802","key":610802,"value":{"name":"战场废墟","appearance":30077,"triggerCondition":0,"triggerTargetType":1,"canChoose":false,"showName":true,"clickEffect":6,"des":"圣域战场废墟","canBreak":false}},
{"id":"artifact:610811","key":610811,"value":{"name":"战场法阵","appearance":35006,"canChoose":false,"clickEffect":5,"des":"圣域战场法阵","canBreak":false,"showName":false}},
{"id":"artifact:610812","key":610812,"value":{"name":"战场法阵","appearance":35007,"canChoose":false,"clickEffect":5,"des":"圣域战场法阵","canBreak":false,"showName":false}},
{"id":"artifact:620001","key":620001,"value":{"name":"兽魂祭坛","appearance":35080,"triggerCondition":2,"guardRadius":1,"triggerTargetType":1,"openTime":1,"canChoose":true,"showName":true,"clickEffect":15,"des":"兽魂之地地图物件","canBreak":false}},
{"id":"artifact:620002","key":620002,"value":{"name":"兽魂祭坛","appearance":35081,"triggerCondition":2,"guardRadius":1,"triggerTargetType":1,"openTime":1,"canChoose":true,"showName":true,"clickEffect":15,"des":"兽魂之地地图物件","canBreak":false}},
{"id":"artifact:620003","key":620003,"value":{"name":"兽魂祭坛","appearance":35082,"triggerCondition":2,"guardRadius":1,"triggerTargetType":1,"openTime":1,"canChoose":true,"showName":true,"clickEffect":15,"des":"兽魂之地地图物件","canBreak":false}},
{"id":"artifact:620004","key":620004,"value":{"name":"兽魂祭坛","appearance":35083,"triggerCondition":2,"guardRadius":1,"triggerTargetType":1,"openTime":1,"canChoose":true,"showName":true,"clickEffect":15,"des":"兽魂之地地图物件","canBreak":false}},
{"id":"artifact:620005","key":620005,"value":{"name":"兽魂祭坛","appearance":35084,"triggerCondition":2,"guardRadius":1,"triggerTargetType":1,"openTime":1,"canChoose":true,"showName":true,"clickEffect":15,"des":"兽魂之地地图物件","canBreak":false}},
{"id":"artifact:620801","key":620801,"value":{"name":"无城主","appearance":35041,"triggerCondition":0,"triggerTargetType":1,"canChoose":true,"showName":true,"specialName":"卡诺萨城主","clickEffect":11,"map":"1010;140;58;-0.813;-0.582","des":"卡诺萨城主","canBreak":false}},
{"id":"artifact:620802","key":620802,"value":{"name":"男战士城主","appearance":35042,"triggerCondition":0,"triggerTargetType":1,"canChoose":true,"showName":true,"specialName":"卡诺萨城主","clickEffect":11,"map":"1010;140;58;-0.813;-0.582","des":"卡诺萨城主","canBreak":false}},
{"id":"artifact:620803","key":620803,"value":{"name":"女法师城主","appearance":35043,"triggerCondition":0,"triggerTargetType":1,"canChoose":true,"showName":true,"specialName":"卡诺萨城主","clickEffect":11,"map":"1010;140;58;-0.813;-0.582","des":"卡诺萨城主","canBreak":false}},
{"id":"artifact:620804","key":620804,"value":{"name":"男血族城主","appearance":35044,"triggerCondition":0,"triggerTargetType":1,"canChoose":true,"showName":true,"specialName":"卡诺萨城主","clickEffect":11,"map":"1010;140;58;-0.813;-0.582","des":"卡诺萨城主","canBreak":false}},
{"id":"artifact:705901","key":705901,"value":{"name":"花园中枢","appearance":35020,"scale":80,"triggerCondition":2,"guardRadius":3,"triggerTargetType":1,"openTime":3,"openTimes":1,"canBreak":true,"canChoose":true,"refreshTime":-1,"showName":true,"clickEffect":1,"des":"遗忘花园采集物件"}},
{"id":"artifact:710001","key":710001,"value":{"name":"熔岩巨兽·盖尔","appearance":36001,"showName":false,"clickEffect":14,"des":"熔岩巨兽·盖尔","canBreak":false,"canChoose":false}},
{"id":"artifact:710002","key":710002,"value":{"name":"深水魔女·席丽丝","appearance":36002,"clickEffect":14,"des":"深水魔女·席丽丝","canBreak":false,"showName":false,"canChoose":false}},
{"id":"artifact:710003","key":710003,"value":{"name":"虫王斯诺西技能","appearance":36001,"clickEffect":14,"des":"虫王斯诺西技能","canBreak":false,"showName":false,"canChoose":false}},
{"id":"artifact:710004","key":710004,"value":{"name":"哀嚎女妖技能","appearance":36003,"clickEffect":14,"des":"哀嚎女妖技能","canBreak":false,"showName":false,"canChoose":false}},
{"id":"artifact:710005","key":710005,"value":{"name":"死亡骑士技能","appearance":36004,"clickEffect":14,"des":"死亡骑士技能","canBreak":false,"showName":false,"canChoose":false}},
{"id":"artifact:710006","key":710006,"value":{"name":"不朽之王技能","appearance":36005,"clickEffect":14,"des":"不朽之王技能","canBreak":false,"showName":false,"canChoose":false}},
{"id":"artifact:710007","key":710007,"value":{"name":"拉法尔技能","appearance":36006,"clickEffect":14,"des":"拉法尔技能","canBreak":false,"showName":false,"canChoose":false}}
]}
