{"total_rows":2,"offset":0,"rows":[
{"id":"treasure_map:1","key":208020701,"value":{"itemId":208020701,"itemName":"普通藏宝图","limitTimes":-1,"personLimit":-1,"forLeader":false,"config":[{"scope":[1,60],"map":[2010]},{"scope":[60,120],"map":[2010,2020]},{"scope":[120,180],"map":[2010,2020,2030]},{"scope":[180,230],"map":[2010,2020,2030,2040]},{"scope":[230,270],"map":[2010,2020,2030,2040,2050]},{"scope":[270,300],"map":[2010,2020,2030,2040,2050,2060]}],"positions":{"2010":[{"x":206,"y":243,"id":1},{"x":270,"y":183,"id":2},{"x":193,"y":132,"id":3},{"x":39,"y":129,"id":4},{"x":112,"y":52,"id":5}],"2020":[{"x":138,"y":108,"id":1},{"x":89,"y":104,"id":2},{"x":85,"y":53,"id":3}],"2030":[{"x":138,"y":108,"id":1},{"x":89,"y":104,"id":2},{"x":85,"y":53,"id":3}],"2040":[{"x":25,"y":15,"id":1},{"x":36,"y":54,"id":2},{"x":98,"y":78,"id":3}],"2050":[{"x":30,"y":94,"id":1},{"x":80,"y":95,"id":2},{"x":110,"y":43,"id":3}],"2060":[{"x":138,"y":108,"id":1},{"x":89,"y":104,"id":2},{"x":85,"y":53,"id":3}]},"effects":[{"type":1,"params":[823010001,50]},{"type":2,"params":[823010002,40]},{"type":3,"params":[614301,10]},{"type":4,"params":[302001,0]}]}},
{"id":"treasure_map:2","key":208020702,"value":{"itemId":208020702,"itemName":"高级藏宝图","limitTimes":-1,"personLimit":3,"forLeader":true,"config":[{"scope":[1,60],"map":[2010]},{"scope":[60,120],"map":[2010,2020]},{"scope":[120,180],"map":[2010,2020,2030]},{"scope":[180,230],"map":[2010,2020,2030,2040]},{"scope":[230,270],"map":[2010,2020,2030,2040,2050]},{"scope":[270,300],"map":[2010,2020,2030,2040,2050,2060]}],"positions":{"2010":[{"x":206,"y":243,"id":1},{"x":270,"y":183,"id":2},{"x":193,"y":132,"id":3},{"x":39,"y":129,"id":4},{"x":112,"y":52,"id":5}],"2020":[{"x":138,"y":108,"id":1},{"x":89,"y":104,"id":2},{"x":85,"y":53,"id":3}],"2030":[{"x":138,"y":108,"id":1},{"x":89,"y":104,"id":2},{"x":85,"y":53,"id":3}],"2040":[{"x":25,"y":15,"id":1},{"x":36,"y":54,"id":2},{"x":98,"y":78,"id":3}],"2050":[{"x":30,"y":94,"id":1},{"x":80,"y":95,"id":2},{"x":110,"y":43,"id":3}],"2060":[{"x":138,"y":108,"id":1},{"x":89,"y":104,"id":2},{"x":85,"y":53,"id":3}]},"effects":[{"type":1,"params":[823020001,50]},{"type":2,"params":[823020002,40]},{"type":3,"params":[614301,10]},{"type":4,"params":[302001,0]}]}}
]}
