{"total_rows":22,"offset":0,"rows":[
{"id":"spell_field:400000000","key":400000000,"value":{"name":"烈焰守卫技能","postion":"1","aoeType":2,"aoeRadius":"2","isFollowStage":true,"isFollowStageMove":false,"duration":5,"camp":3,"isTriggerDisappear":false,"gapTime":1,"targetLimit":99,"buffId":400118000,"isTalisman":false}},
{"id":"spell_field:400001000","key":400001000,"value":{"name":"寒冰守卫技能","postion":"1","aoeType":2,"aoeRadius":"2","isFollowStage":true,"isFollowStageMove":false,"duration":5,"camp":3,"isTriggerDisappear":false,"gapTime":1,"targetLimit":99,"buffId":400119000,"isTalisman":false}},
{"id":"spell_field:400002000","key":400002000,"value":{"name":"雷暴守卫技能","postion":"1","aoeType":2,"aoeRadius":"2","isFollowStage":true,"isFollowStageMove":false,"duration":5,"camp":3,"isTriggerDisappear":false,"gapTime":1,"targetLimit":99,"buffId":400121000,"isTalisman":false}},
{"id":"spell_field:400003000","key":400003000,"value":{"name":"岩石守卫技能","postion":"1","aoeType":2,"aoeRadius":"2","isFollowStage":true,"isFollowStageMove":false,"duration":5,"camp":3,"isTriggerDisappear":false,"gapTime":1,"targetLimit":99,"buffId":400122000,"isTalisman":false}},
{"id":"spell_field:400005000","key":400005000,"value":{"name":"虫王斯诺西技能","postion":"1","aoeType":2,"aoeRadius":"2","isFollowStage":true,"isFollowStageMove":true,"duration":6,"camp":3,"isTriggerDisappear":false,"gapTime":1,"targetLimit":99,"buffId":400125000,"isTalisman":false}},
{"id":"spell_field:400010000","key":400010000,"value":{"name":"副本减速","postion":"1","aoeType":2,"aoeRadius":"2","isFollowStage":false,"isFollowStageMove":false,"duration":15,"camp":3,"isTriggerDisappear":false,"gapTime":1,"targetLimit":99,"buffId":400014000,"isTalisman":false}},
{"id":"spell_field:415005000","key":415005000,"value":{"name":"虫王斯诺西技能","postion":"0","aoeType":2,"aoeRadius":"4","isFollowStage":true,"isFollowStageMove":true,"duration":6,"camp":3,"isTriggerDisappear":false,"gapTime":1,"targetLimit":99,"buffId":400140000,"res":"710003","isTalisman":false}},
{"id":"spell_field:415006000","key":415006000,"value":{"name":"刺虫人技能","postion":"0","aoeType":2,"aoeRadius":"3","isFollowStage":true,"isFollowStageMove":true,"duration":5,"camp":3,"isTriggerDisappear":false,"gapTime":1,"targetLimit":99,"buffId":400142000,"isTalisman":false}},
{"id":"spell_field:415007000","key":415007000,"value":{"name":"哀嚎女妖技能","postion":"0","aoeType":2,"aoeRadius":"5","isFollowStage":true,"isFollowStageMove":false,"duration":5,"camp":3,"isTriggerDisappear":false,"gapTime":1,"targetLimit":99,"buffId":400143000,"res":"710004","isTalisman":false}},
{"id":"spell_field:415008000","key":415008000,"value":{"name":"死亡骑士技能","postion":"1","aoeType":4,"aoeWidth":"8","aoeHeight":"2","isFollowStage":true,"isFollowStageMove":false,"duration":5,"camp":3,"isTriggerDisappear":false,"gapTime":1,"targetLimit":99,"buffId":400144000,"res":"710005","isTalisman":false}},
{"id":"spell_field:415009000","key":415009000,"value":{"name":"不朽之王技能","postion":"0","aoeType":2,"aoeRadius":"4","isFollowStage":true,"isFollowStageMove":false,"duration":5,"camp":3,"isTriggerDisappear":false,"gapTime":1,"targetLimit":99,"buffId":400145000,"res":"710006","isTalisman":false}},
{"id":"spell_field:415011000","key":415011000,"value":{"name":"黑化的拉法尔技能2","postion":"0","aoeType":2,"aoeRadius":"5","isFollowStage":true,"isFollowStageMove":false,"duration":5,"camp":3,"isTriggerDisappear":false,"gapTime":1,"targetLimit":99,"buffId":400148000,"res":"710007","isTalisman":false}},
{"id":"spell_field:415012000","key":415012000,"value":{"name":"法宝-光明之盾","postion":"0","aoeType":2,"aoeRadius":"4","isFollowStage":true,"isFollowStageMove":false,"duration":5,"camp":2,"isTriggerDisappear":false,"gapTime":1,"targetLimit":6,"buffId":400132000,"res":"res/effect/go_zs_m03_skill03_eff01.go","isTalisman":true}},
{"id":"spell_field:415013000","key":415013000,"value":{"name":"法宝-惩戒之箭","postion":"0","aoeType":2,"aoeRadius":"4","isFollowStage":true,"isFollowStageMove":false,"duration":5,"camp":3,"isTriggerDisappear":false,"gapTime":1,"targetLimit":1,"buffId":400133000,"res":"res/effect/go_scene_jtzb_zyd_eff02.go","isTalisman":true}},
{"id":"spell_field:415014000","key":415014000,"value":{"name":"法宝-神圣新星","postion":"0","aoeType":2,"aoeRadius":"4","isFollowStage":true,"isFollowStageMove":false,"duration":5,"camp":3,"isTriggerDisappear":false,"gapTime":1,"targetLimit":10,"buffId":400134000,"res":"res/effect/go_scene_jtzb_zyd_eff02.go","isTalisman":true}},
{"id":"spell_field:415015000","key":415015000,"value":{"name":"复仇骑士·阿拉玛技能2","postion":"0","aoeType":2,"aoeRadius":"5","isFollowStage":true,"isFollowStageMove":false,"duration":5,"camp":3,"isTriggerDisappear":false,"gapTime":1,"targetLimit":99,"buffId":400179000,"isTalisman":false}},
{"id":"spell_field:415016000","key":415016000,"value":{"name":"深水魔女·席丽丝技能1","postion":"1","aoeType":2,"aoeRadius":"3","isFollowStage":false,"isFollowStageMove":false,"duration":10,"camp":3,"isTriggerDisappear":false,"gapTime":1,"targetLimit":99,"buffId":400117000,"res":"710002","isTalisman":false}},
{"id":"spell_field:415017000","key":415017000,"value":{"name":"熔岩巨兽·盖尔","postion":"1","aoeType":2,"aoeRadius":"2","isFollowStage":true,"isFollowStageMove":false,"duration":5,"camp":3,"isTriggerDisappear":false,"gapTime":1,"targetLimit":99,"buffId":400135000,"res":"710001","isTalisman":false}},
{"id":"spell_field:415018000","key":415018000,"value":{"name":"复仇骑士阿拉玛技能","postion":"1","aoeType":2,"aoeRadius":"2","isFollowStage":true,"isFollowStageMove":false,"duration":5,"camp":3,"isTriggerDisappear":false,"gapTime":1,"targetLimit":99,"buffId":400124000,"isTalisman":false}},
{"id":"spell_field:415019000","key":415019000,"value":{"name":"蜘蛛王后·艾达","postion":"1","aoeType":2,"aoeRadius":"2","isFollowStage":true,"isFollowStageMove":false,"duration":5,"camp":3,"isTriggerDisappear":false,"gapTime":1,"targetLimit":99,"buffId":400128000,"isTalisman":false}},
{"id":"spell_field:415020000","key":415020000,"value":{"name":"哀嚎女妖技能","postion":"1","aoeType":2,"aoeRadius":"2","isFollowStage":true,"isFollowStageMove":false,"duration":5,"camp":3,"isTriggerDisappear":false,"gapTime":1,"targetLimit":99,"buffId":400126000,"isTalisman":false}},
{"id":"spell_field:415021000","key":415021000,"value":{"name":"黑化的拉法儿技能","postion":"1","aoeType":2,"aoeRadius":"2","isFollowStage":false,"isFollowStageMove":false,"duration":9999,"camp":3,"isTriggerDisappear":false,"gapTime":1,"targetLimit":99,"buffId":400127000,"isTalisman":false}}
]}
